Workbook

Sheet потребность
A1: Блок 14, ул. Токомбаева — потребность по этажам
A2: Арматура (чистая проектная масса, без запаса)
A3: Диаметр | B3: Ед. изм. | C3: 1 этаж (-0.050…+3.950) | F3: 2 этаж (+3.950…+7.550) | I3: Итого 1+2 этаж | J3: Итого × К зап | K3: Заказ (раскрой поэтажно под прутки 11,7 м)
C4: Колонны, диафрагмы | D4: Плита перекрытия, балки, ригели, С-1 | E4: Лестницы и лест. рамы | F4: Колонны, диафрагмы | G4: Плита перекрытия, балки, ригели, С-1 | H4: Лестницы и лест. рамы | K4: Прутков 11,7 м, шт | L4: Масса заказа, кг | M4: Отход, %
A5: Диаметр 32 А500С | B5: кг | C5: ='По осям'!AJ8*'По осям'!AK8 -> 2020.16 | D5: ='По осям'!AM8*'По осям'!AN8 -> 643.2947 | E5: ='По осям'!AP8*'По осям'!AQ8 -> 0 | F5: ='По осям'!AJ54*'По осям'!AK54 -> 0 | G5: ='По осям'!AM54*'По осям'!AN54 -> 707.056 | H5: ='По осям'!AP54*'По осям'!AQ54 -> 0 | I5: =SUM(C5:H5) -> 3370.5107 | J5: =I5*Исходные!$B$13 -> 3606.4464 | K5: ='Раскрой 11,7м'!D447 -> 55 | L5: ='Раскрой 11,7м'!E447 -> 4062.4155 | M5: ='Раскрой 11,7м'!H447 -> 0.17031857
A6: Диаметр 28 А500С | B6: кг | C6: ='По осям'!AJ9*'По осям'!AK9 -> 2010.944 | D6: ='По осям'!AM9*'По осям'!AN9 -> 4612.1194 | E6: ='По осям'!AP9*'По осям'!AQ9 -> 0 | F6: ='По осям'!AJ55*'По осям'!AK55 -> 1392.192 | G6: ='По осям'!AM55*'По осям'!AN55 -> 4718.4674 | H6: ='По осям'!AP55*'По осям'!AQ55 -> 0 | I6: =SUM(C6:H6) -> 12733.723 | J6: =I6*Исходные!$B$13 -> 13625.083 | K6: ='Раскрой 11,7м'!D448 -> 244 | L6: ='Раскрой 11,7м'!E448 -> 13800.103 | M6: ='Раскрой 11,7м'!H448 -> 0.077273364
A7: Диаметр 25 А500С | B7: кг | C7: ='По осям'!AJ10*'По осям'!AK10 -> 554.832 | D7: ='По осям'!AM10*'По осям'!AN10 -> 2915.1798 | E7: ='По осям'!AP10*'По осям'!AQ10 -> 82.37714 | F7: ='По осям'!AJ56*'По осям'!AK56 -> 832.248 | G7: ='По осям'!AM56*'По осям'!AN56 -> 2930.9771 | H7: ='По осям'!AP56*'По осям'!AQ56 -> 81.2983 | I7: =SUM(C7:H7) -> 7396.9123 | J7: =I7*Исходные!$B$13 -> 7914.6962 | K7: ='Раскрой 11,7м'!D449 -> 171 | L7: ='Раскрой 11,7м'!E449 -> 7708.6971 | M7: ='Раскрой 11,7м'!H449 -> 0.040445844
A8: Диаметр 22 А500С | B8: кг | C8: ='По осям'!AJ11*'По осям'!AK11 -> 468.488 | D8: ='По осям'!AM11*'По осям'!AN11 -> 644.8424 | E8: ='По осям'!AP11*'По осям'!AQ11 -> 0 | F8: ='По осям'!AJ57*'По осям'!AK57 -> 64.4544 | G8: ='По осям'!AM57*'По осям'!AN57 -> 631.116 | H8: ='По осям'!AP57*'По осям'!AQ57 -> 0 | I8: =SUM(C8:H8) -> 1808.9008 | J8: =I8*Исходные!$B$13 -> 1935.5239 | K8: ='Раскрой 11,7м'!D450 -> 56 | L8: ='Раскрой 11,7м'!E450 -> 1955.1168 | M8: ='Раскрой 11,7м'!H450 -> 0.074786325
A9: Диаметр 20 А500С | B9: кг | C9: ='По осям'!AJ12*'По осям'!AK12 -> 1732.8582 | D9: ='По осям'!AM12*'По осям'!AN12 -> 205.02324 | E9: ='По осям'!AP12*'По осям'!AQ12 -> 0 | F9: ='По осям'!AJ58*'По осям'!AK58 -> 1455.9264 | G9: ='По осям'!AM58*'По осям'!AN58 -> 305.19216 | H9: ='По осям'!AP58*'По осям'!AQ58 -> 0 | I9: =SUM(C9:H9) -> 3699 | J9: =I9*Исходные!$B$13 -> 3957.93 | K9: ='Раскрой 11,7м'!D451 -> 154 | L9: ='Раскрой 11,7м'!E451 -> 4443.2388 | M9: ='Раскрой 11,7м'!H451 -> 0.16749917
A10: Диаметр 18 А500С | B10: кг | C10: ='По осям'!AJ13*'По осям'!AK13 -> 280.99872 | D10: ='По осям'!AM13*'По осям'!AN13 -> 925.36171 | E10: ='По осям'!AP13*'По осям'!AQ13 -> 447.32023 | F10: ='По осям'!AJ59*'По осям'!AK59 -> 239.37638 | G10: ='По осям'!AM59*'По осям'!AN59 -> 964.12291 | H10: ='По осям'!AP59*'По осям'!AQ59 -> 439.40815 | I10: =SUM(C10:H10) -> 3296.5881 | J10: =I10*Исходные!$B$13 -> 3527.3493 | K10: ='Раскрой 11,7м'!D452 -> 146 | L10: ='Раскрой 11,7м'!E452 -> 3412.9836 | M10: ='Раскрой 11,7м'!H452 -> 0.034103735
A11: Диаметр 16 А500С | B11: кг | C11: ='По осям'!AJ14*'По осям'!AK14 -> 693.3732 | D11: ='По осям'!AM14*'По осям'!AN14 -> 845.22098 | E11: ='По осям'!AP14*'По осям'!AQ14 -> 0 | F11: ='По осям'!AJ60*'По осям'!AK60 -> 404.15105 | G11: ='По осям'!AM60*'По осям'!AN60 -> 823.60238 | H11: ='По осям'!AP60*'По осям'!AQ60 -> 0 | I11: =SUM(C11:H11) -> 2766.3476 | J11: =I11*Исходные!$B$13 -> 2959.9919 | K11: ='Раскрой 11,7м'!D453 -> 153 | L11: ='Раскрой 11,7м'!E453 -> 2824.7778 | M11: ='Раскрой 11,7м'!H453 -> 0.020684878
A12: Диаметр 14 А500С | B12: кг | C12: ='По осям'!AJ15*'По осям'!AK15 -> 73.5672 | D12: ='По осям'!AM15*'По осям'!AN15 -> 216.90848 | E12: ='По осям'!AP15*'По осям'!AQ15 -> 0 | F12: ='По осям'!AJ61*'По осям'!AK61 -> 494.79197 | G12: ='По осям'!AM61*'По осям'!AN61 -> 243.33952 | H12: ='По осям'!AP61*'По осям'!AQ61 -> 0 | I12: =SUM(C12:H12) -> 1028.6072 | J12: =I12*Исходные!$B$13 -> 1100.6097 | K12: ='Раскрой 11,7м'!D454 -> 75 | L12: ='Раскрой 11,7м'!E454 -> 1060.02 | M12: ='Раскрой 11,7м'!H454 -> 0.029634188
A13: Диаметр 12 А500С | B13: кг | C13: ='По осям'!AJ16*'По осям'!AK16 -> 0 | D13: ='По осям'!AM16*'По осям'!AN16 -> 215.05939 | E13: ='По осям'!AP16*'По осям'!AQ16 -> 0 | F13: ='По осям'!AJ62*'По осям'!AK62 -> 95.016 | G13: ='По осям'!AM62*'По осям'!AN62 -> 260.68838 | H13: ='По осям'!AP62*'По осям'!AQ62 -> 0 | I13: =SUM(C13:H13) -> 570.76378 | J13: =I13*Исходные!$B$13 -> 610.71724 | K13: ='Раскрой 11,7м'!D455 -> 58 | L13: ='Раскрой 11,7м'!E455 -> 602.5968 | M13: ='Раскрой 11,7м'!H455 -> 0.052826407
A14: Диаметр 10 А500С | B14: кг | C14: ='По осям'!AJ17*'По осям'!AK17 -> 7.5891 | D14: ='По осям'!AM17*'По осям'!AN17 -> 8016.4712 | E14: ='По осям'!AP17*'По осям'!AQ17 -> 146.36474 | F14: ='По осям'!AJ63*'По осям'!AK63 -> 12.5868 | G14: ='По осям'!AM63*'По осям'!AN63 -> 8021.7527 | H14: ='По осям'!AP63*'По осям'!AQ63 -> 141.95936 | I14: =SUM(C14:H14) -> 16346.724 | J14: =I14*Исходные!$B$13 -> 17490.995 | K14: ='Раскрой 11,7м'!D456 -> 2284 | L14: ='Раскрой 11,7м'!E456 -> 16487.968 | M14: ='Раскрой 11,7м'!H456 -> 0.0085664676
A15: Диаметр 8 А500С | B15: кг | C15: ='По осям'!AJ18*'По осям'!AK18 -> 0 | D15: ='По осям'!AM18*'По осям'!AN18 -> 0 | E15: ='По осям'!AP18*'По осям'!AQ18 -> 0 | F15: ='По осям'!AJ64*'По осям'!AK64 -> 0 | G15: ='По осям'!AM64*'По осям'!AN64 -> 0 | H15: ='По осям'!AP64*'По осям'!AQ64 -> 0 | I15: =SUM(C15:H15) -> 0 | J15: =I15*Исходные!$B$13 -> 0 | K15: ='Раскрой 11,7м'!D457 -> 0 | L15: ='Раскрой 11,7м'!E457 -> 0 | M15: ='Раскрой 11,7м'!H457 -> 0
A16: Диаметр 16 А240 | B16: кг | C16: ='По осям'!AJ19*'По осям'!AK19 -> 0 | D16: ='По осям'!AM19*'По осям'!AN19 -> 0 | E16: ='По осям'!AP19*'По осям'!AQ19 -> 1.32552 | F16: ='По осям'!AJ65*'По осям'!AK65 -> 0 | G16: ='По осям'!AM65*'По осям'!AN65 -> 0 | H16: ='По осям'!AP65*'По осям'!AQ65 -> 1.32552 | I16: =SUM(C16:H16) -> 2.65104 | J16: =I16*Исходные!$B$13 -> 2.8366128 | K16: ='Раскрой 11,7м'!D458 -> 2 | L16: ='Раскрой 11,7м'!E458 -> 36.9252 | M16: ='Раскрой 11,7м'!H458 -> 0.92820513
... A21: Сетка Ø5 Вр-I 100×100 (лестница) | B21: кг | C21: ='По осям'!AJ24*'По осям'!AK24 -> 0 | D21: ='По осям'!AM24*'По осям'!AN24 -> 0 | E21: ='По осям'!AP24*'По осям'!AQ24 -> 43.12 | F21: ='По осям'!AJ70*'По осям'!AK70 -> 0 | G21: ='По осям'!AM70*'По осям'!AN70 -> 0 | H21: ='По осям'!AP70*'По осям'!AQ70 -> 39.3008 | I21: =SUM(C21:H21) -> 82.4208 | J21: =I21*Исходные!$B$13 -> 88.190256 | K21: ='Раскрой 11,7м'!D463 -> 0 | L21: ='Раскрой 11,7м'!E463 -> 82.4208 | M21: ='Раскрой 11,7м'!H463 -> 0
A22: Итого: | B22: кг | C22: =SUM(C5:C21) -> 9396.4436 | D22: =SUM(D5:D21) -> 22391.665 | E22: =SUM(E5:E21) -> 803.46467 | F22: =SUM(F5:F21) -> 6335.4016 | G22: =SUM(G5:G21) -> 22836.257 | H22: =SUM(H5:H21) -> 783.38341 | I22: =SUM(I5:I21) -> 62546.615 | J22: =SUM(J5:J21) -> 66924.879 | ... L22: =SUM(L5:L21) -> 66025.341 | M22: ='Раскрой 11,7м'!H464 -> 0.052687728
A23: Итого: | B23: т | C23: =C22/1000 -> 9.3964436 | D23: =D22/1000 -> 22.391665 | E23: =E22/1000 -> 0.80346467 | F23: =F22/1000 -> 6.3354016 | G23: =G22/1000 -> 22.836257 | H23: =H22/1000 -> 0.78338341 | I23: =I22/1000 -> 62.546615 | J23: =J22/1000 -> 66.924879 | L23: =L22/1000 -> 66.025341
A24: Итого по этажу, кг | B24: кг | C24: =SUM(C22:E22) -> 32591.573 | F24: =SUM(F22:H22) -> 29955.042 | I24: =I22 -> 62546.615
A25: Контроль: = «Ведомость» и «По осям» | I25: =ROUND(I22-Ведомость!P849,1)+ROUND(I22-'По осям'!AI25-'По осям'!AI71,1) -> 0 | J25: ← должно быть 0
A27: Бетон
A28: Марка | B28: Ед. изм. | C28: 1 этаж (-0.050…+3.950) | F28: 2 этаж (+3.950…+7.550) | I28: Итого 1+2 этаж
C29: Колонны, диафрагмы | D29: Плита перекрытия, балки, ригели, С-1 | E29: Лестницы и лест. рамы | F29: Колонны, диафрагмы | G29: Плита перекрытия, балки, ригели, С-1 | H29: Лестницы и лест. рамы
A30: В25 | B30: м3 | C30: ='По осям'!AL31 -> 43.9216 | D30: ='По осям'!AO31 -> 112.11321 | E30: ='По осям'!AR31 -> 3.2907172 | F30: ='По осям'!AL77 -> 39.3936 | G30: ='По осям'!AO77 -> 112.16529 | H30: ='По осям'!AR77 -> 3.069971 | I30: =SUM(C30:H30) -> 313.95439
A32: Прочие материалы
A33: Наименование | B33: Ед. изм. | C33: 1 этаж (-0.050…+3.950) | F33: 2 этаж (+3.950…+7.550) | I33: Итого 1+2 этаж
C34: Колонны, диафрагмы | D34: Плита перекрытия, балки, ригели, С-1 | E34: Лестницы и лест. рамы | F34: Колонны, диафрагмы | G34: Плита перекрытия, балки, ригели, С-1 | H34: Лестницы и лест. рамы
A35: Анкерная шайба АШ-1 (14) | B35: шт. | C35: ='По осям'!AJ35 -> 0 | D35: ='По осям'!AM35 -> 0 | E35: ='По осям'!AP35 -> 0 | F35: ='По осям'!AJ81 -> 0 | G35: ='По осям'!AM81 -> 0 | H35: ='По осям'!AP81 -> 0 | I35: =SUM(C35:H35) -> 0
A36: Анкерная шайба АШ-2 (16) | B36: шт. | C36: ='По осям'!AJ36 -> 0 | D36: ='По осям'!AM36 -> 0 | E36: ='По осям'!AP36 -> 0 | F36: ='По осям'!AJ82 -> 0 | G36: ='По осям'!AM82 -> 0 | H36: ='По осям'!AP82 -> 0 | I36: =SUM(C36:H36) -> 0
A37: Анкерная шайба АШ-3 (18) | B37: шт. | C37: ='По осям'!AJ37 -> 0 | D37: ='По осям'!AM37 -> 0 | E37: ='По осям'!AP37 -> 0 | F37: ='По осям'!AJ83 -> 0 | G37: ='По осям'!AM83 -> 0 | H37: ='По осям'!AP83 -> 0 | I37: =SUM(C37:H37) -> 0
A38: Анкерная шайба АШ-4 (20) | B38: шт. | C38: ='По осям'!AJ38 -> 0 | D38: ='По осям'!AM38 -> 0 | E38: ='По осям'!AP38 -> 0 | F38: ='По осям'!AJ84 -> 0 | G38: ='По осям'!AM84 -> 0 | H38: ='По осям'!AP84 -> 0 | I38: =SUM(C38:H38) -> 0
A39: Анкерная шайба АШ-5 (22) | B39: шт. | C39: ='По осям'!AJ39 -> 0 | D39: ='По осям'!AM39 -> 2 | E39: ='По осям'!AP39 -> 0 | F39: ='По осям'!AJ85 -> 0 | G39: ='По осям'!AM85 -> 2 | H39: ='По осям'!AP85 -> 0 | I39: =SUM(C39:H39) -> 4
A40: Анкерная шайба АШ-6 (25) | B40: шт. | C40: ='По осям'!AJ40 -> 0 | D40: ='По осям'!AM40 -> 16 | E40: ='По осям'!AP40 -> 34 | F40: ='По осям'!AJ86 -> 0 | G40: ='По осям'!AM86 -> 14 | H40: ='По осям'!AP86 -> 16 | I40: =SUM(C40:H40) -> 80
A41: Анкерная шайба АШ-7 (28) | B41: шт. | C41: ='По осям'!AJ41 -> 0 | D41: ='По осям'!AM41 -> 86 | E41: ='По осям'!AP41 -> 0 | F41: ='По осям'!AJ87 -> 0 | G41: ='По осям'!AM87 -> 82 | H41: ='По осям'!AP87 -> 0 | I41: =SUM(C41:H41) -> 168
A42: Анкерная шайба АШ-8 (32) | B42: шт. | C42: ='По осям'!AJ42 -> 0 | D42: ='По осям'!AM42 -> 6 | E42: ='По осям'!AP42 -> 0 | F42: ='По осям'!AJ88 -> 0 | G42: ='По осям'!AM88 -> 12 | H42: ='По осям'!AP88 -> 0 | I42: =SUM(C42:H42) -> 18
A43: Ванночка d32 (стыков ванной сваркой) | B43: шт. | C43: ='По осям'!AJ43 -> 80 | D43: ='По осям'!AM43 -> 0 | E43: ='По осям'!AP43 -> 0 | F43: ='По осям'!AJ89 -> 0 | G43: ='По осям'!AM89 -> 0 | H43: ='По осям'!AP89 -> 0 | I43: =SUM(C43:H43) -> 80
A44: Ванночка d28 (стыков ванной сваркой) | B44: шт. | C44: ='По осям'!AJ44 -> 104 | D44: ='По осям'!AM44 -> 52 | E44: ='По осям'!AP44 -> 0 | F44: ='По осям'!AJ90 -> 80 | G44: ='По осям'!AM90 -> 52 | H44: ='По осям'!AP90 -> 0 | I44: =SUM(C44:H44) -> 288
A45: Ванночка d25 (стыков ванной сваркой) | B45: шт. | C45: ='По осям'!AJ45 -> 36 | D45: ='По осям'!AM45 -> 40 | E45: ='По осям'!AP45 -> 0 | F45: ='По осям'!AJ91 -> 60 | G45: ='По осям'!AM91 -> 40 | H45: ='По осям'!AP91 -> 0 | I45: =SUM(C45:H45) -> 176
A46: Ванночка d22 (стыков ванной сваркой) | B46: шт. | C46: ='По осям'!AJ46 -> 36 | D46: ='По осям'!AM46 -> 0 | E46: ='По осям'!AP46 -> 0 | F46: ='По осям'!AJ92 -> 6 | G46: ='По осям'!AM92 -> 0 | H46: ='По осям'!AP92 -> 0 | I46: =SUM(C46:H46) -> 42
A47: Ванночка d20 (стыков ванной сваркой) | B47: шт. | C47: ='По осям'!AJ47 -> 166 | D47: ='По осям'!AM47 -> 0 | E47: ='По осям'!AP47 -> 0 | F47: ='По осям'!AJ93 -> 164 | G47: ='По осям'!AM93 -> 0 | H47: ='По осям'!AP93 -> 0 | I47: =SUM(C47:H47) -> 330
A49: Примечания:
A50: 1. Колонки этажей — чистая проектная масса (с нахлёстами, где они нужны), без запаса. «Итого × К зап» — с коэффициентом из листа «Исходные» (1,07, как в вашем шаблоне).
A51: 2. Заказ — по фактическому раскрою под прутки 11,7 м поэтажно (лист «Раскрой 11,7м»); при совместном заказе 1+2 этажа прутков меньше (там же, колонка «Справочно»).
A52: 3. Сетки-гребёнки С-1 отнесены к «плите, балкам, ригелям» (узлы колонна–ригель на уровне перекрытия). Лестница: 1 этаж — марши 1, 2, площадка 1.920, Лрм-1; 2 этаж — марши 3, 4, площадка 5.800, Лрм-2.
A53: 4. Сомнительные места и принятые допущения — лист «Проверки».

Sheet По осям
A1: Блок 14, ул. Токомбаева — подсчёт арматуры по осям: 1 этаж и 2 этаж (м.п. → кг) | AJ1: К зап | AK1: К зап бетон
A2: м.п. = SUMIFS из «Ведомости» (этаж, Ø, класс, колонка); Всего = м.п. × кг/м × К зап (как в шаблоне); чистая масса без запаса — отдельной строкой | AJ2: =Исходные!$B$13 -> 1.07 | AK2: =Исходные!$B$14 -> 1
A4: 1 ЭТАЖ | B4: Рамы | S4: Балки | V4: Перекрытие | AB4: Сетки С-1 | AC4: Лестничный марш | AJ4: Колонны, диафрагмы | AM4: Ригели, балки, плита, С-1 | AP4: Лестницы
A5: На отметке -0.050…+3.950 | B5: По оси А | C5: По оси А | D5: По оси А | E5: По оси А | F5: По оси Б | G5: По оси Б | H5: По оси В | I5: По оси В | J5: По оси Г | K5: По оси Г | L5: По оси Г | M5: По оси Г | N5: По оси Г | O5: По оси 1/5 | P5: По оси 2 | Q5: По оси 3 | R5: По оси 4 | S5: Основная | T5: Хомуты | U5: Допник | V5: Основная | W5: Хомуты | X5: Отверстия | Y5: Допник | AA5: Край | AB5: С-1 | AC5: Л1 | AD5: Л2 | AE5: Площадка | AF5: Рама | AG5: Итого: | AH5: Масса ед. кг | AI5: Всего | AJ5: Итого: | AK5: Масса ед. кг | AL5: Всего | AM5: Итого: | AN5: Масса ед. кг | AO5: Всего | AP5: Итого: | AQ5: Масса ед. кг | AR5: Всего
A6: (1 этаж) | B6: Дм-1 | C6: Дм-2 | D6: К 1-1 (3) | E6: Ригель 4-4 | F6: К 1-1 (5) | G6: Ригель 4-4 | H6: К 1-1 (5) | I6: Ригель 4-4 | J6: К 1-1 (2) | K6: Дм-3 | L6: Дм-4 | M6: Дм-5 | N6: Ригель 4-4 | O6: Ригель 5-5 (×2) | P6: Ригель 5-5 | Q6: Ригель 5-5 | R6: Ригель 5-5 | U6: Ø18 L=1200 | W6: Ф-1, шп. | Y6: Низ | Z6: Верх | AA6: сеч.6-6 | AB6: 240 шт | AC6: марш 1 | AD6: марш 2 | AE6: отм. 1.920 | AF6: Лрм-1 | AG6: (м.п.) | AI6: кг | AJ6: (м.п.) | AL6: кг | AM6: (м.п.) | AO6: кг | AP6: (м.п.) | AR6: кг
A7: Арматура, (м.п.)
A8: Диаметр 32 А500С, L=м.п. | B8: =SUMIFS(Ведомость!$N$5:$N$846,Ведомость!$H$5:$H$846,32,Ведомость!$I$5:$I$846,"А500С",Ведомость!$V$5:$V$846,"Дм-1",Ведомость!$W$5:$W$846,1) -> 16 | C8: =SUMIFS(Ведомость!$N$5:$N$846,Ведомость!$H$5:$H$846,32,Ведомость!$I$5:$I$846,"А500С",Ведомость!$V$5:$V$846,"Дм-2",Ведомость!$W$5:$W$846,1) -> 16 | D8: =SUMIFS(Ведомость!$N$5:$N$846,Ведомость!$H$5:$H$846,32,Ведомость!$I$5:$I$846,"А500С",Ведомость!$V$5:$V$846,"К-А",Ведомость!$W$5:$W$846,1) -> 48 | E8: =SUMIFS(Ведомость!$N$5:$N$846,Ведомость!$H$5:$H$846,32,Ведомость!$I$5:$I$846,"А500С",Ведомость!$V$5:$V$846,"Р-А",Ведомость!$W$5:$W$846,1) -> 6.6 | F8: =SUMIFS(Ведомость!$N$5:$N$846,Ведомость!$H$5:$H$846,32,Ведомость!$I$5:$I$846,"А500С",Ведомость!$V$5:$V$846,"К-Б",Ведомость!$W$5:$W$846,1) -> 80 | G8: =SUMIFS(Ведомость!$N$5:$N$846,Ведомость!$H$5:$H$846,32,Ведомость!$I$5:$I$846,"А500С",Ведомость!$V$5:$V$846,"Р-Б",Ведомость!$W$5:$W$846,1) -> 7.4 | H8: =SUMIFS(Ведомость!$N$5:$N$846,Ведомость!$H$5:$H$846,32,Ведомость!$I$5:$I$846,"А500С",Ведомость!$V$5:$V$846,"К-В",Ведомость!$W$5:$W$846,1) -> 80 | I8: =SUMIFS(Ведомость!$N$5:$N$846,Ведомость!$H$5:$H$846,32,Ведомость!$I$5:$I$846,"А500С",Ведомость!$V$5:$V$846,"Р-В",Ведомость!$W$5:$W$846,1) -> 14.8 | J8: =SUMIFS(Ведомость!$N$5:$N$846,Ведомость!$H$5:$H$846,32,Ведомость!$I$5:$I$846,"А500С",Ведомость!$V$5:$V$846,"К-Г",Ведомость!$W$5:$W$846,1) -> 32 | K8: =SUMIFS(Ведомость!$N$5:$N$846,Ведомость!$H$5:$H$846,32,Ведомость!$I$5:$I$846,"А500С",Ведомость!$V$5:$V$846,"Дм-3",Ведомость!$W$5:$W$846,1) -> 16 | L8: =SUMIFS(Ведомость!$N$5:$N$846,Ведомость!$H$5:$H$846,32,Ведомость!$I$5:$I$846,"А500С",Ведомость!$V$5:$V$846,"Дм-4",Ведомость!$W$5:$W$846,1) -> 16 | M8: =SUMIFS(Ведомость!$N$5:$N$846,Ведомость!$H$5:$H$846,32,Ведомость!$I$5:$I$846,"А500С",Ведомость!$V$5:$V$846,"Дм-5",Ведомость!$W$5:$W$846,1) -> 16 | N8: =SUMIFS(Ведомость!$N$5:$N$846,Ведомость!$H$5:$H$846,32,Ведомость!$I$5:$I$846,"А500С",Ведомость!$V$5:$V$846,"Р-Г",Ведомость!$W$5:$W$846,1) -> 8.6 | O8: =SUMIFS(Ведомость!$N$5:$N$846,Ведомость!$H$5:$H$846,32,Ведомость!$I$5:$I$846,"А500С",Ведомость!$V$5:$V$846,"Р-1, 5",Ведомость!$W$5:$W$846,1) -> 15.2 | P8: =SUMIFS(Ведомость!$N$5:$N$846,Ведомость!$H$5:$H$846,32,Ведомость!$I$5:$I$846,"А500С",Ведомость!$V$5:$V$846,"Р-2",Ведомость!$W$5:$W$846,1) -> 27.9 | Q8: =SUMIFS(Ведомость!$N$5:$N$846,Ведомость!$H$5:$H$846,32,Ведомость!$I$5:$I$846,"А500С",Ведомость!$V$5:$V$846,"Р-3",Ведомость!$W$5:$W$846,1) -> 4.1 | R8: =SUMIFS(Ведомость!$N$5:$N$846,Ведомость!$H$5:$H$846,32,Ведомость!$I$5:$I$846,"А500С",Ведомость!$V$5:$V$846,"Р-4",Ведомость!$W$5:$W$846,1) -> 17.3 | S8: =SUMIFS(Ведомость!$N$5:$N$846,Ведомость!$H$5:$H$846,32,Ведомость!$I$5:$I$846,"А500С",Ведомость!$V$5:$V$846,"Б-основная",Ведомость!$W$5:$W$846,1) -> 0 | T8: =SUMIFS(Ведомость!$N$5:$N$846,Ведомость!$H$5:$H$846,32,Ведомость!$I$5:$I$846,"А500С",Ведомость!$V$5:$V$846,"Б-хомуты",Ведомость!$W$5:$W$846,1) -> 0 | U8: =SUMIFS(Ведомость!$N$5:$N$846,Ведомость!$H$5:$H$846,32,Ведомость!$I$5:$I$846,"А500С",Ведомость!$V$5:$V$846,"Б-допник",Ведомость!$W$5:$W$846,1) -> 0 | V8: =SUMIFS(Ведомость!$N$5:$N$846,Ведомость!$H$5:$H$846,32,Ведомость!$I$5:$I$846,"А500С",Ведомость!$V$5:$V$846,"П-сетка",Ведомость!$W$5:$W$846,1) -> 0 | W8: =SUMIFS(Ведомость!$N$5:$N$846,Ведомость!$H$5:$H$846,32,Ведомость!$I$5:$I$846,"А500С",Ведомость!$V$5:$V$846,"П-фикс",Ведомость!$W$5:$W$846,1) -> 0 | X8: =SUMIFS(Ведомость!$N$5:$N$846,Ведомость!$H$5:$H$846,32,Ведомость!$I$5:$I$846,"А500С",Ведомость!$V$5:$V$846,"П-отв",Ведомость!$W$5:$W$846,1) -> 0 | Y8: =SUMIFS(Ведомость!$N$5:$N$846,Ведомость!$H$5:$H$846,32,Ведомость!$I$5:$I$846,"А500С",Ведомость!$V$5:$V$846,"П-доп-низ",Ведомость!$W$5:$W$846,1) -> 0 | Z8: =SUMIFS(Ведомость!$N$5:$N$846,Ведомость!$H$5:$H$846,32,Ведомость!$I$5:$I$846,"А500С",Ведомость!$V$5:$V$846,"П-доп-верх",Ведомость!$W$5:$W$846,1) -> 0 | AA8: =SUMIFS(Ведомость!$N$5:$N$846,Ведомость!$H$5:$H$846,32,Ведомость!$I$5:$I$846,"А500С",Ведомость!$V$5:$V$846,"П-край",Ведомость!$W$5:$W$846,1) -> 0 | AB8: =SUMIFS(Ведомость!$N$5:$N$846,Ведомость!$H$5:$H$846,32,Ведомость!$I$5:$I$846,"А500С",Ведомость!$V$5:$V$846,"С-1",Ведомость!$W$5:$W$846,1) -> 0 | AC8: =SUMIFS(Ведомость!$N$5:$N$846,Ведомость!$H$5:$H$846,32,Ведомость!$I$5:$I$846,"А500С",Ведомость!$V$5:$V$846,"Л1",Ведомость!$W$5:$W$846,1) -> 0 | AD8: =SUMIFS(Ведомость!$N$5:$N$846,Ведомость!$H$5:$H$846,32,Ведомость!$I$5:$I$846,"А500С",Ведомость!$V$5:$V$846,"Л2",Ведомость!$W$5:$W$846,1) -> 0 | AE8: =SUMIFS(Ведомость!$N$5:$N$846,Ведомость!$H$5:$H$846,32,Ведомость!$I$5:$I$846,"А500С",Ведомость!$V$5:$V$846,"Л-пл",Ведомость!$W$5:$W$846,1) -> 0 | AF8: =SUMIFS(Ведомость!$N$5:$N$846,Ведомость!$H$5:$H$846,32,Ведомость!$I$5:$I$846,"А500С",Ведомость!$V$5:$V$846,"Л-рама",Ведомость!$W$5:$W$846,1) -> 0 | AG8: =SUM(B8:AF8) -> 421.9 | AH8: =IFERROR(INDEX(Исходные!$B$18:$B$30,MATCH(32,Исходные!$A$18:$A$30,0)),0) -> 6.313 | AI8: =AG8*AH8*$AJ$2 -> 2849.8965 | AJ8: =SUM(B8:D8,F8,H8,J8:M8) -> 320 | AK8: =AH8 -> 6.313 | AL8: =AJ8*AK8*$AJ$2 -> 2161.5712 | AM8: =SUM(E8,G8,I8,N8:AB8) -> 101.9 | AN8: =AH8 -> 6.313 | AO8: =AM8*AN8*$AJ$2 -> 688.32533 | AP8: =SUM(AC8:AF8) -> 0 | AQ8: =AH8 -> 6.313 | AR8: =AP8*AQ8*$AJ$2 -> 0
A9: Диаметр 28 А500С, L=м.п. | B9: =SUMIFS(Ведомость!$N$5:$N$846,Ведомость!$H$5:$H$846,28,Ведомость!$I$5:$I$846,"А500С",Ведомость!$V$5:$V$846,"Дм-1",Ведомость!$W$5:$W$846,1) -> 128 | C9: =SUMIFS(Ведомость!$N$5:$N$846,Ведомость!$H$5:$H$846,28,Ведомость!$I$5:$I$846,"А500С",Ведомость!$V$5:$V$846,"Дм-2",Ведомость!$W$5:$W$846,1) -> 88 | D9: =SUMIFS(Ведомость!$N$5:$N$846,Ведомость!$H$5:$H$846,28,Ведомость!$I$5:$I$846,"А500С",Ведомость!$V$5:$V$846,"К-А",Ведомость!$W$5:$W$846,1) -> 0 | E9: =SUMIFS(Ведомость!$N$5:$N$846,Ведомость!$H$5:$H$846,28,Ведомость!$I$5:$I$846,"А500С",Ведомость!$V$5:$V$846,"Р-А",Ведомость!$W$5:$W$846,1) -> 121.8 | F9: =SUMIFS(Ведомость!$N$5:$N$846,Ведомость!$H$5:$H$846,28,Ведомость!$I$5:$I$846,"А500С",Ведомость!$V$5:$V$846,"К-Б",Ведомость!$W$5:$W$846,1) -> 0 | G9: =SUMIFS(Ведомость!$N$5:$N$846,Ведомость!$H$5:$H$846,28,Ведомость!$I$5:$I$846,"А500С",Ведомость!$V$5:$V$846,"Р-Б",Ведомость!$W$5:$W$846,1) -> 116.6 | H9: =SUMIFS(Ведомость!$N$5:$N$846,Ведомость!$H$5:$H$846,28,Ведомость!$I$5:$I$846,"А500С",Ведомость!$V$5:$V$846,"К-В",Ведомость!$W$5:$W$846,1) -> 0 | I9: =SUMIFS(Ведомость!$N$5:$N$846,Ведомость!$H$5:$H$846,28,Ведомость!$I$5:$I$846,"А500С",Ведомость!$V$5:$V$846,"Р-В",Ведомость!$W$5:$W$846,1) -> 113.3 | J9: =SUMIFS(Ведомость!$N$5:$N$846,Ведомость!$H$5:$H$846,28,Ведомость!$I$5:$I$846,"А500С",Ведомость!$V$5:$V$846,"К-Г",Ведомость!$W$5:$W$846,1) -> 0 | K9: =SUMIFS(Ведомость!$N$5:$N$846,Ведомость!$H$5:$H$846,28,Ведомость!$I$5:$I$846,"А500С",Ведомость!$V$5:$V$846,"Дм-3",Ведомость!$W$5:$W$846,1) -> 88 | L9: =SUMIFS(Ведомость!$N$5:$N$846,Ведомость!$H$5:$H$846,28,Ведомость!$I$5:$I$846,"А500С",Ведомость!$V$5:$V$846,"Дм-4",Ведомость!$W$5:$W$846,1) -> 56 | M9: =SUMIFS(Ведомость!$N$5:$N$846,Ведомость!$H$5:$H$846,28,Ведомость!$I$5:$I$846,"А500С",Ведомость!$V$5:$V$846,"Дм-5",Ведомость!$W$5:$W$846,1) -> 56 | N9: =SUMIFS(Ведомость!$N$5:$N$846,Ведомость!$H$5:$H$846,28,Ведомость!$I$5:$I$846,"А500С",Ведомость!$V$5:$V$846,"Р-Г",Ведомость!$W$5:$W$846,1) -> 144.1 | O9: =SUMIFS(Ведомость!$N$5:$N$846,Ведомость!$H$5:$H$846,28,Ведомость!$I$5:$I$846,"А500С",Ведомость!$V$5:$V$846,"Р-1, 5",Ведомость!$W$5:$W$846,1) -> 187.4 | P9: =SUMIFS(Ведомость!$N$5:$N$846,Ведомость!$H$5:$H$846,28,Ведомость!$I$5:$I$846,"А500С",Ведомость!$V$5:$V$846,"Р-2",Ведомость!$W$5:$W$846,1) -> 82 | Q9: =SUMIFS(Ведомость!$N$5:$N$846,Ведомость!$H$5:$H$846,28,Ведомость!$I$5:$I$846,"А500С",Ведомость!$V$5:$V$846,"Р-3",Ведомость!$W$5:$W$846,1) -> 99.7 | R9: =SUMIFS(Ведомость!$N$5:$N$846,Ведомость!$H$5:$H$846,28,Ведомость!$I$5:$I$846,"А500С",Ведомость!$V$5:$V$846,"Р-4",Ведомость!$W$5:$W$846,1) -> 89.2 | S9: =SUMIFS(Ведомость!$N$5:$N$846,Ведомость!$H$5:$H$846,28,Ведомость!$I$5:$I$846,"А500С",Ведомость!$V$5:$V$846,"Б-основная",Ведомость!$W$5:$W$846,1) -> 0 | T9: =SUMIFS(Ведомость!$N$5:$N$846,Ведомость!$H$5:$H$846,28,Ведомость!$I$5:$I$846,"А500С",Ведомость!$V$5:$V$846,"Б-хомуты",Ведомость!$W$5:$W$846,1) -> 0 | U9: =SUMIFS(Ведомость!$N$5:$N$846,Ведомость!$H$5:$H$846,28,Ведомость!$I$5:$I$846,"А500С",Ведомость!$V$5:$V$846,"Б-допник",Ведомость!$W$5:$W$846,1) -> 0 | V9: =SUMIFS(Ведомость!$N$5:$N$846,Ведомость!$H$5:$H$846,28,Ведомость!$I$5:$I$846,"А500С",Ведомость!$V$5:$V$846,"П-сетка",Ведомость!$W$5:$W$846,1) -> 0 | W9: =SUMIFS(Ведомость!$N$5:$N$846,Ведомость!$H$5:$H$846,28,Ведомость!$I$5:$I$846,"А500С",Ведомость!$V$5:$V$846,"П-фикс",Ведомость!$W$5:$W$846,1) -> 0 | X9: =SUMIFS(Ведомость!$N$5:$N$846,Ведомость!$H$5:$H$846,28,Ведомость!$I$5:$I$846,"А500С",Ведомость!$V$5:$V$846,"П-отв",Ведомость!$W$5:$W$846,1) -> 0 | Y9: =SUMIFS(Ведомость!$N$5:$N$846,Ведомость!$H$5:$H$846,28,Ведомость!$I$5:$I$846,"А500С",Ведомость!$V$5:$V$846,"П-доп-низ",Ведомость!$W$5:$W$846,1) -> 0 | Z9: =SUMIFS(Ведомость!$N$5:$N$846,Ведомость!$H$5:$H$846,28,Ведомость!$I$5:$I$846,"А500С",Ведомость!$V$5:$V$846,"П-доп-верх",Ведомость!$W$5:$W$846,1) -> 0 | AA9: =SUMIFS(Ведомость!$N$5:$N$846,Ведомость!$H$5:$H$846,28,Ведомость!$I$5:$I$846,"А500С",Ведомость!$V$5:$V$846,"П-край",Ведомость!$W$5:$W$846,1) -> 0 | AB9: =SUMIFS(Ведомость!$N$5:$N$846,Ведомость!$H$5:$H$846,28,Ведомость!$I$5:$I$846,"А500С",Ведомость!$V$5:$V$846,"С-1",Ведомость!$W$5:$W$846,1) -> 0 | AC9: =SUMIFS(Ведомость!$N$5:$N$846,Ведомость!$H$5:$H$846,28,Ведомость!$I$5:$I$846,"А500С",Ведомость!$V$5:$V$846,"Л1",Ведомость!$W$5:$W$846,1) -> 0 | AD9: =SUMIFS(Ведомость!$N$5:$N$846,Ведомость!$H$5:$H$846,28,Ведомость!$I$5:$I$846,"А500С",Ведомость!$V$5:$V$846,"Л2",Ведомость!$W$5:$W$846,1) -> 0 | AE9: =SUMIFS(Ведомость!$N$5:$N$846,Ведомость!$H$5:$H$846,28,Ведомость!$I$5:$I$846,"А500С",Ведомость!$V$5:$V$846,"Л-пл",Ведомость!$W$5:$W$846,1) -> 0 | AF9: =SUMIFS(Ведомость!$N$5:$N$846,Ведомость!$H$5:$H$846,28,Ведомость!$I$5:$I$846,"А500С",Ведомость!$V$5:$V$846,"Л-рама",Ведомость!$W$5:$W$846,1) -> 0 | AG9: =SUM(B9:AF9) -> 1370.1 | AH9: =IFERROR(INDEX(Исходные!$B$18:$B$30,MATCH(28,Исходные!$A$18:$A$30,0)),0) -> 4.834 | AI9: =AG9*AH9*$AJ$2 -> 7086.6778 | AJ9: =SUM(B9:D9,F9,H9,J9:M9) -> 416 | AK9: =AH9 -> 4.834 | AL9: =AJ9*AK9*$AJ$2 -> 2151.7101 | AM9: =SUM(E9,G9,I9,N9:AB9) -> 954.1 | AN9: =AH9 -> 4.834 | AO9: =AM9*AN9*$AJ$2 -> 4934.9678 | AP9: =SUM(AC9:AF9) -> 0 | AQ9: =AH9 -> 4.834 | AR9: =AP9*AQ9*$AJ$2 -> 0
A10: Диаметр 25 А500С, L=м.п. | B10: =SUMIFS(Ведомость!$N$5:$N$846,Ведомость!$H$5:$H$846,25,Ведомость!$I$5:$I$846,"А500С",Ведомость!$V$5:$V$846,"Дм-1",Ведомость!$W$5:$W$846,1) -> 32 | C10: =SUMIFS(Ведомость!$N$5:$N$846,Ведомость!$H$5:$H$846,25,Ведомость!$I$5:$I$846,"А500С",Ведомость!$V$5:$V$846,"Дм-2",Ведомость!$W$5:$W$846,1) -> 32 | D10: =SUMIFS(Ведомость!$N$5:$N$846,Ведомость!$H$5:$H$846,25,Ведомость!$I$5:$I$846,"А500С",Ведомость!$V$5:$V$846,"К-А",Ведомость!$W$5:$W$846,1) -> 0 | E10: =SUMIFS(Ведомость!$N$5:$N$846,Ведомость!$H$5:$H$846,25,Ведомость!$I$5:$I$846,"А500С",Ведомость!$V$5:$V$846,"Р-А",Ведомость!$W$5:$W$846,1) -> 40.4 | F10: =SUMIFS(Ведомость!$N$5:$N$846,Ведомость!$H$5:$H$846,25,Ведомость!$I$5:$I$846,"А500С",Ведомость!$V$5:$V$846,"К-Б",Ведомость!$W$5:$W$846,1) -> 0 | G10: =SUMIFS(Ведомость!$N$5:$N$846,Ведомость!$H$5:$H$846,25,Ведомость!$I$5:$I$846,"А500С",Ведомость!$V$5:$V$846,"Р-Б",Ведомость!$W$5:$W$846,1) -> 8.2 | H10: =SUMIFS(Ведомость!$N$5:$N$846,Ведомость!$H$5:$H$846,25,Ведомость!$I$5:$I$846,"А500С",Ведомость!$V$5:$V$846,"К-В",Ведомость!$W$5:$W$846,1) -> 0 | I10: =SUMIFS(Ведомость!$N$5:$N$846,Ведомость!$H$5:$H$846,25,Ведомость!$I$5:$I$846,"А500С",Ведомость!$V$5:$V$846,"Р-В",Ведомость!$W$5:$W$846,1) -> 4.1 | J10: =SUMIFS(Ведомость!$N$5:$N$846,Ведомость!$H$5:$H$846,25,Ведомость!$I$5:$I$846,"А500С",Ведомость!$V$5:$V$846,"К-Г",Ведомость!$W$5:$W$846,1) -> 0 | K10: =SUMIFS(Ведомость!$N$5:$N$846,Ведомость!$H$5:$H$846,25,Ведомость!$I$5:$I$846,"А500С",Ведомость!$V$5:$V$846,"Дм-3",Ведомость!$W$5:$W$846,1) -> 40 | L10: =SUMIFS(Ведомость!$N$5:$N$846,Ведомость!$H$5:$H$846,25,Ведомость!$I$5:$I$846,"А500С",Ведомость!$V$5:$V$846,"Дм-4",Ведомость!$W$5:$W$846,1) -> 0 | M10: =SUMIFS(Ведомость!$N$5:$N$846,Ведомость!$H$5:$H$846,25,Ведомость!$I$5:$I$846,"А500С",Ведомость!$V$5:$V$846,"Дм-5",Ведомость!$W$5:$W$846,1) -> 40 | N10: =SUMIFS(Ведомость!$N$5:$N$846,Ведомость!$H$5:$H$846,25,Ведомость!$I$5:$I$846,"А500С",Ведомость!$V$5:$V$846,"Р-Г",Ведомость!$W$5:$W$846,1) -> 4.1 | O10: =SUMIFS(Ведомость!$N$5:$N$846,Ведомость!$H$5:$H$846,25,Ведомость!$I$5:$I$846,"А500С",Ведомость!$V$5:$V$846,"Р-1, 5",Ведомость!$W$5:$W$846,1) -> 8.2 | P10: =SUMIFS(Ведомость!$N$5:$N$846,Ведомость!$H$5:$H$846,25,Ведомость!$I$5:$I$846,"А500С",Ведомость!$V$5:$V$846,"Р-2",Ведомость!$W$5:$W$846,1) -> 21 | Q10: =SUMIFS(Ведомость!$N$5:$N$846,Ведомость!$H$5:$H$846,25,Ведомость!$I$5:$I$846,"А500С",Ведомость!$V$5:$V$846,"Р-3",Ведомость!$W$5:$W$846,1) -> 22.8 | R10: =SUMIFS(Ведомость!$N$5:$N$846,Ведомость!$H$5:$H$846,25,Ведомость!$I$5:$I$846,"А500С",Ведомость!$V$5:$V$846,"Р-4",Ведомость!$W$5:$W$846,1) -> 12.4 | S10: =SUMIFS(Ведомость!$N$5:$N$846,Ведомость!$H$5:$H$846,25,Ведомость!$I$5:$I$846,"А500С",Ведомость!$V$5:$V$846,"Б-основная",Ведомость!$W$5:$W$846,1) -> 635.4 | T10: =SUMIFS(Ведомость!$N$5:$N$846,Ведомость!$H$5:$H$846,25,Ведомость!$I$5:$I$846,"А500С",Ведомость!$V$5:$V$846,"Б-хомуты",Ведомость!$W$5:$W$846,1) -> 0 | U10: =SUMIFS(Ведомость!$N$5:$N$846,Ведомость!$H$5:$H$846,25,Ведомость!$I$5:$I$846,"А500С",Ведомость!$V$5:$V$846,"Б-допник",Ведомость!$W$5:$W$846,1) -> 0 | V10: =SUMIFS(Ведомость!$N$5:$N$846,Ведомость!$H$5:$H$846,25,Ведомость!$I$5:$I$846,"А500С",Ведомость!$V$5:$V$846,"П-сетка",Ведомость!$W$5:$W$846,1) -> 0 | W10: =SUMIFS(Ведомость!$N$5:$N$846,Ведомость!$H$5:$H$846,25,Ведомость!$I$5:$I$846,"А500С",Ведомость!$V$5:$V$846,"П-фикс",Ведомость!$W$5:$W$846,1) -> 0 | X10: =SUMIFS(Ведомость!$N$5:$N$846,Ведомость!$H$5:$H$846,25,Ведомость!$I$5:$I$846,"А500С",Ведомость!$V$5:$V$846,"П-отв",Ведомость!$W$5:$W$846,1) -> 0 | Y10: =SUMIFS(Ведомость!$N$5:$N$846,Ведомость!$H$5:$H$846,25,Ведомость!$I$5:$I$846,"А500С",Ведомость!$V$5:$V$846,"П-доп-низ",Ведомость!$W$5:$W$846,1) -> 0 | Z10: =SUMIFS(Ведомость!$N$5:$N$846,Ведомость!$H$5:$H$846,25,Ведомость!$I$5:$I$846,"А500С",Ведомость!$V$5:$V$846,"П-доп-верх",Ведомость!$W$5:$W$846,1) -> 0 | AA10: =SUMIFS(Ведомость!$N$5:$N$846,Ведомость!$H$5:$H$846,25,Ведомость!$I$5:$I$846,"А500С",Ведомость!$V$5:$V$846,"П-край",Ведомость!$W$5:$W$846,1) -> 0 | AB10: =SUMIFS(Ведомость!$N$5:$N$846,Ведомость!$H$5:$H$846,25,Ведомость!$I$5:$I$846,"А500С",Ведомость!$V$5:$V$846,"С-1",Ведомость!$W$5:$W$846,1) -> 0 | AC10: =SUMIFS(Ведомость!$N$5:$N$846,Ведомость!$H$5:$H$846,25,Ведомость!$I$5:$I$846,"А500С",Ведомость!$V$5:$V$846,"Л1",Ведомость!$W$5:$W$846,1) -> 0 | AD10: =SUMIFS(Ведомость!$N$5:$N$846,Ведомость!$H$5:$H$846,25,Ведомость!$I$5:$I$846,"А500С",Ведомость!$V$5:$V$846,"Л2",Ведомость!$W$5:$W$846,1) -> 0 | AE10: =SUMIFS(Ведомость!$N$5:$N$846,Ведомость!$H$5:$H$846,25,Ведомость!$I$5:$I$846,"А500С",Ведомость!$V$5:$V$846,"Л-пл",Ведомость!$W$5:$W$846,1) -> 0 | AF10: =SUMIFS(Ведомость!$N$5:$N$846,Ведомость!$H$5:$H$846,25,Ведомость!$I$5:$I$846,"А500С",Ведомость!$V$5:$V$846,"Л-рама",Ведомость!$W$5:$W$846,1) -> 21.38 | AG10: =SUM(B10:AF10) -> 921.98 | AH10: =IFERROR(INDEX(Исходные!$B$18:$B$30,MATCH(25,Исходные!$A$18:$A$30,0)),0) -> 3.853 | AI10: =AG10*AH10*$AJ$2 -> 3801.0562 | AJ10: =SUM(B10:D10,F10,H10,J10:M10) -> 144 | AK10: =AH10 -> 3.853 | AL10: =AJ10*AK10*$AJ$2 -> 593.67024 | AM10: =SUM(E10,G10,I10,N10:AB10) -> 756.6 | AN10: =AH10 -> 3.853 | AO10: =AM10*AN10*$AJ$2 -> 3119.2424 | AP10: =SUM(AC10:AF10) -> 21.38 | AQ10: =AH10 -> 3.853 | AR10: =AP10*AQ10*$AJ$2 -> 88.14354
A11: Диаметр 22 А500С, L=м.п. | B11: =SUMIFS(Ведомость!$N$5:$N$846,Ведомость!$H$5:$H$846,22,Ведомость!$I$5:$I$846,"А500С",Ведомость!$V$5:$V$846,"Дм-1",Ведомость!$W$5:$W$846,1) -> 0 | C11: =SUMIFS(Ведомость!$N$5:$N$846,Ведомость!$H$5:$H$846,22,Ведомость!$I$5:$I$846,"А500С",Ведомость!$V$5:$V$846,"Дм-2",Ведомость!$W$5:$W$846,1) -> 64 | D11: =SUMIFS(Ведомость!$N$5:$N$846,Ведомость!$H$5:$H$846,22,Ведомость!$I$5:$I$846,"А500С",Ведомость!$V$5:$V$846,"К-А",Ведомость!$W$5:$W$846,1) -> 0 | E11: =SUMIFS(Ведомость!$N$5:$N$846,Ведомость!$H$5:$H$846,22,Ведомость!$I$5:$I$846,"А500С",Ведомость!$V$5:$V$846,"Р-А",Ведомость!$W$5:$W$846,1) -> 9 | F11: =SUMIFS(Ведомость!$N$5:$N$846,Ведомость!$H$5:$H$846,22,Ведомость!$I$5:$I$846,"А500С",Ведомость!$V$5:$V$846,"К-Б",Ведомость!$W$5:$W$846,1) -> 0 | G11: =SUMIFS(Ведомость!$N$5:$N$846,Ведомость!$H$5:$H$846,22,Ведомость!$I$5:$I$846,"А500С",Ведомость!$V$5:$V$846,"Р-Б",Ведомость!$W$5:$W$846,1) -> 6.4 | H11: =SUMIFS(Ведомость!$N$5:$N$846,Ведомость!$H$5:$H$846,22,Ведомость!$I$5:$I$846,"А500С",Ведомость!$V$5:$V$846,"К-В",Ведомость!$W$5:$W$846,1) -> 0 | I11: =SUMIFS(Ведомость!$N$5:$N$846,Ведомость!$H$5:$H$846,22,Ведомость!$I$5:$I$846,"А500С",Ведомость!$V$5:$V$846,"Р-В",Ведомость!$W$5:$W$846,1) -> 6.4 | J11: =SUMIFS(Ведомость!$N$5:$N$846,Ведомость!$H$5:$H$846,22,Ведомость!$I$5:$I$846,"А500С",Ведомость!$V$5:$V$846,"К-Г",Ведомость!$W$5:$W$846,1) -> 0 | K11: =SUMIFS(Ведомость!$N$5:$N$846,Ведомость!$H$5:$H$846,22,Ведомость!$I$5:$I$846,"А500С",Ведомость!$V$5:$V$846,"Дм-3",Ведомость!$W$5:$W$846,1) -> 69 | L11: =SUMIFS(Ведомость!$N$5:$N$846,Ведомость!$H$5:$H$846,22,Ведомость!$I$5:$I$846,"А500С",Ведомость!$V$5:$V$846,"Дм-4",Ведомость!$W$5:$W$846,1) -> 0 | M11: =SUMIFS(Ведомость!$N$5:$N$846,Ведомость!$H$5:$H$846,22,Ведомость!$I$5:$I$846,"А500С",Ведомость!$V$5:$V$846,"Дм-5",Ведомость!$W$5:$W$846,1) -> 24 | N11: =SUMIFS(Ведомость!$N$5:$N$846,Ведомость!$H$5:$H$846,22,Ведомость!$I$5:$I$846,"А500С",Ведомость!$V$5:$V$846,"Р-Г",Ведомость!$W$5:$W$846,1) -> 35.5 | O11: =SUMIFS(Ведомость!$N$5:$N$846,Ведомость!$H$5:$H$846,22,Ведомость!$I$5:$I$846,"А500С",Ведомость!$V$5:$V$846,"Р-1, 5",Ведомость!$W$5:$W$846,1) -> 0 | P11: =SUMIFS(Ведомость!$N$5:$N$846,Ведомость!$H$5:$H$846,22,Ведомость!$I$5:$I$846,"А500С",Ведомость!$V$5:$V$846,"Р-2",Ведомость!$W$5:$W$846,1) -> 0 | Q11: =SUMIFS(Ведомость!$N$5:$N$846,Ведомость!$H$5:$H$846,22,Ведомость!$I$5:$I$846,"А500С",Ведомость!$V$5:$V$846,"Р-3",Ведомость!$W$5:$W$846,1) -> 0 | R11: =SUMIFS(Ведомость!$N$5:$N$846,Ведомость!$H$5:$H$846,22,Ведомость!$I$5:$I$846,"А500С",Ведомость!$V$5:$V$846,"Р-4",Ведомость!$W$5:$W$846,1) -> 0 | S11: =SUMIFS(Ведомость!$N$5:$N$846,Ведомость!$H$5:$H$846,22,Ведомость!$I$5:$I$846,"А500С",Ведомость!$V$5:$V$846,"Б-основная",Ведомость!$W$5:$W$846,1) -> 158.8 | T11: =SUMIFS(Ведомость!$N$5:$N$846,Ведомость!$H$5:$H$846,22,Ведомость!$I$5:$I$846,"А500С",Ведомость!$V$5:$V$846,"Б-хомуты",Ведомость!$W$5:$W$846,1) -> 0 | U11: =SUMIFS(Ведомость!$N$5:$N$846,Ведомость!$H$5:$H$846,22,Ведомость!$I$5:$I$846,"А500С",Ведомость!$V$5:$V$846,"Б-допник",Ведомость!$W$5:$W$846,1) -> 0 | V11: =SUMIFS(Ведомость!$N$5:$N$846,Ведомость!$H$5:$H$846,22,Ведомость!$I$5:$I$846,"А500С",Ведомость!$V$5:$V$846,"П-сетка",Ведомость!$W$5:$W$846,1) -> 0 | W11: =SUMIFS(Ведомость!$N$5:$N$846,Ведомость!$H$5:$H$846,22,Ведомость!$I$5:$I$846,"А500С",Ведомость!$V$5:$V$846,"П-фикс",Ведомость!$W$5:$W$846,1) -> 0 | X11: =SUMIFS(Ведомость!$N$5:$N$846,Ведомость!$H$5:$H$846,22,Ведомость!$I$5:$I$846,"А500С",Ведомость!$V$5:$V$846,"П-отв",Ведомость!$W$5:$W$846,1) -> 0 | Y11: =SUMIFS(Ведомость!$N$5:$N$846,Ведомость!$H$5:$H$846,22,Ведомость!$I$5:$I$846,"А500С",Ведомость!$V$5:$V$846,"П-доп-низ",Ведомость!$W$5:$W$846,1) -> 0 | Z11: =SUMIFS(Ведомость!$N$5:$N$846,Ведомость!$H$5:$H$846,22,Ведомость!$I$5:$I$846,"А500С",Ведомость!$V$5:$V$846,"П-доп-верх",Ведомость!$W$5:$W$846,1) -> 0 | AA11: =SUMIFS(Ведомость!$N$5:$N$846,Ведомость!$H$5:$H$846,22,Ведомость!$I$5:$I$846,"А500С",Ведомость!$V$5:$V$846,"П-край",Ведомость!$W$5:$W$846,1) -> 0 | AB11: =SUMIFS(Ведомость!$N$5:$N$846,Ведомость!$H$5:$H$846,22,Ведомость!$I$5:$I$846,"А500С",Ведомость!$V$5:$V$846,"С-1",Ведомость!$W$5:$W$846,1) -> 0 | AC11: =SUMIFS(Ведомость!$N$5:$N$846,Ведомость!$H$5:$H$846,22,Ведомость!$I$5:$I$846,"А500С",Ведомость!$V$5:$V$846,"Л1",Ведомость!$W$5:$W$846,1) -> 0 | AD11: =SUMIFS(Ведомость!$N$5:$N$846,Ведомость!$H$5:$H$846,22,Ведомость!$I$5:$I$846,"А500С",Ведомость!$V$5:$V$846,"Л2",Ведомость!$W$5:$W$846,1) -> 0 | AE11: =SUMIFS(Ведомость!$N$5:$N$846,Ведомость!$H$5:$H$846,22,Ведомость!$I$5:$I$846,"А500С",Ведомость!$V$5:$V$846,"Л-пл",Ведомость!$W$5:$W$846,1) -> 0 | AF11: =SUMIFS(Ведомость!$N$5:$N$846,Ведомость!$H$5:$H$846,22,Ведомость!$I$5:$I$846,"А500С",Ведомость!$V$5:$V$846,"Л-рама",Ведомость!$W$5:$W$846,1) -> 0 | AG11: =SUM(B11:AF11) -> 373.1 | AH11: =IFERROR(INDEX(Исходные!$B$18:$B$30,MATCH(22,Исходные!$A$18:$A$30,0)),0) -> 2.984 | AI11: =AG11*AH11*$AJ$2 -> 1191.2635 | AJ11: =SUM(B11:D11,F11,H11,J11:M11) -> 157 | AK11: =AH11 -> 2.984 | AL11: =AJ11*AK11*$AJ$2 -> 501.28216 | AM11: =SUM(E11,G11,I11,N11:AB11) -> 216.1 | AN11: =AH11 -> 2.984 | AO11: =AM11*AN11*$AJ$2 -> 689.98137 | AP11: =SUM(AC11:AF11) -> 0 | AQ11: =AH11 -> 2.984 | AR11: =AP11*AQ11*$AJ$2 -> 0
A12: Диаметр 20 А500С, L=м.п. | B12: =SUMIFS(Ведомость!$N$5:$N$846,Ведомость!$H$5:$H$846,20,Ведомость!$I$5:$I$846,"А500С",Ведомость!$V$5:$V$846,"Дм-1",Ведомость!$W$5:$W$846,1) -> 90.7 | C12: =SUMIFS(Ведомость!$N$5:$N$846,Ведомость!$H$5:$H$846,20,Ведомость!$I$5:$I$846,"А500С",Ведомость!$V$5:$V$846,"Дм-2",Ведомость!$W$5:$W$846,1) -> 28 | D12: =SUMIFS(Ведомость!$N$5:$N$846,Ведомость!$H$5:$H$846,20,Ведомость!$I$5:$I$846,"А500С",Ведомость!$V$5:$V$846,"К-А",Ведомость!$W$5:$W$846,1) -> 96 | E12: =SUMIFS(Ведомость!$N$5:$N$846,Ведомость!$H$5:$H$846,20,Ведомость!$I$5:$I$846,"А500С",Ведомость!$V$5:$V$846,"Р-А",Ведомость!$W$5:$W$846,1) -> 0 | F12: =SUMIFS(Ведомость!$N$5:$N$846,Ведомость!$H$5:$H$846,20,Ведомость!$I$5:$I$846,"А500С",Ведомость!$V$5:$V$846,"К-Б",Ведомость!$W$5:$W$846,1) -> 160 | G12: =SUMIFS(Ведомость!$N$5:$N$846,Ведомость!$H$5:$H$846,20,Ведомость!$I$5:$I$846,"А500С",Ведомость!$V$5:$V$846,"Р-Б",Ведомость!$W$5:$W$846,1) -> 0 | H12: =SUMIFS(Ведомость!$N$5:$N$846,Ведомость!$H$5:$H$846,20,Ведомость!$I$5:$I$846,"А500С",Ведомость!$V$5:$V$846,"К-В",Ведомость!$W$5:$W$846,1) -> 160 | I12: =SUMIFS(Ведомость!$N$5:$N$846,Ведомость!$H$5:$H$846,20,Ведомость!$I$5:$I$846,"А500С",Ведомость!$V$5:$V$846,"Р-В",Ведомость!$W$5:$W$846,1) -> 0 | J12: =SUMIFS(Ведомость!$N$5:$N$846,Ведомость!$H$5:$H$846,20,Ведомость!$I$5:$I$846,"А500С",Ведомость!$V$5:$V$846,"К-Г",Ведомость!$W$5:$W$846,1) -> 64 | K12: =SUMIFS(Ведомость!$N$5:$N$846,Ведомость!$H$5:$H$846,20,Ведомость!$I$5:$I$846,"А500С",Ведомость!$V$5:$V$846,"Дм-3",Ведомость!$W$5:$W$846,1) -> 32 | L12: =SUMIFS(Ведомость!$N$5:$N$846,Ведомость!$H$5:$H$846,20,Ведомость!$I$5:$I$846,"А500С",Ведомость!$V$5:$V$846,"Дм-4",Ведомость!$W$5:$W$846,1) -> 40 | M12: =SUMIFS(Ведомость!$N$5:$N$846,Ведомость!$H$5:$H$846,20,Ведомость!$I$5:$I$846,"А500С",Ведомость!$V$5:$V$846,"Дм-5",Ведомость!$W$5:$W$846,1) -> 32 | N12: =SUMIFS(Ведомость!$N$5:$N$846,Ведомость!$H$5:$H$846,20,Ведомость!$I$5:$I$846,"А500С",Ведомость!$V$5:$V$846,"Р-Г",Ведомость!$W$5:$W$846,1) -> 0 | O12: =SUMIFS(Ведомость!$N$5:$N$846,Ведомость!$H$5:$H$846,20,Ведомость!$I$5:$I$846,"А500С",Ведомость!$V$5:$V$846,"Р-1, 5",Ведомость!$W$5:$W$846,1) -> 0 | P12: =SUMIFS(Ведомость!$N$5:$N$846,Ведомость!$H$5:$H$846,20,Ведомость!$I$5:$I$846,"А500С",Ведомость!$V$5:$V$846,"Р-2",Ведомость!$W$5:$W$846,1) -> 8.1 | Q12: =SUMIFS(Ведомость!$N$5:$N$846,Ведомость!$H$5:$H$846,20,Ведомость!$I$5:$I$846,"А500С",Ведомость!$V$5:$V$846,"Р-3",Ведомость!$W$5:$W$846,1) -> 0 | R12: =SUMIFS(Ведомость!$N$5:$N$846,Ведомость!$H$5:$H$846,20,Ведомость!$I$5:$I$846,"А500С",Ведомость!$V$5:$V$846,"Р-4",Ведомость!$W$5:$W$846,1) -> 6 | S12: =SUMIFS(Ведомость!$N$5:$N$846,Ведомость!$H$5:$H$846,20,Ведомость!$I$5:$I$846,"А500С",Ведомость!$V$5:$V$846,"Б-основная",Ведомость!$W$5:$W$846,1) -> 57.04 | T12: =SUMIFS(Ведомость!$N$5:$N$846,Ведомость!$H$5:$H$846,20,Ведомость!$I$5:$I$846,"А500С",Ведомость!$V$5:$V$846,"Б-хомуты",Ведомость!$W$5:$W$846,1) -> 0 | U12: =SUMIFS(Ведомость!$N$5:$N$846,Ведомость!$H$5:$H$846,20,Ведомость!$I$5:$I$846,"А500С",Ведомость!$V$5:$V$846,"Б-допник",Ведомость!$W$5:$W$846,1) -> 0 | V12: =SUMIFS(Ведомость!$N$5:$N$846,Ведомость!$H$5:$H$846,20,Ведомость!$I$5:$I$846,"А500С",Ведомость!$V$5:$V$846,"П-сетка",Ведомость!$W$5:$W$846,1) -> 0 | W12: =SUMIFS(Ведомость!$N$5:$N$846,Ведомость!$H$5:$H$846,20,Ведомость!$I$5:$I$846,"А500С",Ведомость!$V$5:$V$846,"П-фикс",Ведомость!$W$5:$W$846,1) -> 0 | X12: =SUMIFS(Ведомость!$N$5:$N$846,Ведомость!$H$5:$H$846,20,Ведомость!$I$5:$I$846,"А500С",Ведомость!$V$5:$V$846,"П-отв",Ведомость!$W$5:$W$846,1) -> 0 | Y12: =SUMIFS(Ведомость!$N$5:$N$846,Ведомость!$H$5:$H$846,20,Ведомость!$I$5:$I$846,"А500С",Ведомость!$V$5:$V$846,"П-доп-низ",Ведомость!$W$5:$W$846,1) -> 0 | Z12: =SUMIFS(Ведомость!$N$5:$N$846,Ведомость!$H$5:$H$846,20,Ведомость!$I$5:$I$846,"А500С",Ведомость!$V$5:$V$846,"П-доп-верх",Ведомость!$W$5:$W$846,1) -> 12 | AA12: =SUMIFS(Ведомость!$N$5:$N$846,Ведомость!$H$5:$H$846,20,Ведомость!$I$5:$I$846,"А500С",Ведомость!$V$5:$V$846,"П-край",Ведомость!$W$5:$W$846,1) -> 0 | AB12: =SUMIFS(Ведомость!$N$5:$N$846,Ведомость!$H$5:$H$846,20,Ведомость!$I$5:$I$846,"А500С",Ведомость!$V$5:$V$846,"С-1",Ведомость!$W$5:$W$846,1) -> 0 | AC12: =SUMIFS(Ведомость!$N$5:$N$846,Ведомость!$H$5:$H$846,20,Ведомость!$I$5:$I$846,"А500С",Ведомость!$V$5:$V$846,"Л1",Ведомость!$W$5:$W$846,1) -> 0 | AD12: =SUMIFS(Ведомость!$N$5:$N$846,Ведомость!$H$5:$H$846,20,Ведомость!$I$5:$I$846,"А500С",Ведомость!$V$5:$V$846,"Л2",Ведомость!$W$5:$W$846,1) -> 0 | AE12: =SUMIFS(Ведомость!$N$5:$N$846,Ведомость!$H$5:$H$846,20,Ведомость!$I$5:$I$846,"А500С",Ведомость!$V$5:$V$846,"Л-пл",Ведомость!$W$5:$W$846,1) -> 0 | AF12: =SUMIFS(Ведомость!$N$5:$N$846,Ведомость!$H$5:$H$846,20,Ведомость!$I$5:$I$846,"А500С",Ведомость!$V$5:$V$846,"Л-рама",Ведомость!$W$5:$W$846,1) -> 0 | AG12: =SUM(B12:AF12) -> 785.84 | AH12: =IFERROR(INDEX(Исходные!$B$18:$B$30,MATCH(20,Исходные!$A$18:$A$30,0)),0) -> 2.466 | AI12: =AG12*AH12*$AJ$2 -> 2073.5331 | AJ12: =SUM(B12:D12,F12,H12,J12:M12) -> 702.7 | AK12: =AH12 -> 2.466 | AL12: =AJ12*AK12*$AJ$2 -> 1854.1583 | AM12: =SUM(E12,G12,I12,N12:AB12) -> 83.14 | AN12: =AH12 -> 2.466 | AO12: =AM12*AN12*$AJ$2 -> 219.37487 | AP12: =SUM(AC12:AF12) -> 0 | AQ12: =AH12 -> 2.466 | AR12: =AP12*AQ12*$AJ$2 -> 0
A13: Диаметр 18 А500С, L=м.п. | B13: =SUMIFS(Ведомость!$N$5:$N$846,Ведомость!$H$5:$H$846,18,Ведомость!$I$5:$I$846,"А500С",Ведомость!$V$5:$V$846,"Дм-1",Ведомость!$W$5:$W$846,1) -> 107.496 | C13: =SUMIFS(Ведомость!$N$5:$N$846,Ведомость!$H$5:$H$846,18,Ведомость!$I$5:$I$846,"А500С",Ведомость!$V$5:$V$846,"Дм-2",Ведомость!$W$5:$W$846,1) -> 0 | D13: =SUMIFS(Ведомость!$N$5:$N$846,Ведомость!$H$5:$H$846,18,Ведомость!$I$5:$I$846,"А500С",Ведомость!$V$5:$V$846,"К-А",Ведомость!$W$5:$W$846,1) -> 0 | E13: =SUMIFS(Ведомость!$N$5:$N$846,Ведомость!$H$5:$H$846,18,Ведомость!$I$5:$I$846,"А500С",Ведомость!$V$5:$V$846,"Р-А",Ведомость!$W$5:$W$846,1) -> 51.576 | F13: =SUMIFS(Ведомость!$N$5:$N$846,Ведомость!$H$5:$H$846,18,Ведомость!$I$5:$I$846,"А500С",Ведомость!$V$5:$V$846,"К-Б",Ведомость!$W$5:$W$846,1) -> 0 | G13: =SUMIFS(Ведомость!$N$5:$N$846,Ведомость!$H$5:$H$846,18,Ведомость!$I$5:$I$846,"А500С",Ведомость!$V$5:$V$846,"Р-Б",Ведомость!$W$5:$W$846,1) -> 51.576 | H13: =SUMIFS(Ведомость!$N$5:$N$846,Ведомость!$H$5:$H$846,18,Ведомость!$I$5:$I$846,"А500С",Ведомость!$V$5:$V$846,"К-В",Ведомость!$W$5:$W$846,1) -> 0 | I13: =SUMIFS(Ведомость!$N$5:$N$846,Ведомость!$H$5:$H$846,18,Ведомость!$I$5:$I$846,"А500С",Ведомость!$V$5:$V$846,"Р-В",Ведомость!$W$5:$W$846,1) -> 51.576 | J13: =SUMIFS(Ведомость!$N$5:$N$846,Ведомость!$H$5:$H$846,18,Ведомость!$I$5:$I$846,"А500С",Ведомость!$V$5:$V$846,"К-Г",Ведомость!$W$5:$W$846,1) -> 0 | K13: =SUMIFS(Ведомость!$N$5:$N$846,Ведомость!$H$5:$H$846,18,Ведомость!$I$5:$I$846,"А500С",Ведомость!$V$5:$V$846,"Дм-3",Ведомость!$W$5:$W$846,1) -> 18.644 | L13: =SUMIFS(Ведомость!$N$5:$N$846,Ведомость!$H$5:$H$846,18,Ведомость!$I$5:$I$846,"А500С",Ведомость!$V$5:$V$846,"Дм-4",Ведомость!$W$5:$W$846,1) -> 14.5 | M13: =SUMIFS(Ведомость!$N$5:$N$846,Ведомость!$H$5:$H$846,18,Ведомость!$I$5:$I$846,"А500С",Ведомость!$V$5:$V$846,"Дм-5",Ведомость!$W$5:$W$846,1) -> 0 | N13: =SUMIFS(Ведомость!$N$5:$N$846,Ведомость!$H$5:$H$846,18,Ведомость!$I$5:$I$846,"А500С",Ведомость!$V$5:$V$846,"Р-Г",Ведомость!$W$5:$W$846,1) -> 51.576 | O13: =SUMIFS(Ведомость!$N$5:$N$846,Ведомость!$H$5:$H$846,18,Ведомость!$I$5:$I$846,"А500С",Ведомость!$V$5:$V$846,"Р-1, 5",Ведомость!$W$5:$W$846,1) -> 82.576 | P13: =SUMIFS(Ведомость!$N$5:$N$846,Ведомость!$H$5:$H$846,18,Ведомость!$I$5:$I$846,"А500С",Ведомость!$V$5:$V$846,"Р-2",Ведомость!$W$5:$W$846,1) -> 41.288 | Q13: =SUMIFS(Ведомость!$N$5:$N$846,Ведомость!$H$5:$H$846,18,Ведомость!$I$5:$I$846,"А500С",Ведомость!$V$5:$V$846,"Р-3",Ведомость!$W$5:$W$846,1) -> 41.288 | R13: =SUMIFS(Ведомость!$N$5:$N$846,Ведомость!$H$5:$H$846,18,Ведомость!$I$5:$I$846,"А500С",Ведомость!$V$5:$V$846,"Р-4",Ведомость!$W$5:$W$846,1) -> 41.288 | S13: =SUMIFS(Ведомость!$N$5:$N$846,Ведомость!$H$5:$H$846,18,Ведомость!$I$5:$I$846,"А500С",Ведомость!$V$5:$V$846,"Б-основная",Ведомость!$W$5:$W$846,1) -> 0 | T13: =SUMIFS(Ведомость!$N$5:$N$846,Ведомость!$H$5:$H$846,18,Ведомость!$I$5:$I$846,"А500С",Ведомость!$V$5:$V$846,"Б-хомуты",Ведомость!$W$5:$W$846,1) -> 0 | U13: =SUMIFS(Ведомость!$N$5:$N$846,Ведомость!$H$5:$H$846,18,Ведомость!$I$5:$I$846,"А500С",Ведомость!$V$5:$V$846,"Б-допник",Ведомость!$W$5:$W$846,1) -> 50.4 | V13: =SUMIFS(Ведомость!$N$5:$N$846,Ведомость!$H$5:$H$846,18,Ведомость!$I$5:$I$846,"А500С",Ведомость!$V$5:$V$846,"П-сетка",Ведомость!$W$5:$W$846,1) -> 0 | W13: =SUMIFS(Ведомость!$N$5:$N$846,Ведомость!$H$5:$H$846,18,Ведомость!$I$5:$I$846,"А500С",Ведомость!$V$5:$V$846,"П-фикс",Ведомость!$W$5:$W$846,1) -> 0 | X13: =SUMIFS(Ведомость!$N$5:$N$846,Ведомость!$H$5:$H$846,18,Ведомость!$I$5:$I$846,"А500С",Ведомость!$V$5:$V$846,"П-отв",Ведомость!$W$5:$W$846,1) -> 0 | Y13: =SUMIFS(Ведомость!$N$5:$N$846,Ведомость!$H$5:$H$846,18,Ведомость!$I$5:$I$846,"А500С",Ведомость!$V$5:$V$846,"П-доп-низ",Ведомость!$W$5:$W$846,1) -> 0 | Z13: =SUMIFS(Ведомость!$N$5:$N$846,Ведомость!$H$5:$H$846,18,Ведомость!$I$5:$I$846,"А500С",Ведомость!$V$5:$V$846,"П-доп-верх",Ведомость!$W$5:$W$846,1) -> 0 | AA13: =SUMIFS(Ведомость!$N$5:$N$846,Ведомость!$H$5:$H$846,18,Ведомость!$I$5:$I$846,"А500С",Ведомость!$V$5:$V$846,"П-край",Ведомость!$W$5:$W$846,1) -> 0 | AB13: =SUMIFS(Ведомость!$N$5:$N$846,Ведомость!$H$5:$H$846,18,Ведомость!$I$5:$I$846,"А500С",Ведомость!$V$5:$V$846,"С-1",Ведомость!$W$5:$W$846,1) -> 0 | AC13: =SUMIFS(Ведомость!$N$5:$N$846,Ведомость!$H$5:$H$846,18,Ведомость!$I$5:$I$846,"А500С",Ведомость!$V$5:$V$846,"Л1",Ведомость!$W$5:$W$846,1) -> 106.74 | AD13: =SUMIFS(Ведомость!$N$5:$N$846,Ведомость!$H$5:$H$846,18,Ведомость!$I$5:$I$846,"А500С",Ведомость!$V$5:$V$846,"Л2",Ведомость!$W$5:$W$846,1) -> 117.144 | AE13: =SUMIFS(Ведомость!$N$5:$N$846,Ведомость!$H$5:$H$846,18,Ведомость!$I$5:$I$846,"А500С",Ведомость!$V$5:$V$846,"Л-пл",Ведомость!$W$5:$W$846,1) -> 0 | AF13: =SUMIFS(Ведомость!$N$5:$N$846,Ведомость!$H$5:$H$846,18,Ведомость!$I$5:$I$846,"А500С",Ведомость!$V$5:$V$846,"Л-рама",Ведомость!$W$5:$W$846,1) -> 0 | AG13: =SUM(B13:AF13) -> 827.668 | AH13: =IFERROR(INDEX(Исходные!$B$18:$B$30,MATCH(18,Исходные!$A$18:$A$30,0)),0) -> 1.998 | AI13: =AG13*AH13*$AJ$2 -> 1769.4383 | AJ13: =SUM(B13:D13,F13,H13,J13:M13) -> 140.64 | AK13: =AH13 -> 1.998 | AL13: =AJ13*AK13*$AJ$2 -> 300.66863 | AM13: =SUM(E13,G13,I13,N13:AB13) -> 463.144 | AN13: =AH13 -> 1.998 | AO13: =AM13*AN13*$AJ$2 -> 990.13703 | AP13: =SUM(AC13:AF13) -> 223.884 | AQ13: =AH13 -> 1.998 | AR13: =AP13*AQ13*$AJ$2 -> 478.63265
A14: Диаметр 16 А500С, L=м.п. | B14: =SUMIFS(Ведомость!$N$5:$N$846,Ведомость!$H$5:$H$846,16,Ведомость!$I$5:$I$846,"А500С",Ведомость!$V$5:$V$846,"Дм-1",Ведомость!$W$5:$W$846,1) -> 81 | C14: =SUMIFS(Ведомость!$N$5:$N$846,Ведомость!$H$5:$H$846,16,Ведомость!$I$5:$I$846,"А500С",Ведомость!$V$5:$V$846,"Дм-2",Ведомость!$W$5:$W$846,1) -> 126 | D14: =SUMIFS(Ведомость!$N$5:$N$846,Ведомость!$H$5:$H$846,16,Ведомость!$I$5:$I$846,"А500С",Ведомость!$V$5:$V$846,"К-А",Ведомость!$W$5:$W$846,1) -> 0 | E14: =SUMIFS(Ведомость!$N$5:$N$846,Ведомость!$H$5:$H$846,16,Ведомость!$I$5:$I$846,"А500С",Ведомость!$V$5:$V$846,"Р-А",Ведомость!$W$5:$W$846,1) -> 77.012 | F14: =SUMIFS(Ведомость!$N$5:$N$846,Ведомость!$H$5:$H$846,16,Ведомость!$I$5:$I$846,"А500С",Ведомость!$V$5:$V$846,"К-Б",Ведомость!$W$5:$W$846,1) -> 0 | G14: =SUMIFS(Ведомость!$N$5:$N$846,Ведомость!$H$5:$H$846,16,Ведомость!$I$5:$I$846,"А500С",Ведомость!$V$5:$V$846,"Р-Б",Ведомость!$W$5:$W$846,1) -> 63.112 | H14: =SUMIFS(Ведомость!$N$5:$N$846,Ведомость!$H$5:$H$846,16,Ведомость!$I$5:$I$846,"А500С",Ведомость!$V$5:$V$846,"К-В",Ведомость!$W$5:$W$846,1) -> 0 | I14: =SUMIFS(Ведомость!$N$5:$N$846,Ведомость!$H$5:$H$846,16,Ведомость!$I$5:$I$846,"А500С",Ведомость!$V$5:$V$846,"Р-В",Ведомость!$W$5:$W$846,1) -> 63.112 | J14: =SUMIFS(Ведомость!$N$5:$N$846,Ведомость!$H$5:$H$846,16,Ведомость!$I$5:$I$846,"А500С",Ведомость!$V$5:$V$846,"К-Г",Ведомость!$W$5:$W$846,1) -> 0 | K14: =SUMIFS(Ведомость!$N$5:$N$846,Ведомость!$H$5:$H$846,16,Ведомость!$I$5:$I$846,"А500С",Ведомость!$V$5:$V$846,"Дм-3",Ведомость!$W$5:$W$846,1) -> 83 | L14: =SUMIFS(Ведомость!$N$5:$N$846,Ведомость!$H$5:$H$846,16,Ведомость!$I$5:$I$846,"А500С",Ведомость!$V$5:$V$846,"Дм-4",Ведомость!$W$5:$W$846,1) -> 52.2 | M14: =SUMIFS(Ведомость!$N$5:$N$846,Ведомость!$H$5:$H$846,16,Ведомость!$I$5:$I$846,"А500С",Ведомость!$V$5:$V$846,"Дм-5",Ведомость!$W$5:$W$846,1) -> 97.2 | N14: =SUMIFS(Ведомость!$N$5:$N$846,Ведомость!$H$5:$H$846,16,Ведомость!$I$5:$I$846,"А500С",Ведомость!$V$5:$V$846,"Р-Г",Ведомость!$W$5:$W$846,1) -> 55.212 | O14: =SUMIFS(Ведомость!$N$5:$N$846,Ведомость!$H$5:$H$846,16,Ведомость!$I$5:$I$846,"А500С",Ведомость!$V$5:$V$846,"Р-1, 5",Ведомость!$W$5:$W$846,1) -> 125.912 | P14: =SUMIFS(Ведомость!$N$5:$N$846,Ведомость!$H$5:$H$846,16,Ведомость!$I$5:$I$846,"А500С",Ведомость!$V$5:$V$846,"Р-2",Ведомость!$W$5:$W$846,1) -> 48.456 | Q14: =SUMIFS(Ведомость!$N$5:$N$846,Ведомость!$H$5:$H$846,16,Ведомость!$I$5:$I$846,"А500С",Ведомость!$V$5:$V$846,"Р-3",Ведомость!$W$5:$W$846,1) -> 56.956 | R14: =SUMIFS(Ведомость!$N$5:$N$846,Ведомость!$H$5:$H$846,16,Ведомость!$I$5:$I$846,"А500С",Ведомость!$V$5:$V$846,"Р-4",Ведомость!$W$5:$W$846,1) -> 45.856 | S14: =SUMIFS(Ведомость!$N$5:$N$846,Ведомость!$H$5:$H$846,16,Ведомость!$I$5:$I$846,"А500С",Ведомость!$V$5:$V$846,"Б-основная",Ведомость!$W$5:$W$846,1) -> 0 | T14: =SUMIFS(Ведомость!$N$5:$N$846,Ведомость!$H$5:$H$846,16,Ведомость!$I$5:$I$846,"А500С",Ведомость!$V$5:$V$846,"Б-хомуты",Ведомость!$W$5:$W$846,1) -> 0 | U14: =SUMIFS(Ведомость!$N$5:$N$846,Ведомость!$H$5:$H$846,16,Ведомость!$I$5:$I$846,"А500С",Ведомость!$V$5:$V$846,"Б-допник",Ведомость!$W$5:$W$846,1) -> 0 | V14: =SUMIFS(Ведомость!$N$5:$N$846,Ведомость!$H$5:$H$846,16,Ведомость!$I$5:$I$846,"А500С",Ведомость!$V$5:$V$846,"П-сетка",Ведомость!$W$5:$W$846,1) -> 0 | W14: =SUMIFS(Ведомость!$N$5:$N$846,Ведомость!$H$5:$H$846,16,Ведомость!$I$5:$I$846,"А500С",Ведомость!$V$5:$V$846,"П-фикс",Ведомость!$W$5:$W$846,1) -> 0 | X14: =SUMIFS(Ведомость!$N$5:$N$846,Ведомость!$H$5:$H$846,16,Ведомость!$I$5:$I$846,"А500С",Ведомость!$V$5:$V$846,"П-отв",Ведомость!$W$5:$W$846,1) -> 0 | Y14: =SUMIFS(Ведомость!$N$5:$N$846,Ведомость!$H$5:$H$846,16,Ведомость!$I$5:$I$846,"А500С",Ведомость!$V$5:$V$846,"П-доп-низ",Ведомость!$W$5:$W$846,1) -> 0 | Z14: =SUMIFS(Ведомость!$N$5:$N$846,Ведомость!$H$5:$H$846,16,Ведомость!$I$5:$I$846,"А500С",Ведомость!$V$5:$V$846,"П-доп-верх",Ведомость!$W$5:$W$846,1) -> 0 | AA14: =SUMIFS(Ведомость!$N$5:$N$846,Ведомость!$H$5:$H$846,16,Ведомость!$I$5:$I$846,"А500С",Ведомость!$V$5:$V$846,"П-край",Ведомость!$W$5:$W$846,1) -> 0 | AB14: =SUMIFS(Ведомость!$N$5:$N$846,Ведомость!$H$5:$H$846,16,Ведомость!$I$5:$I$846,"А500С",Ведомость!$V$5:$V$846,"С-1",Ведомость!$W$5:$W$846,1) -> 0 | AC14: =SUMIFS(Ведомость!$N$5:$N$846,Ведомость!$H$5:$H$846,16,Ведомость!$I$5:$I$846,"А500С",Ведомость!$V$5:$V$846,"Л1",Ведомость!$W$5:$W$846,1) -> 0 | AD14: =SUMIFS(Ведомость!$N$5:$N$846,Ведомость!$H$5:$H$846,16,Ведомость!$I$5:$I$846,"А500С",Ведомость!$V$5:$V$846,"Л2",Ведомость!$W$5:$W$846,1) -> 0 | AE14: =SUMIFS(Ведомость!$N$5:$N$846,Ведомость!$H$5:$H$846,16,Ведомость!$I$5:$I$846,"А500С",Ведомость!$V$5:$V$846,"Л-пл",Ведомость!$W$5:$W$846,1) -> 0 | AF14: =SUMIFS(Ведомость!$N$5:$N$846,Ведомость!$H$5:$H$846,16,Ведомость!$I$5:$I$846,"А500С",Ведомость!$V$5:$V$846,"Л-рама",Ведомость!$W$5:$W$846,1) -> 0 | AG14: =SUM(B14:AF14) -> 975.028 | AH14: =IFERROR(INDEX(Исходные!$B$18:$B$30,MATCH(16,Исходные!$A$18:$A$30,0)),0) -> 1.578 | AI14: =AG14*AH14*$AJ$2 -> 1646.2958 | AJ14: =SUM(B14:D14,F14,H14,J14:M14) -> 439.4 | AK14: =AH14 -> 1.578 | AL14: =AJ14*AK14*$AJ$2 -> 741.90932 | AM14: =SUM(E14,G14,I14,N14:AB14) -> 535.628 | AN14: =AH14 -> 1.578 | AO14: =AM14*AN14*$AJ$2 -> 904.38645 | AP14: =SUM(AC14:AF14) -> 0 | AQ14: =AH14 -> 1.578 | AR14: =AP14*AQ14*$AJ$2 -> 0
A15: Диаметр 14 А500С, L=м.п. | B15: =SUMIFS(Ведомость!$N$5:$N$846,Ведомость!$H$5:$H$846,14,Ведомость!$I$5:$I$846,"А500С",Ведомость!$V$5:$V$846,"Дм-1",Ведомость!$W$5:$W$846,1) -> 0 | C15: =SUMIFS(Ведомость!$N$5:$N$846,Ведомость!$H$5:$H$846,14,Ведомость!$I$5:$I$846,"А500С",Ведомость!$V$5:$V$846,"Дм-2",Ведомость!$W$5:$W$846,1) -> 0 | D15: =SUMIFS(Ведомость!$N$5:$N$846,Ведомость!$H$5:$H$846,14,Ведомость!$I$5:$I$846,"А500С",Ведомость!$V$5:$V$846,"К-А",Ведомость!$W$5:$W$846,1) -> 0 | E15: =SUMIFS(Ведомость!$N$5:$N$846,Ведомость!$H$5:$H$846,14,Ведомость!$I$5:$I$846,"А500С",Ведомость!$V$5:$V$846,"Р-А",Ведомость!$W$5:$W$846,1) -> 0 | F15: =SUMIFS(Ведомость!$N$5:$N$846,Ведомость!$H$5:$H$846,14,Ведомость!$I$5:$I$846,"А500С",Ведомость!$V$5:$V$846,"К-Б",Ведомость!$W$5:$W$846,1) -> 0 | G15: =SUMIFS(Ведомость!$N$5:$N$846,Ведомость!$H$5:$H$846,14,Ведомость!$I$5:$I$846,"А500С",Ведомость!$V$5:$V$846,"Р-Б",Ведомость!$W$5:$W$846,1) -> 14.8 | H15: =SUMIFS(Ведомость!$N$5:$N$846,Ведомость!$H$5:$H$846,14,Ведомость!$I$5:$I$846,"А500С",Ведомость!$V$5:$V$846,"К-В",Ведомость!$W$5:$W$846,1) -> 0 | I15: =SUMIFS(Ведомость!$N$5:$N$846,Ведомость!$H$5:$H$846,14,Ведомость!$I$5:$I$846,"А500С",Ведомость!$V$5:$V$846,"Р-В",Ведомость!$W$5:$W$846,1) -> 32 | J15: =SUMIFS(Ведомость!$N$5:$N$846,Ведомость!$H$5:$H$846,14,Ведомость!$I$5:$I$846,"А500С",Ведомость!$V$5:$V$846,"К-Г",Ведомость!$W$5:$W$846,1) -> 0 | K15: =SUMIFS(Ведомость!$N$5:$N$846,Ведомость!$H$5:$H$846,14,Ведомость!$I$5:$I$846,"А500С",Ведомость!$V$5:$V$846,"Дм-3",Ведомость!$W$5:$W$846,1) -> 52.2 | L15: =SUMIFS(Ведомость!$N$5:$N$846,Ведомость!$H$5:$H$846,14,Ведомость!$I$5:$I$846,"А500С",Ведомость!$V$5:$V$846,"Дм-4",Ведомость!$W$5:$W$846,1) -> 0 | M15: =SUMIFS(Ведомость!$N$5:$N$846,Ведомость!$H$5:$H$846,14,Ведомость!$I$5:$I$846,"А500С",Ведомость!$V$5:$V$846,"Дм-5",Ведомость!$W$5:$W$846,1) -> 8.7 | N15: =SUMIFS(Ведомость!$N$5:$N$846,Ведомость!$H$5:$H$846,14,Ведомость!$I$5:$I$846,"А500С",Ведомость!$V$5:$V$846,"Р-Г",Ведомость!$W$5:$W$846,1) -> 0 | O15: =SUMIFS(Ведомость!$N$5:$N$846,Ведомость!$H$5:$H$846,14,Ведомость!$I$5:$I$846,"А500С",Ведомость!$V$5:$V$846,"Р-1, 5",Ведомость!$W$5:$W$846,1) -> 0 | P15: =SUMIFS(Ведомость!$N$5:$N$846,Ведомость!$H$5:$H$846,14,Ведомость!$I$5:$I$846,"А500С",Ведомость!$V$5:$V$846,"Р-2",Ведомость!$W$5:$W$846,1) -> 36.7 | Q15: =SUMIFS(Ведомость!$N$5:$N$846,Ведомость!$H$5:$H$846,14,Ведомость!$I$5:$I$846,"А500С",Ведомость!$V$5:$V$846,"Р-3",Ведомость!$W$5:$W$846,1) -> 0 | R15: =SUMIFS(Ведомость!$N$5:$N$846,Ведомость!$H$5:$H$846,14,Ведомость!$I$5:$I$846,"А500С",Ведомость!$V$5:$V$846,"Р-4",Ведомость!$W$5:$W$846,1) -> 0 | S15: =SUMIFS(Ведомость!$N$5:$N$846,Ведомость!$H$5:$H$846,14,Ведомость!$I$5:$I$846,"А500С",Ведомость!$V$5:$V$846,"Б-основная",Ведомость!$W$5:$W$846,1) -> 0 | T15: =SUMIFS(Ведомость!$N$5:$N$846,Ведомость!$H$5:$H$846,14,Ведомость!$I$5:$I$846,"А500С",Ведомость!$V$5:$V$846,"Б-хомуты",Ведомость!$W$5:$W$846,1) -> 0 | U15: =SUMIFS(Ведомость!$N$5:$N$846,Ведомость!$H$5:$H$846,14,Ведомость!$I$5:$I$846,"А500С",Ведомость!$V$5:$V$846,"Б-допник",Ведомость!$W$5:$W$846,1) -> 0 | V15: =SUMIFS(Ведомость!$N$5:$N$846,Ведомость!$H$5:$H$846,14,Ведомость!$I$5:$I$846,"А500С",Ведомость!$V$5:$V$846,"П-сетка",Ведомость!$W$5:$W$846,1) -> 0 | W15: =SUMIFS(Ведомость!$N$5:$N$846,Ведомость!$H$5:$H$846,14,Ведомость!$I$5:$I$846,"А500С",Ведомость!$V$5:$V$846,"П-фикс",Ведомость!$W$5:$W$846,1) -> 0 | X15: =SUMIFS(Ведомость!$N$5:$N$846,Ведомость!$H$5:$H$846,14,Ведомость!$I$5:$I$846,"А500С",Ведомость!$V$5:$V$846,"П-отв",Ведомость!$W$5:$W$846,1) -> 0 | Y15: =SUMIFS(Ведомость!$N$5:$N$846,Ведомость!$H$5:$H$846,14,Ведомость!$I$5:$I$846,"А500С",Ведомость!$V$5:$V$846,"П-доп-низ",Ведомость!$W$5:$W$846,1) -> 0 | Z15: =SUMIFS(Ведомость!$N$5:$N$846,Ведомость!$H$5:$H$846,14,Ведомость!$I$5:$I$846,"А500С",Ведомость!$V$5:$V$846,"П-доп-верх",Ведомость!$W$5:$W$846,1) -> 0 | AA15: =SUMIFS(Ведомость!$N$5:$N$846,Ведомость!$H$5:$H$846,14,Ведомость!$I$5:$I$846,"А500С",Ведомость!$V$5:$V$846,"П-край",Ведомость!$W$5:$W$846,1) -> 96.06 | AB15: =SUMIFS(Ведомость!$N$5:$N$846,Ведомость!$H$5:$H$846,14,Ведомость!$I$5:$I$846,"А500С",Ведомость!$V$5:$V$846,"С-1",Ведомость!$W$5:$W$846,1) -> 0 | AC15: =SUMIFS(Ведомость!$N$5:$N$846,Ведомость!$H$5:$H$846,14,Ведомость!$I$5:$I$846,"А500С",Ведомость!$V$5:$V$846,"Л1",Ведомость!$W$5:$W$846,1) -> 0 | AD15: =SUMIFS(Ведомость!$N$5:$N$846,Ведомость!$H$5:$H$846,14,Ведомость!$I$5:$I$846,"А500С",Ведомость!$V$5:$V$846,"Л2",Ведомость!$W$5:$W$846,1) -> 0 | AE15: =SUMIFS(Ведомость!$N$5:$N$846,Ведомость!$H$5:$H$846,14,Ведомость!$I$5:$I$846,"А500С",Ведомость!$V$5:$V$846,"Л-пл",Ведомость!$W$5:$W$846,1) -> 0 | AF15: =SUMIFS(Ведомость!$N$5:$N$846,Ведомость!$H$5:$H$846,14,Ведомость!$I$5:$I$846,"А500С",Ведомость!$V$5:$V$846,"Л-рама",Ведомость!$W$5:$W$846,1) -> 0 | AG15: =SUM(B15:AF15) -> 240.46 | AH15: =IFERROR(INDEX(Исходные!$B$18:$B$30,MATCH(14,Исходные!$A$18:$A$30,0)),0) -> 1.208 | AI15: =AG15*AH15*$AJ$2 -> 310.80898 | AJ15: =SUM(B15:D15,F15,H15,J15:M15) -> 60.9 | AK15: =AH15 -> 1.208 | AL15: =AJ15*AK15*$AJ$2 -> 78.716904 | AM15: =SUM(E15,G15,I15,N15:AB15) -> 179.56 | AN15: =AH15 -> 1.208 | AO15: =AM15*AN15*$AJ$2 -> 232.09207 | AP15: =SUM(AC15:AF15) -> 0 | AQ15: =AH15 -> 1.208 | AR15: =AP15*AQ15*$AJ$2 -> 0
A16: Диаметр 12 А500С, L=м.п. | B16: =SUMIFS(Ведомость!$N$5:$N$846,Ведомость!$H$5:$H$846,12,Ведомость!$I$5:$I$846,"А500С",Ведомость!$V$5:$V$846,"Дм-1",Ведомость!$W$5:$W$846,1) -> 0 | C16: =SUMIFS(Ведомость!$N$5:$N$846,Ведомость!$H$5:$H$846,12,Ведомость!$I$5:$I$846,"А500С",Ведомость!$V$5:$V$846,"Дм-2",Ведомость!$W$5:$W$846,1) -> 0 | D16: =SUMIFS(Ведомость!$N$5:$N$846,Ведомость!$H$5:$H$846,12,Ведомость!$I$5:$I$846,"А500С",Ведомость!$V$5:$V$846,"К-А",Ведомость!$W$5:$W$846,1) -> 0 | E16: =SUMIFS(Ведомость!$N$5:$N$846,Ведомость!$H$5:$H$846,12,Ведомость!$I$5:$I$846,"А500С",Ведомость!$V$5:$V$846,"Р-А",Ведомость!$W$5:$W$846,1) -> 0 | F16: =SUMIFS(Ведомость!$N$5:$N$846,Ведомость!$H$5:$H$846,12,Ведомость!$I$5:$I$846,"А500С",Ведомость!$V$5:$V$846,"К-Б",Ведомость!$W$5:$W$846,1) -> 0 | G16: =SUMIFS(Ведомость!$N$5:$N$846,Ведомость!$H$5:$H$846,12,Ведомость!$I$5:$I$846,"А500С",Ведомость!$V$5:$V$846,"Р-Б",Ведомость!$W$5:$W$846,1) -> 28.4 | H16: =SUMIFS(Ведомость!$N$5:$N$846,Ведомость!$H$5:$H$846,12,Ведомость!$I$5:$I$846,"А500С",Ведомость!$V$5:$V$846,"К-В",Ведомость!$W$5:$W$846,1) -> 0 | I16: =SUMIFS(Ведомость!$N$5:$N$846,Ведомость!$H$5:$H$846,12,Ведомость!$I$5:$I$846,"А500С",Ведомость!$V$5:$V$846,"Р-В",Ведомость!$W$5:$W$846,1) -> 68.784 | J16: =SUMIFS(Ведомость!$N$5:$N$846,Ведомость!$H$5:$H$846,12,Ведомость!$I$5:$I$846,"А500С",Ведомость!$V$5:$V$846,"К-Г",Ведомость!$W$5:$W$846,1) -> 0 | K16: =SUMIFS(Ведомость!$N$5:$N$846,Ведомость!$H$5:$H$846,12,Ведомость!$I$5:$I$846,"А500С",Ведомость!$V$5:$V$846,"Дм-3",Ведомость!$W$5:$W$846,1) -> 0 | L16: =SUMIFS(Ведомость!$N$5:$N$846,Ведомость!$H$5:$H$846,12,Ведомость!$I$5:$I$846,"А500С",Ведомость!$V$5:$V$846,"Дм-4",Ведомость!$W$5:$W$846,1) -> 0 | M16: =SUMIFS(Ведомость!$N$5:$N$846,Ведомость!$H$5:$H$846,12,Ведомость!$I$5:$I$846,"А500С",Ведомость!$V$5:$V$846,"Дм-5",Ведомость!$W$5:$W$846,1) -> 0 | N16: =SUMIFS(Ведомость!$N$5:$N$846,Ведомость!$H$5:$H$846,12,Ведомость!$I$5:$I$846,"А500С",Ведомость!$V$5:$V$846,"Р-Г",Ведомость!$W$5:$W$846,1) -> 0 | O16: =SUMIFS(Ведомость!$N$5:$N$846,Ведомость!$H$5:$H$846,12,Ведомость!$I$5:$I$846,"А500С",Ведомость!$V$5:$V$846,"Р-1, 5",Ведомость!$W$5:$W$846,1) -> 16.4 | P16: =SUMIFS(Ведомость!$N$5:$N$846,Ведомость!$H$5:$H$846,12,Ведомость!$I$5:$I$846,"А500С",Ведомость!$V$5:$V$846,"Р-2",Ведомость!$W$5:$W$846,1) -> 0 | Q16: =SUMIFS(Ведомость!$N$5:$N$846,Ведомость!$H$5:$H$846,12,Ведомость!$I$5:$I$846,"А500С",Ведомость!$V$5:$V$846,"Р-3",Ведомость!$W$5:$W$846,1) -> 38.6 | R16: =SUMIFS(Ведомость!$N$5:$N$846,Ведомость!$H$5:$H$846,12,Ведомость!$I$5:$I$846,"А500С",Ведомость!$V$5:$V$846,"Р-4",Ведомость!$W$5:$W$846,1) -> 46.8 | S16: =SUMIFS(Ведомость!$N$5:$N$846,Ведомость!$H$5:$H$846,12,Ведомость!$I$5:$I$846,"А500С",Ведомость!$V$5:$V$846,"Б-основная",Ведомость!$W$5:$W$846,1) -> 0 | T16: =SUMIFS(Ведомость!$N$5:$N$846,Ведомость!$H$5:$H$846,12,Ведомость!$I$5:$I$846,"А500С",Ведомость!$V$5:$V$846,"Б-хомуты",Ведомость!$W$5:$W$846,1) -> 0 | U16: =SUMIFS(Ведомость!$N$5:$N$846,Ведомость!$H$5:$H$846,12,Ведомость!$I$5:$I$846,"А500С",Ведомость!$V$5:$V$846,"Б-допник",Ведомость!$W$5:$W$846,1) -> 0 | V16: =SUMIFS(Ведомость!$N$5:$N$846,Ведомость!$H$5:$H$846,12,Ведомость!$I$5:$I$846,"А500С",Ведомость!$V$5:$V$846,"П-сетка",Ведомость!$W$5:$W$846,1) -> 0 | W16: =SUMIFS(Ведомость!$N$5:$N$846,Ведомость!$H$5:$H$846,12,Ведомость!$I$5:$I$846,"А500С",Ведомость!$V$5:$V$846,"П-фикс",Ведомость!$W$5:$W$846,1) -> 0 | X16: =SUMIFS(Ведомость!$N$5:$N$846,Ведомость!$H$5:$H$846,12,Ведомость!$I$5:$I$846,"А500С",Ведомость!$V$5:$V$846,"П-отв",Ведомость!$W$5:$W$846,1) -> 0 | Y16: =SUMIFS(Ведомость!$N$5:$N$846,Ведомость!$H$5:$H$846,12,Ведомость!$I$5:$I$846,"А500С",Ведомость!$V$5:$V$846,"П-доп-низ",Ведомость!$W$5:$W$846,1) -> 0 | Z16: =SUMIFS(Ведомость!$N$5:$N$846,Ведомость!$H$5:$H$846,12,Ведомость!$I$5:$I$846,"А500С",Ведомость!$V$5:$V$846,"П-доп-верх",Ведомость!$W$5:$W$846,1) -> 43.2 | AA16: =SUMIFS(Ведомость!$N$5:$N$846,Ведомость!$H$5:$H$846,12,Ведомость!$I$5:$I$846,"А500С",Ведомость!$V$5:$V$846,"П-край",Ведомость!$W$5:$W$846,1) -> 0 | AB16: =SUMIFS(Ведомость!$N$5:$N$846,Ведомость!$H$5:$H$846,12,Ведомость!$I$5:$I$846,"А500С",Ведомость!$V$5:$V$846,"С-1",Ведомость!$W$5:$W$846,1) -> 0 | AC16: =SUMIFS(Ведомость!$N$5:$N$846,Ведомость!$H$5:$H$846,12,Ведомость!$I$5:$I$846,"А500С",Ведомость!$V$5:$V$846,"Л1",Ведомость!$W$5:$W$846,1) -> 0 | AD16: =SUMIFS(Ведомость!$N$5:$N$846,Ведомость!$H$5:$H$846,12,Ведомость!$I$5:$I$846,"А500С",Ведомость!$V$5:$V$846,"Л2",Ведомость!$W$5:$W$846,1) -> 0 | AE16: =SUMIFS(Ведомость!$N$5:$N$846,Ведомость!$H$5:$H$846,12,Ведомость!$I$5:$I$846,"А500С",Ведомость!$V$5:$V$846,"Л-пл",Ведомость!$W$5:$W$846,1) -> 0 | AF16: =SUMIFS(Ведомость!$N$5:$N$846,Ведомость!$H$5:$H$846,12,Ведомость!$I$5:$I$846,"А500С",Ведомость!$V$5:$V$846,"Л-рама",Ведомость!$W$5:$W$846,1) -> 0 | AG16: =SUM(B16:AF16) -> 242.184 | AH16: =IFERROR(INDEX(Исходные!$B$18:$B$30,MATCH(12,Исходные!$A$18:$A$30,0)),0) -> 0.888 | AI16: =AG16*AH16*$AJ$2 -> 230.11355 | AJ16: =SUM(B16:D16,F16,H16,J16:M16) -> 0 | AK16: =AH16 -> 0.888 | AL16: =AJ16*AK16*$AJ$2 -> 0 | AM16: =SUM(E16,G16,I16,N16:AB16) -> 242.184 | AN16: =AH16 -> 0.888 | AO16: =AM16*AN16*$AJ$2 -> 230.11355 | AP16: =SUM(AC16:AF16) -> 0 | AQ16: =AH16 -> 0.888 | AR16: =AP16*AQ16*$AJ$2 -> 0
A17: Диаметр 10 А500С, L=м.п. | B17: =SUMIFS(Ведомость!$N$5:$N$846,Ведомость!$H$5:$H$846,10,Ведомость!$I$5:$I$846,"А500С",Ведомость!$V$5:$V$846,"Дм-1",Ведомость!$W$5:$W$846,1) -> 4.8 | C17: =SUMIFS(Ведомость!$N$5:$N$846,Ведомость!$H$5:$H$846,10,Ведомость!$I$5:$I$846,"А500С",Ведомость!$V$5:$V$846,"Дм-2",Ведомость!$W$5:$W$846,1) -> 0 | D17: =SUMIFS(Ведомость!$N$5:$N$846,Ведомость!$H$5:$H$846,10,Ведомость!$I$5:$I$846,"А500С",Ведомость!$V$5:$V$846,"К-А",Ведомость!$W$5:$W$846,1) -> 0 | E17: =SUMIFS(Ведомость!$N$5:$N$846,Ведомость!$H$5:$H$846,10,Ведомость!$I$5:$I$846,"А500С",Ведомость!$V$5:$V$846,"Р-А",Ведомость!$W$5:$W$846,1) -> 0 | F17: =SUMIFS(Ведомость!$N$5:$N$846,Ведомость!$H$5:$H$846,10,Ведомость!$I$5:$I$846,"А500С",Ведомость!$V$5:$V$846,"К-Б",Ведомость!$W$5:$W$846,1) -> 0 | G17: =SUMIFS(Ведомость!$N$5:$N$846,Ведомость!$H$5:$H$846,10,Ведомость!$I$5:$I$846,"А500С",Ведомость!$V$5:$V$846,"Р-Б",Ведомость!$W$5:$W$846,1) -> 0 | H17: =SUMIFS(Ведомость!$N$5:$N$846,Ведомость!$H$5:$H$846,10,Ведомость!$I$5:$I$846,"А500С",Ведомость!$V$5:$V$846,"К-В",Ведомость!$W$5:$W$846,1) -> 0 | I17: =SUMIFS(Ведомость!$N$5:$N$846,Ведомость!$H$5:$H$846,10,Ведомость!$I$5:$I$846,"А500С",Ведомость!$V$5:$V$846,"Р-В",Ведомость!$W$5:$W$846,1) -> 0 | J17: =SUMIFS(Ведомость!$N$5:$N$846,Ведомость!$H$5:$H$846,10,Ведомость!$I$5:$I$846,"А500С",Ведомость!$V$5:$V$846,"К-Г",Ведомость!$W$5:$W$846,1) -> 0 | K17: =SUMIFS(Ведомость!$N$5:$N$846,Ведомость!$H$5:$H$846,10,Ведомость!$I$5:$I$846,"А500С",Ведомость!$V$5:$V$846,"Дм-3",Ведомость!$W$5:$W$846,1) -> 0 | L17: =SUMIFS(Ведомость!$N$5:$N$846,Ведомость!$H$5:$H$846,10,Ведомость!$I$5:$I$846,"А500С",Ведомость!$V$5:$V$846,"Дм-4",Ведомость!$W$5:$W$846,1) -> 0 | M17: =SUMIFS(Ведомость!$N$5:$N$846,Ведомость!$H$5:$H$846,10,Ведомость!$I$5:$I$846,"А500С",Ведомость!$V$5:$V$846,"Дм-5",Ведомость!$W$5:$W$846,1) -> 7.5 | N17: =SUMIFS(Ведомость!$N$5:$N$846,Ведомость!$H$5:$H$846,10,Ведомость!$I$5:$I$846,"А500С",Ведомость!$V$5:$V$846,"Р-Г",Ведомость!$W$5:$W$846,1) -> 0 | O17: =SUMIFS(Ведомость!$N$5:$N$846,Ведомость!$H$5:$H$846,10,Ведомость!$I$5:$I$846,"А500С",Ведомость!$V$5:$V$846,"Р-1, 5",Ведомость!$W$5:$W$846,1) -> 0 | P17: =SUMIFS(Ведомость!$N$5:$N$846,Ведомость!$H$5:$H$846,10,Ведомость!$I$5:$I$846,"А500С",Ведомость!$V$5:$V$846,"Р-2",Ведомость!$W$5:$W$846,1) -> 0 | Q17: =SUMIFS(Ведомость!$N$5:$N$846,Ведомость!$H$5:$H$846,10,Ведомость!$I$5:$I$846,"А500С",Ведомость!$V$5:$V$846,"Р-3",Ведомость!$W$5:$W$846,1) -> 0 | R17: =SUMIFS(Ведомость!$N$5:$N$846,Ведомость!$H$5:$H$846,10,Ведомость!$I$5:$I$846,"А500С",Ведомость!$V$5:$V$846,"Р-4",Ведомость!$W$5:$W$846,1) -> 0 | S17: =SUMIFS(Ведомость!$N$5:$N$846,Ведомость!$H$5:$H$846,10,Ведомость!$I$5:$I$846,"А500С",Ведомость!$V$5:$V$846,"Б-основная",Ведомость!$W$5:$W$846,1) -> 0 | T17: =SUMIFS(Ведомость!$N$5:$N$846,Ведомость!$H$5:$H$846,10,Ведомость!$I$5:$I$846,"А500С",Ведомость!$V$5:$V$846,"Б-хомуты",Ведомость!$W$5:$W$846,1) -> 0 | U17: =SUMIFS(Ведомость!$N$5:$N$846,Ведомость!$H$5:$H$846,10,Ведомость!$I$5:$I$846,"А500С",Ведомость!$V$5:$V$846,"Б-допник",Ведомость!$W$5:$W$846,1) -> 0 | V17: =SUMIFS(Ведомость!$N$5:$N$846,Ведомость!$H$5:$H$846,10,Ведомость!$I$5:$I$846,"А500С",Ведомость!$V$5:$V$846,"П-сетка",Ведомость!$W$5:$W$846,1) -> 11113.06 | W17: =SUMIFS(Ведомость!$N$5:$N$846,Ведомость!$H$5:$H$846,10,Ведомость!$I$5:$I$846,"А500С",Ведомость!$V$5:$V$846,"П-фикс",Ведомость!$W$5:$W$846,1) -> 0 | X17: =SUMIFS(Ведомость!$N$5:$N$846,Ведомость!$H$5:$H$846,10,Ведомость!$I$5:$I$846,"А500С",Ведомость!$V$5:$V$846,"П-отв",Ведомость!$W$5:$W$846,1) -> 0 | Y17: =SUMIFS(Ведомость!$N$5:$N$846,Ведомость!$H$5:$H$846,10,Ведомость!$I$5:$I$846,"А500С",Ведомость!$V$5:$V$846,"П-доп-низ",Ведомость!$W$5:$W$846,1) -> 393 | Z17: =SUMIFS(Ведомость!$N$5:$N$846,Ведомость!$H$5:$H$846,10,Ведомость!$I$5:$I$846,"А500С",Ведомость!$V$5:$V$846,"П-доп-верх",Ведомость!$W$5:$W$846,1) -> 529 | AA17: =SUMIFS(Ведомость!$N$5:$N$846,Ведомость!$H$5:$H$846,10,Ведомость!$I$5:$I$846,"А500С",Ведомость!$V$5:$V$846,"П-край",Ведомость!$W$5:$W$846,1) -> 0 | AB17: =SUMIFS(Ведомость!$N$5:$N$846,Ведомость!$H$5:$H$846,10,Ведомость!$I$5:$I$846,"А500С",Ведомость!$V$5:$V$846,"С-1",Ведомость!$W$5:$W$846,1) -> 957.6 | AC17: =SUMIFS(Ведомость!$N$5:$N$846,Ведомость!$H$5:$H$846,10,Ведомость!$I$5:$I$846,"А500С",Ведомость!$V$5:$V$846,"Л1",Ведомость!$W$5:$W$846,1) -> 73.78 | AD17: =SUMIFS(Ведомость!$N$5:$N$846,Ведомость!$H$5:$H$846,10,Ведомость!$I$5:$I$846,"А500С",Ведомость!$V$5:$V$846,"Л2",Ведомость!$W$5:$W$846,1) -> 76.16 | AE17: =SUMIFS(Ведомость!$N$5:$N$846,Ведомость!$H$5:$H$846,10,Ведомость!$I$5:$I$846,"А500С",Ведомость!$V$5:$V$846,"Л-пл",Ведомость!$W$5:$W$846,1) -> 87.28 | AF17: =SUMIFS(Ведомость!$N$5:$N$846,Ведомость!$H$5:$H$846,10,Ведомость!$I$5:$I$846,"А500С",Ведомость!$V$5:$V$846,"Л-рама",Ведомость!$W$5:$W$846,1) -> 0 | AG17: =SUM(B17:AF17) -> 13242.18 | AH17: =IFERROR(INDEX(Исходные!$B$18:$B$30,MATCH(10,Исходные!$A$18:$A$30,0)),0) -> 0.617 | AI17: =AG17*AH17*$AJ$2 -> 8742.3548 | AJ17: =SUM(B17:D17,F17,H17,J17:M17) -> 12.3 | AK17: =AH17 -> 0.617 | AL17: =AJ17*AK17*$AJ$2 -> 8.120337 | AM17: =SUM(E17,G17,I17,N17:AB17) -> 12992.66 | AN17: =AH17 -> 0.617 | AO17: =AM17*AN17*$AJ$2 -> 8577.6242 | AP17: =SUM(AC17:AF17) -> 237.22 | AQ17: =AH17 -> 0.617 | AR17: =AP17*AQ17*$AJ$2 -> 156.61027
A18: Диаметр 8 А500С, L=м.п. | B18: =SUMIFS(Ведомость!$N$5:$N$846,Ведомость!$H$5:$H$846,8,Ведомость!$I$5:$I$846,"А500С",Ведомость!$V$5:$V$846,"Дм-1",Ведомость!$W$5:$W$846,1) -> 0 | C18: =SUMIFS(Ведомость!$N$5:$N$846,Ведомость!$H$5:$H$846,8,Ведомость!$I$5:$I$846,"А500С",Ведомость!$V$5:$V$846,"Дм-2",Ведомость!$W$5:$W$846,1) -> 0 | D18: =SUMIFS(Ведомость!$N$5:$N$846,Ведомость!$H$5:$H$846,8,Ведомость!$I$5:$I$846,"А500С",Ведомость!$V$5:$V$846,"К-А",Ведомость!$W$5:$W$846,1) -> 0 | E18: =SUMIFS(Ведомость!$N$5:$N$846,Ведомость!$H$5:$H$846,8,Ведомость!$I$5:$I$846,"А500С",Ведомость!$V$5:$V$846,"Р-А",Ведомость!$W$5:$W$846,1) -> 0 | F18: =SUMIFS(Ведомость!$N$5:$N$846,Ведомость!$H$5:$H$846,8,Ведомость!$I$5:$I$846,"А500С",Ведомость!$V$5:$V$846,"К-Б",Ведомость!$W$5:$W$846,1) -> 0 | G18: =SUMIFS(Ведомость!$N$5:$N$846,Ведомость!$H$5:$H$846,8,Ведомость!$I$5:$I$846,"А500С",Ведомость!$V$5:$V$846,"Р-Б",Ведомость!$W$5:$W$846,1) -> 0 | H18: =SUMIFS(Ведомость!$N$5:$N$846,Ведомость!$H$5:$H$846,8,Ведомость!$I$5:$I$846,"А500С",Ведомость!$V$5:$V$846,"К-В",Ведомость!$W$5:$W$846,1) -> 0 | I18: =SUMIFS(Ведомость!$N$5:$N$846,Ведомость!$H$5:$H$846,8,Ведомость!$I$5:$I$846,"А500С",Ведомость!$V$5:$V$846,"Р-В",Ведомость!$W$5:$W$846,1) -> 0 | J18: =SUMIFS(Ведомость!$N$5:$N$846,Ведомость!$H$5:$H$846,8,Ведомость!$I$5:$I$846,"А500С",Ведомость!$V$5:$V$846,"К-Г",Ведомость!$W$5:$W$846,1) -> 0 | K18: =SUMIFS(Ведомость!$N$5:$N$846,Ведомость!$H$5:$H$846,8,Ведомость!$I$5:$I$846,"А500С",Ведомость!$V$5:$V$846,"Дм-3",Ведомость!$W$5:$W$846,1) -> 0 | L18: =SUMIFS(Ведомость!$N$5:$N$846,Ведомость!$H$5:$H$846,8,Ведомость!$I$5:$I$846,"А500С",Ведомость!$V$5:$V$846,"Дм-4",Ведомость!$W$5:$W$846,1) -> 0 | M18: =SUMIFS(Ведомость!$N$5:$N$846,Ведомость!$H$5:$H$846,8,Ведомость!$I$5:$I$846,"А500С",Ведомость!$V$5:$V$846,"Дм-5",Ведомость!$W$5:$W$846,1) -> 0 | N18: =SUMIFS(Ведомость!$N$5:$N$846,Ведомость!$H$5:$H$846,8,Ведомость!$I$5:$I$846,"А500С",Ведомость!$V$5:$V$846,"Р-Г",Ведомость!$W$5:$W$846,1) -> 0 | O18: =SUMIFS(Ведомость!$N$5:$N$846,Ведомость!$H$5:$H$846,8,Ведомость!$I$5:$I$846,"А500С",Ведомость!$V$5:$V$846,"Р-1, 5",Ведомость!$W$5:$W$846,1) -> 0 | P18: =SUMIFS(Ведомость!$N$5:$N$846,Ведомость!$H$5:$H$846,8,Ведомость!$I$5:$I$846,"А500С",Ведомость!$V$5:$V$846,"Р-2",Ведомость!$W$5:$W$846,1) -> 0 | Q18: =SUMIFS(Ведомость!$N$5:$N$846,Ведомость!$H$5:$H$846,8,Ведомость!$I$5:$I$846,"А500С",Ведомость!$V$5:$V$846,"Р-3",Ведомость!$W$5:$W$846,1) -> 0 | R18: =SUMIFS(Ведомость!$N$5:$N$846,Ведомость!$H$5:$H$846,8,Ведомость!$I$5:$I$846,"А500С",Ведомость!$V$5:$V$846,"Р-4",Ведомость!$W$5:$W$846,1) -> 0 | S18: =SUMIFS(Ведомость!$N$5:$N$846,Ведомость!$H$5:$H$846,8,Ведомость!$I$5:$I$846,"А500С",Ведомость!$V$5:$V$846,"Б-основная",Ведомость!$W$5:$W$846,1) -> 0 | T18: =SUMIFS(Ведомость!$N$5:$N$846,Ведомость!$H$5:$H$846,8,Ведомость!$I$5:$I$846,"А500С",Ведомость!$V$5:$V$846,"Б-хомуты",Ведомость!$W$5:$W$846,1) -> 0 | U18: =SUMIFS(Ведомость!$N$5:$N$846,Ведомость!$H$5:$H$846,8,Ведомость!$I$5:$I$846,"А500С",Ведомость!$V$5:$V$846,"Б-допник",Ведомость!$W$5:$W$846,1) -> 0 | V18: =SUMIFS(Ведомость!$N$5:$N$846,Ведомость!$H$5:$H$846,8,Ведомость!$I$5:$I$846,"А500С",Ведомость!$V$5:$V$846,"П-сетка",Ведомость!$W$5:$W$846,1) -> 0 | W18: =SUMIFS(Ведомость!$N$5:$N$846,Ведомость!$H$5:$H$846,8,Ведомость!$I$5:$I$846,"А500С",Ведомость!$V$5:$V$846,"П-фикс",Ведомость!$W$5:$W$846,1) -> 0 | X18: =SUMIFS(Ведомость!$N$5:$N$846,Ведомость!$H$5:$H$846,8,Ведомость!$I$5:$I$846,"А500С",Ведомость!$V$5:$V$846,"П-отв",Ведомость!$W$5:$W$846,1) -> 0 | Y18: =SUMIFS(Ведомость!$N$5:$N$846,Ведомость!$H$5:$H$846,8,Ведомость!$I$5:$I$846,"А500С",Ведомость!$V$5:$V$846,"П-доп-низ",Ведомость!$W$5:$W$846,1) -> 0 | Z18: =SUMIFS(Ведомость!$N$5:$N$846,Ведомость!$H$5:$H$846,8,Ведомость!$I$5:$I$846,"А500С",Ведомость!$V$5:$V$846,"П-доп-верх",Ведомость!$W$5:$W$846,1) -> 0 | AA18: =SUMIFS(Ведомость!$N$5:$N$846,Ведомость!$H$5:$H$846,8,Ведомость!$I$5:$I$846,"А500С",Ведомость!$V$5:$V$846,"П-край",Ведомость!$W$5:$W$846,1) -> 0 | AB18: =SUMIFS(Ведомость!$N$5:$N$846,Ведомость!$H$5:$H$846,8,Ведомость!$I$5:$I$846,"А500С",Ведомость!$V$5:$V$846,"С-1",Ведомость!$W$5:$W$846,1) -> 0 | AC18: =SUMIFS(Ведомость!$N$5:$N$846,Ведомость!$H$5:$H$846,8,Ведомость!$I$5:$I$846,"А500С",Ведомость!$V$5:$V$846,"Л1",Ведомость!$W$5:$W$846,1) -> 0 | AD18: =SUMIFS(Ведомость!$N$5:$N$846,Ведомость!$H$5:$H$846,8,Ведомость!$I$5:$I$846,"А500С",Ведомость!$V$5:$V$846,"Л2",Ведомость!$W$5:$W$846,1) -> 0 | AE18: =SUMIFS(Ведомость!$N$5:$N$846,Ведомость!$H$5:$H$846,8,Ведомость!$I$5:$I$846,"А500С",Ведомость!$V$5:$V$846,"Л-пл",Ведомость!$W$5:$W$846,1) -> 0 | AF18: =SUMIFS(Ведомость!$N$5:$N$846,Ведомость!$H$5:$H$846,8,Ведомость!$I$5:$I$846,"А500С",Ведомость!$V$5:$V$846,"Л-рама",Ведомость!$W$5:$W$846,1) -> 0 | AG18: =SUM(B18:AF18) -> 0 | AH18: =IFERROR(INDEX(Исходные!$B$18:$B$30,MATCH(8,Исходные!$A$18:$A$30,0)),0) -> 0.395 | AI18: =AG18*AH18*$AJ$2 -> 0 | AJ18: =SUM(B18:D18,F18,H18,J18:M18) -> 0 | AK18: =AH18 -> 0.395 | AL18: =AJ18*AK18*$AJ$2 -> 0 | AM18: =SUM(E18,G18,I18,N18:AB18) -> 0 | AN18: =AH18 -> 0.395 | AO18: =AM18*AN18*$AJ$2 -> 0 | AP18: =SUM(AC18:AF18) -> 0 | AQ18: =AH18 -> 0.395 | AR18: =AP18*AQ18*$AJ$2 -> 0
A19: Диаметр 16 А240, L=м.п. | B19: =SUMIFS(Ведомость!$N$5:$N$846,Ведомость!$H$5:$H$846,16,Ведомость!$I$5:$I$846,"А240",Ведомость!$V$5:$V$846,"Дм-1",Ведомость!$W$5:$W$846,1) -> 0 | C19: =SUMIFS(Ведомость!$N$5:$N$846,Ведомость!$H$5:$H$846,16,Ведомость!$I$5:$I$846,"А240",Ведомость!$V$5:$V$846,"Дм-2",Ведомость!$W$5:$W$846,1) -> 0 | D19: =SUMIFS(Ведомость!$N$5:$N$846,Ведомость!$H$5:$H$846,16,Ведомость!$I$5:$I$846,"А240",Ведомость!$V$5:$V$846,"К-А",Ведомость!$W$5:$W$846,1) -> 0 | E19: =SUMIFS(Ведомость!$N$5:$N$846,Ведомость!$H$5:$H$846,16,Ведомость!$I$5:$I$846,"А240",Ведомость!$V$5:$V$846,"Р-А",Ведомость!$W$5:$W$846,1) -> 0 | F19: =SUMIFS(Ведомость!$N$5:$N$846,Ведомость!$H$5:$H$846,16,Ведомость!$I$5:$I$846,"А240",Ведомость!$V$5:$V$846,"К-Б",Ведомость!$W$5:$W$846,1) -> 0 | G19: =SUMIFS(Ведомость!$N$5:$N$846,Ведомость!$H$5:$H$846,16,Ведомость!$I$5:$I$846,"А240",Ведомость!$V$5:$V$846,"Р-Б",Ведомость!$W$5:$W$846,1) -> 0 | H19: =SUMIFS(Ведомость!$N$5:$N$846,Ведомость!$H$5:$H$846,16,Ведомость!$I$5:$I$846,"А240",Ведомость!$V$5:$V$846,"К-В",Ведомость!$W$5:$W$846,1) -> 0 | I19: =SUMIFS(Ведомость!$N$5:$N$846,Ведомость!$H$5:$H$846,16,Ведомость!$I$5:$I$846,"А240",Ведомость!$V$5:$V$846,"Р-В",Ведомость!$W$5:$W$846,1) -> 0 | J19: =SUMIFS(Ведомость!$N$5:$N$846,Ведомость!$H$5:$H$846,16,Ведомость!$I$5:$I$846,"А240",Ведомость!$V$5:$V$846,"К-Г",Ведомость!$W$5:$W$846,1) -> 0 | K19: =SUMIFS(Ведомость!$N$5:$N$846,Ведомость!$H$5:$H$846,16,Ведомость!$I$5:$I$846,"А240",Ведомость!$V$5:$V$846,"Дм-3",Ведомость!$W$5:$W$846,1) -> 0 | L19: =SUMIFS(Ведомость!$N$5:$N$846,Ведомость!$H$5:$H$846,16,Ведомость!$I$5:$I$846,"А240",Ведомость!$V$5:$V$846,"Дм-4",Ведомость!$W$5:$W$846,1) -> 0 | M19: =SUMIFS(Ведомость!$N$5:$N$846,Ведомость!$H$5:$H$846,16,Ведомость!$I$5:$I$846,"А240",Ведомость!$V$5:$V$846,"Дм-5",Ведомость!$W$5:$W$846,1) -> 0 | N19: =SUMIFS(Ведомость!$N$5:$N$846,Ведомость!$H$5:$H$846,16,Ведомость!$I$5:$I$846,"А240",Ведомость!$V$5:$V$846,"Р-Г",Ведомость!$W$5:$W$846,1) -> 0 | O19: =SUMIFS(Ведомость!$N$5:$N$846,Ведомость!$H$5:$H$846,16,Ведомость!$I$5:$I$846,"А240",Ведомость!$V$5:$V$846,"Р-1, 5",Ведомость!$W$5:$W$846,1) -> 0 | P19: =SUMIFS(Ведомость!$N$5:$N$846,Ведомость!$H$5:$H$846,16,Ведомость!$I$5:$I$846,"А240",Ведомость!$V$5:$V$846,"Р-2",Ведомость!$W$5:$W$846,1) -> 0 | Q19: =SUMIFS(Ведомость!$N$5:$N$846,Ведомость!$H$5:$H$846,16,Ведомость!$I$5:$I$846,"А240",Ведомость!$V$5:$V$846,"Р-3",Ведомость!$W$5:$W$846,1) -> 0 | R19: =SUMIFS(Ведомость!$N$5:$N$846,Ведомость!$H$5:$H$846,16,Ведомость!$I$5:$I$846,"А240",Ведомость!$V$5:$V$846,"Р-4",Ведомость!$W$5:$W$846,1) -> 0 | S19: =SUMIFS(Ведомость!$N$5:$N$846,Ведомость!$H$5:$H$846,16,Ведомость!$I$5:$I$846,"А240",Ведомость!$V$5:$V$846,"Б-основная",Ведомость!$W$5:$W$846,1) -> 0 | T19: =SUMIFS(Ведомость!$N$5:$N$846,Ведомость!$H$5:$H$846,16,Ведомость!$I$5:$I$846,"А240",Ведомость!$V$5:$V$846,"Б-хомуты",Ведомость!$W$5:$W$846,1) -> 0 | U19: =SUMIFS(Ведомость!$N$5:$N$846,Ведомость!$H$5:$H$846,16,Ведомость!$I$5:$I$846,"А240",Ведомость!$V$5:$V$846,"Б-допник",Ведомость!$W$5:$W$846,1) -> 0 | V19: =SUMIFS(Ведомость!$N$5:$N$846,Ведомость!$H$5:$H$846,16,Ведомость!$I$5:$I$846,"А240",Ведомость!$V$5:$V$846,"П-сетка",Ведомость!$W$5:$W$846,1) -> 0 | W19: =SUMIFS(Ведомость!$N$5:$N$846,Ведомость!$H$5:$H$846,16,Ведомость!$I$5:$I$846,"А240",Ведомость!$V$5:$V$846,"П-фикс",Ведомость!$W$5:$W$846,1) -> 0 | X19: =SUMIFS(Ведомость!$N$5:$N$846,Ведомость!$H$5:$H$846,16,Ведомость!$I$5:$I$846,"А240",Ведомость!$V$5:$V$846,"П-отв",Ведомость!$W$5:$W$846,1) -> 0 | Y19: =SUMIFS(Ведомость!$N$5:$N$846,Ведомость!$H$5:$H$846,16,Ведомость!$I$5:$I$846,"А240",Ведомость!$V$5:$V$846,"П-доп-низ",Ведомость!$W$5:$W$846,1) -> 0 | Z19: =SUMIFS(Ведомость!$N$5:$N$846,Ведомость!$H$5:$H$846,16,Ведомость!$I$5:$I$846,"А240",Ведомость!$V$5:$V$846,"П-доп-верх",Ведомость!$W$5:$W$846,1) -> 0 | AA19: =SUMIFS(Ведомость!$N$5:$N$846,Ведомость!$H$5:$H$846,16,Ведомость!$I$5:$I$846,"А240",Ведомость!$V$5:$V$846,"П-край",Ведомость!$W$5:$W$846,1) -> 0 | AB19: =SUMIFS(Ведомость!$N$5:$N$846,Ведомость!$H$5:$H$846,16,Ведомость!$I$5:$I$846,"А240",Ведомость!$V$5:$V$846,"С-1",Ведомость!$W$5:$W$846,1) -> 0 | AC19: =SUMIFS(Ведомость!$N$5:$N$846,Ведомость!$H$5:$H$846,16,Ведомость!$I$5:$I$846,"А240",Ведомость!$V$5:$V$846,"Л1",Ведомость!$W$5:$W$846,1) -> 0 | AD19: =SUMIFS(Ведомость!$N$5:$N$846,Ведомость!$H$5:$H$846,16,Ведомость!$I$5:$I$846,"А240",Ведомость!$V$5:$V$846,"Л2",Ведомость!$W$5:$W$846,1) -> 0 | AE19: =SUMIFS(Ведомость!$N$5:$N$846,Ведомость!$H$5:$H$846,16,Ведомость!$I$5:$I$846,"А240",Ведомость!$V$5:$V$846,"Л-пл",Ведомость!$W$5:$W$846,1) -> 0 | AF19: =SUMIFS(Ведомость!$N$5:$N$846,Ведомость!$H$5:$H$846,16,Ведомость!$I$5:$I$846,"А240",Ведомость!$V$5:$V$846,"Л-рама",Ведомость!$W$5:$W$846,1) -> 0.84 | AG19: =SUM(B19:AF19) -> 0.84 | AH19: =IFERROR(INDEX(Исходные!$B$18:$B$30,MATCH(16,Исходные!$A$18:$A$30,0)),0) -> 1.578 | AI19: =AG19*AH19*$AJ$2 -> 1.4183064 | AJ19: =SUM(B19:D19,F19,H19,J19:M19) -> 0 | AK19: =AH19 -> 1.578 | AL19: =AJ19*AK19*$AJ$2 -> 0 | AM19: =SUM(E19,G19,I19,N19:AB19) -> 0 | AN19: =AH19 -> 1.578 | AO19: =AM19*AN19*$AJ$2 -> 0 | AP19: =SUM(AC19:AF19) -> 0.84 | AQ19: =AH19 -> 1.578 | AR19: =AP19*AQ19*$AJ$2 -> 1.4183064
A20: Диаметр 12 А240, L=м.п. | B20: =SUMIFS(Ведомость!$N$5:$N$846,Ведомость!$H$5:$H$846,12,Ведомость!$I$5:$I$846,"А240",Ведомость!$V$5:$V$846,"Дм-1",Ведомость!$W$5:$W$846,1) -> 0 | C20: =SUMIFS(Ведомость!$N$5:$N$846,Ведомость!$H$5:$H$846,12,Ведомость!$I$5:$I$846,"А240",Ведомость!$V$5:$V$846,"Дм-2",Ведомость!$W$5:$W$846,1) -> 0 | D20: =SUMIFS(Ведомость!$N$5:$N$846,Ведомость!$H$5:$H$846,12,Ведомость!$I$5:$I$846,"А240",Ведомость!$V$5:$V$846,"К-А",Ведомость!$W$5:$W$846,1) -> 0 | E20: =SUMIFS(Ведомость!$N$5:$N$846,Ведомость!$H$5:$H$846,12,Ведомость!$I$5:$I$846,"А240",Ведомость!$V$5:$V$846,"Р-А",Ведомость!$W$5:$W$846,1) -> 0 | F20: =SUMIFS(Ведомость!$N$5:$N$846,Ведомость!$H$5:$H$846,12,Ведомость!$I$5:$I$846,"А240",Ведомость!$V$5:$V$846,"К-Б",Ведомость!$W$5:$W$846,1) -> 0 | G20: =SUMIFS(Ведомость!$N$5:$N$846,Ведомость!$H$5:$H$846,12,Ведомость!$I$5:$I$846,"А240",Ведомость!$V$5:$V$846,"Р-Б",Ведомость!$W$5:$W$846,1) -> 0 | H20: =SUMIFS(Ведомость!$N$5:$N$846,Ведомость!$H$5:$H$846,12,Ведомость!$I$5:$I$846,"А240",Ведомость!$V$5:$V$846,"К-В",Ведомость!$W$5:$W$846,1) -> 0 | I20: =SUMIFS(Ведомость!$N$5:$N$846,Ведомость!$H$5:$H$846,12,Ведомость!$I$5:$I$846,"А240",Ведомость!$V$5:$V$846,"Р-В",Ведомость!$W$5:$W$846,1) -> 0 | J20: =SUMIFS(Ведомость!$N$5:$N$846,Ведомость!$H$5:$H$846,12,Ведомость!$I$5:$I$846,"А240",Ведомость!$V$5:$V$846,"К-Г",Ведомость!$W$5:$W$846,1) -> 0 | K20: =SUMIFS(Ведомость!$N$5:$N$846,Ведомость!$H$5:$H$846,12,Ведомость!$I$5:$I$846,"А240",Ведомость!$V$5:$V$846,"Дм-3",Ведомость!$W$5:$W$846,1) -> 0 | L20: =SUMIFS(Ведомость!$N$5:$N$846,Ведомость!$H$5:$H$846,12,Ведомость!$I$5:$I$846,"А240",Ведомость!$V$5:$V$846,"Дм-4",Ведомость!$W$5:$W$846,1) -> 0 | M20: =SUMIFS(Ведомость!$N$5:$N$846,Ведомость!$H$5:$H$846,12,Ведомость!$I$5:$I$846,"А240",Ведомость!$V$5:$V$846,"Дм-5",Ведомость!$W$5:$W$846,1) -> 0 | N20: =SUMIFS(Ведомость!$N$5:$N$846,Ведомость!$H$5:$H$846,12,Ведомость!$I$5:$I$846,"А240",Ведомость!$V$5:$V$846,"Р-Г",Ведомость!$W$5:$W$846,1) -> 0 | O20: =SUMIFS(Ведомость!$N$5:$N$846,Ведомость!$H$5:$H$846,12,Ведомость!$I$5:$I$846,"А240",Ведомость!$V$5:$V$846,"Р-1, 5",Ведомость!$W$5:$W$846,1) -> 0 | P20: =SUMIFS(Ведомость!$N$5:$N$846,Ведомость!$H$5:$H$846,12,Ведомость!$I$5:$I$846,"А240",Ведомость!$V$5:$V$846,"Р-2",Ведомость!$W$5:$W$846,1) -> 0 | Q20: =SUMIFS(Ведомость!$N$5:$N$846,Ведомость!$H$5:$H$846,12,Ведомость!$I$5:$I$846,"А240",Ведомость!$V$5:$V$846,"Р-3",Ведомость!$W$5:$W$846,1) -> 0 | R20: =SUMIFS(Ведомость!$N$5:$N$846,Ведомость!$H$5:$H$846,12,Ведомость!$I$5:$I$846,"А240",Ведомость!$V$5:$V$846,"Р-4",Ведомость!$W$5:$W$846,1) -> 0 | S20: =SUMIFS(Ведомость!$N$5:$N$846,Ведомость!$H$5:$H$846,12,Ведомость!$I$5:$I$846,"А240",Ведомость!$V$5:$V$846,"Б-основная",Ведомость!$W$5:$W$846,1) -> 0 | T20: =SUMIFS(Ведомость!$N$5:$N$846,Ведомость!$H$5:$H$846,12,Ведомость!$I$5:$I$846,"А240",Ведомость!$V$5:$V$846,"Б-хомуты",Ведомость!$W$5:$W$846,1) -> 0 | U20: =SUMIFS(Ведомость!$N$5:$N$846,Ведомость!$H$5:$H$846,12,Ведомость!$I$5:$I$846,"А240",Ведомость!$V$5:$V$846,"Б-допник",Ведомость!$W$5:$W$846,1) -> 0 | V20: =SUMIFS(Ведомость!$N$5:$N$846,Ведомость!$H$5:$H$846,12,Ведомость!$I$5:$I$846,"А240",Ведомость!$V$5:$V$846,"П-сетка",Ведомость!$W$5:$W$846,1) -> 0 | W20: =SUMIFS(Ведомость!$N$5:$N$846,Ведомость!$H$5:$H$846,12,Ведомость!$I$5:$I$846,"А240",Ведомость!$V$5:$V$846,"П-фикс",Ведомость!$W$5:$W$846,1) -> 0 | X20: =SUMIFS(Ведомость!$N$5:$N$846,Ведомость!$H$5:$H$846,12,Ведомость!$I$5:$I$846,"А240",Ведомость!$V$5:$V$846,"П-отв",Ведомость!$W$5:$W$846,1) -> 0 | Y20: =SUMIFS(Ведомость!$N$5:$N$846,Ведомость!$H$5:$H$846,12,Ведомость!$I$5:$I$846,"А240",Ведомость!$V$5:$V$846,"П-доп-низ",Ведомость!$W$5:$W$846,1) -> 0 | Z20: =SUMIFS(Ведомость!$N$5:$N$846,Ведомость!$H$5:$H$846,12,Ведомость!$I$5:$I$846,"А240",Ведомость!$V$5:$V$846,"П-доп-верх",Ведомость!$W$5:$W$846,1) -> 0 | AA20: =SUMIFS(Ведомость!$N$5:$N$846,Ведомость!$H$5:$H$846,12,Ведомость!$I$5:$I$846,"А240",Ведомость!$V$5:$V$846,"П-край",Ведомость!$W$5:$W$846,1) -> 0 | AB20: =SUMIFS(Ведомость!$N$5:$N$846,Ведомость!$H$5:$H$846,12,Ведомость!$I$5:$I$846,"А240",Ведомость!$V$5:$V$846,"С-1",Ведомость!$W$5:$W$846,1) -> 0 | AC20: =SUMIFS(Ведомость!$N$5:$N$846,Ведомость!$H$5:$H$846,12,Ведомость!$I$5:$I$846,"А240",Ведомость!$V$5:$V$846,"Л1",Ведомость!$W$5:$W$846,1) -> 0 | AD20: =SUMIFS(Ведомость!$N$5:$N$846,Ведомость!$H$5:$H$846,12,Ведомость!$I$5:$I$846,"А240",Ведомость!$V$5:$V$846,"Л2",Ведомость!$W$5:$W$846,1) -> 0 | AE20: =SUMIFS(Ведомость!$N$5:$N$846,Ведомость!$H$5:$H$846,12,Ведомость!$I$5:$I$846,"А240",Ведомость!$V$5:$V$846,"Л-пл",Ведомость!$W$5:$W$846,1) -> 0 | AF20: =SUMIFS(Ведомость!$N$5:$N$846,Ведомость!$H$5:$H$846,12,Ведомость!$I$5:$I$846,"А240",Ведомость!$V$5:$V$846,"Л-рама",Ведомость!$W$5:$W$846,1) -> 0 | AG20: =SUM(B20:AF20) -> 0 | AH20: =IFERROR(INDEX(Исходные!$B$18:$B$30,MATCH(12,Исходные!$A$18:$A$30,0)),0) -> 0.888 | AI20: =AG20*AH20*$AJ$2 -> 0 | AJ20: =SUM(B20:D20,F20,H20,J20:M20) -> 0 | AK20: =AH20 -> 0.888 | AL20: =AJ20*AK20*$AJ$2 -> 0 | AM20: =SUM(E20,G20,I20,N20:AB20) -> 0 | AN20: =AH20 -> 0.888 | AO20: =AM20*AN20*$AJ$2 -> 0 | AP20: =SUM(AC20:AF20) -> 0 | AQ20: =AH20 -> 0.888 | AR20: =AP20*AQ20*$AJ$2 -> 0
A21: Диаметр 10 А240, L=м.п. | B21: =SUMIFS(Ведомость!$N$5:$N$846,Ведомость!$H$5:$H$846,10,Ведомость!$I$5:$I$846,"А240",Ведомость!$V$5:$V$846,"Дм-1",Ведомость!$W$5:$W$846,1) -> 159.66 | C21: =SUMIFS(Ведомость!$N$5:$N$846,Ведомость!$H$5:$H$846,10,Ведомость!$I$5:$I$846,"А240",Ведомость!$V$5:$V$846,"Дм-2",Ведомость!$W$5:$W$846,1) -> 107.64 | D21: =SUMIFS(Ведомость!$N$5:$N$846,Ведомость!$H$5:$H$846,10,Ведомость!$I$5:$I$846,"А240",Ведомость!$V$5:$V$846,"К-А",Ведомость!$W$5:$W$846,1) -> 0 | E21: =SUMIFS(Ведомость!$N$5:$N$846,Ведомость!$H$5:$H$846,10,Ведомость!$I$5:$I$846,"А240",Ведомость!$V$5:$V$846,"Р-А",Ведомость!$W$5:$W$846,1) -> 84.9 | F21: =SUMIFS(Ведомость!$N$5:$N$846,Ведомость!$H$5:$H$846,10,Ведомость!$I$5:$I$846,"А240",Ведомость!$V$5:$V$846,"К-Б",Ведомость!$W$5:$W$846,1) -> 0 | G21: =SUMIFS(Ведомость!$N$5:$N$846,Ведомость!$H$5:$H$846,10,Ведомость!$I$5:$I$846,"А240",Ведомость!$V$5:$V$846,"Р-Б",Ведомость!$W$5:$W$846,1) -> 226.1 | H21: =SUMIFS(Ведомость!$N$5:$N$846,Ведомость!$H$5:$H$846,10,Ведомость!$I$5:$I$846,"А240",Ведомость!$V$5:$V$846,"К-В",Ведомость!$W$5:$W$846,1) -> 0 | I21: =SUMIFS(Ведомость!$N$5:$N$846,Ведомость!$H$5:$H$846,10,Ведомость!$I$5:$I$846,"А240",Ведомость!$V$5:$V$846,"Р-В",Ведомость!$W$5:$W$846,1) -> 439.44 | J21: =SUMIFS(Ведомость!$N$5:$N$846,Ведомость!$H$5:$H$846,10,Ведомость!$I$5:$I$846,"А240",Ведомость!$V$5:$V$846,"К-Г",Ведомость!$W$5:$W$846,1) -> 0 | K21: =SUMIFS(Ведомость!$N$5:$N$846,Ведомость!$H$5:$H$846,10,Ведомость!$I$5:$I$846,"А240",Ведомость!$V$5:$V$846,"Дм-3",Ведомость!$W$5:$W$846,1) -> 127.98 | L21: =SUMIFS(Ведомость!$N$5:$N$846,Ведомость!$H$5:$H$846,10,Ведомость!$I$5:$I$846,"А240",Ведомость!$V$5:$V$846,"Дм-4",Ведомость!$W$5:$W$846,1) -> 55.62 | M21: =SUMIFS(Ведомость!$N$5:$N$846,Ведомость!$H$5:$H$846,10,Ведомость!$I$5:$I$846,"А240",Ведомость!$V$5:$V$846,"Дм-5",Ведомость!$W$5:$W$846,1) -> 75.96 | N21: =SUMIFS(Ведомость!$N$5:$N$846,Ведомость!$H$5:$H$846,10,Ведомость!$I$5:$I$846,"А240",Ведомость!$V$5:$V$846,"Р-Г",Ведомость!$W$5:$W$846,1) -> 92.7 | O21: =SUMIFS(Ведомость!$N$5:$N$846,Ведомость!$H$5:$H$846,10,Ведомость!$I$5:$I$846,"А240",Ведомость!$V$5:$V$846,"Р-1, 5",Ведомость!$W$5:$W$846,1) -> 148.32 | P21: =SUMIFS(Ведомость!$N$5:$N$846,Ведомость!$H$5:$H$846,10,Ведомость!$I$5:$I$846,"А240",Ведомость!$V$5:$V$846,"Р-2",Ведомость!$W$5:$W$846,1) -> 327.12 | Q21: =SUMIFS(Ведомость!$N$5:$N$846,Ведомость!$H$5:$H$846,10,Ведомость!$I$5:$I$846,"А240",Ведомость!$V$5:$V$846,"Р-3",Ведомость!$W$5:$W$846,1) -> 298.36 | R21: =SUMIFS(Ведомость!$N$5:$N$846,Ведомость!$H$5:$H$846,10,Ведомость!$I$5:$I$846,"А240",Ведомость!$V$5:$V$846,"Р-4",Ведомость!$W$5:$W$846,1) -> 218.76 | S21: =SUMIFS(Ведомость!$N$5:$N$846,Ведомость!$H$5:$H$846,10,Ведомость!$I$5:$I$846,"А240",Ведомость!$V$5:$V$846,"Б-основная",Ведомость!$W$5:$W$846,1) -> 0 | T21: =SUMIFS(Ведомость!$N$5:$N$846,Ведомость!$H$5:$H$846,10,Ведомость!$I$5:$I$846,"А240",Ведомость!$V$5:$V$846,"Б-хомуты",Ведомость!$W$5:$W$846,1) -> 0 | U21: =SUMIFS(Ведомость!$N$5:$N$846,Ведомость!$H$5:$H$846,10,Ведомость!$I$5:$I$846,"А240",Ведомость!$V$5:$V$846,"Б-допник",Ведомость!$W$5:$W$846,1) -> 0 | V21: =SUMIFS(Ведомость!$N$5:$N$846,Ведомость!$H$5:$H$846,10,Ведомость!$I$5:$I$846,"А240",Ведомость!$V$5:$V$846,"П-сетка",Ведомость!$W$5:$W$846,1) -> 0 | W21: =SUMIFS(Ведомость!$N$5:$N$846,Ведомость!$H$5:$H$846,10,Ведомость!$I$5:$I$846,"А240",Ведомость!$V$5:$V$846,"П-фикс",Ведомость!$W$5:$W$846,1) -> 355.74 | X21: =SUMIFS(Ведомость!$N$5:$N$846,Ведомость!$H$5:$H$846,10,Ведомость!$I$5:$I$846,"А240",Ведомость!$V$5:$V$846,"П-отв",Ведомость!$W$5:$W$846,1) -> 0 | Y21: =SUMIFS(Ведомость!$N$5:$N$846,Ведомость!$H$5:$H$846,10,Ведомость!$I$5:$I$846,"А240",Ведомость!$V$5:$V$846,"П-доп-низ",Ведомость!$W$5:$W$846,1) -> 0 | Z21: =SUMIFS(Ведомость!$N$5:$N$846,Ведомость!$H$5:$H$846,10,Ведомость!$I$5:$I$846,"А240",Ведомость!$V$5:$V$846,"П-доп-верх",Ведомость!$W$5:$W$846,1) -> 0 | AA21: =SUMIFS(Ведомость!$N$5:$N$846,Ведомость!$H$5:$H$846,10,Ведомость!$I$5:$I$846,"А240",Ведомость!$V$5:$V$846,"П-край",Ведомость!$W$5:$W$846,1) -> 83.3 | AB21: =SUMIFS(Ведомость!$N$5:$N$846,Ведомость!$H$5:$H$846,10,Ведомость!$I$5:$I$846,"А240",Ведомость!$V$5:$V$846,"С-1",Ведомость!$W$5:$W$846,1) -> 0 | AC21: =SUMIFS(Ведомость!$N$5:$N$846,Ведомость!$H$5:$H$846,10,Ведомость!$I$5:$I$846,"А240",Ведомость!$V$5:$V$846,"Л1",Ведомость!$W$5:$W$846,1) -> 32.24 | AD21: =SUMIFS(Ведомость!$N$5:$N$846,Ведомость!$H$5:$H$846,10,Ведомость!$I$5:$I$846,"А240",Ведомость!$V$5:$V$846,"Л2",Ведомость!$W$5:$W$846,1) -> 33.28 | AE21: =SUMIFS(Ведомость!$N$5:$N$846,Ведомость!$H$5:$H$846,10,Ведомость!$I$5:$I$846,"А240",Ведомость!$V$5:$V$846,"Л-пл",Ведомость!$W$5:$W$846,1) -> 29.12 | AF21: =SUMIFS(Ведомость!$N$5:$N$846,Ведомость!$H$5:$H$846,10,Ведомость!$I$5:$I$846,"А240",Ведомость!$V$5:$V$846,"Л-рама",Ведомость!$W$5:$W$846,1) -> 0 | AG21: =SUM(B21:AF21) -> 2896.24 | AH21: =IFERROR(INDEX(Исходные!$B$18:$B$30,MATCH(10,Исходные!$A$18:$A$30,0)),0) -> 0.617 | AI21: =AG21*AH21*$AJ$2 -> 1912.0687 | AJ21: =SUM(B21:D21,F21,H21,J21:M21) -> 526.86 | AK21: =AH21 -> 0.617 | AL21: =AJ21*AK21*$AJ$2 -> 347.8277 | AM21: =SUM(E21,G21,I21,N21:AB21) -> 2274.74 | AN21: =AH21 -> 0.617 | AO21: =AM21*AN21*$AJ$2 -> 1501.7606 | AP21: =SUM(AC21:AF21) -> 94.64 | AQ21: =AH21 -> 0.617 | AR21: =AP21*AQ21*$AJ$2 -> 62.480382
A22: Диаметр 8 А240, L=м.п. | B22: =SUMIFS(Ведомость!$N$5:$N$846,Ведомость!$H$5:$H$846,8,Ведомость!$I$5:$I$846,"А240",Ведомость!$V$5:$V$846,"Дм-1",Ведомость!$W$5:$W$846,1) -> 191.46 | C22: =SUMIFS(Ведомость!$N$5:$N$846,Ведомость!$H$5:$H$846,8,Ведомость!$I$5:$I$846,"А240",Ведомость!$V$5:$V$846,"Дм-2",Ведомость!$W$5:$W$846,1) -> 177.15 | D22: =SUMIFS(Ведомость!$N$5:$N$846,Ведомость!$H$5:$H$846,8,Ведомость!$I$5:$I$846,"А240",Ведомость!$V$5:$V$846,"К-А",Ведомость!$W$5:$W$846,1) -> 431.28 | E22: =SUMIFS(Ведомость!$N$5:$N$846,Ведомость!$H$5:$H$846,8,Ведомость!$I$5:$I$846,"А240",Ведомость!$V$5:$V$846,"Р-А",Ведомость!$W$5:$W$846,1) -> 395.39 | F22: =SUMIFS(Ведомость!$N$5:$N$846,Ведомость!$H$5:$H$846,8,Ведомость!$I$5:$I$846,"А240",Ведомость!$V$5:$V$846,"К-Б",Ведомость!$W$5:$W$846,1) -> 718.8 | G22: =SUMIFS(Ведомость!$N$5:$N$846,Ведомость!$H$5:$H$846,8,Ведомость!$I$5:$I$846,"А240",Ведомость!$V$5:$V$846,"Р-Б",Ведомость!$W$5:$W$846,1) -> 333.35 | H22: =SUMIFS(Ведомость!$N$5:$N$846,Ведомость!$H$5:$H$846,8,Ведомость!$I$5:$I$846,"А240",Ведомость!$V$5:$V$846,"К-В",Ведомость!$W$5:$W$846,1) -> 718.8 | I22: =SUMIFS(Ведомость!$N$5:$N$846,Ведомость!$H$5:$H$846,8,Ведомость!$I$5:$I$846,"А240",Ведомость!$V$5:$V$846,"Р-В",Ведомость!$W$5:$W$846,1) -> 245.84 | J22: =SUMIFS(Ведомость!$N$5:$N$846,Ведомость!$H$5:$H$846,8,Ведомость!$I$5:$I$846,"А240",Ведомость!$V$5:$V$846,"К-Г",Ведомость!$W$5:$W$846,1) -> 287.52 | K22: =SUMIFS(Ведомость!$N$5:$N$846,Ведомость!$H$5:$H$846,8,Ведомость!$I$5:$I$846,"А240",Ведомость!$V$5:$V$846,"Дм-3",Ведомость!$W$5:$W$846,1) -> 218.37 | L22: =SUMIFS(Ведомость!$N$5:$N$846,Ведомость!$H$5:$H$846,8,Ведомость!$I$5:$I$846,"А240",Ведомость!$V$5:$V$846,"Дм-4",Ведомость!$W$5:$W$846,1) -> 162.84 | M22: =SUMIFS(Ведомость!$N$5:$N$846,Ведомость!$H$5:$H$846,8,Ведомость!$I$5:$I$846,"А240",Ведомость!$V$5:$V$846,"Дм-5",Ведомость!$W$5:$W$846,1) -> 204.06 | N22: =SUMIFS(Ведомость!$N$5:$N$846,Ведомость!$H$5:$H$846,8,Ведомость!$I$5:$I$846,"А240",Ведомость!$V$5:$V$846,"Р-Г",Ведомость!$W$5:$W$846,1) -> 375.86 | O22: =SUMIFS(Ведомость!$N$5:$N$846,Ведомость!$H$5:$H$846,8,Ведомость!$I$5:$I$846,"А240",Ведомость!$V$5:$V$846,"Р-1, 5",Ведомость!$W$5:$W$846,1) -> 681.86 | P22: =SUMIFS(Ведомость!$N$5:$N$846,Ведомость!$H$5:$H$846,8,Ведомость!$I$5:$I$846,"А240",Ведомость!$V$5:$V$846,"Р-2",Ведомость!$W$5:$W$846,1) -> 154.39 | Q22: =SUMIFS(Ведомость!$N$5:$N$846,Ведомость!$H$5:$H$846,8,Ведомость!$I$5:$I$846,"А240",Ведомость!$V$5:$V$846,"Р-3",Ведомость!$W$5:$W$846,1) -> 197.83 | R22: =SUMIFS(Ведомость!$N$5:$N$846,Ведомость!$H$5:$H$846,8,Ведомость!$I$5:$I$846,"А240",Ведомость!$V$5:$V$846,"Р-4",Ведомость!$W$5:$W$846,1) -> 189.63 | S22: =SUMIFS(Ведомость!$N$5:$N$846,Ведомость!$H$5:$H$846,8,Ведомость!$I$5:$I$846,"А240",Ведомость!$V$5:$V$846,"Б-основная",Ведомость!$W$5:$W$846,1) -> 0 | T22: =SUMIFS(Ведомость!$N$5:$N$846,Ведомость!$H$5:$H$846,8,Ведомость!$I$5:$I$846,"А240",Ведомость!$V$5:$V$846,"Б-хомуты",Ведомость!$W$5:$W$846,1) -> 1666.52 | U22: =SUMIFS(Ведомость!$N$5:$N$846,Ведомость!$H$5:$H$846,8,Ведомость!$I$5:$I$846,"А240",Ведомость!$V$5:$V$846,"Б-допник",Ведомость!$W$5:$W$846,1) -> 0 | V22: =SUMIFS(Ведомость!$N$5:$N$846,Ведомость!$H$5:$H$846,8,Ведомость!$I$5:$I$846,"А240",Ведомость!$V$5:$V$846,"П-сетка",Ведомость!$W$5:$W$846,1) -> 0 | W22: =SUMIFS(Ведомость!$N$5:$N$846,Ведомость!$H$5:$H$846,8,Ведомость!$I$5:$I$846,"А240",Ведомость!$V$5:$V$846,"П-фикс",Ведомость!$W$5:$W$846,1) -> 186.34 | X22: =SUMIFS(Ведомость!$N$5:$N$846,Ведомость!$H$5:$H$846,8,Ведомость!$I$5:$I$846,"А240",Ведомость!$V$5:$V$846,"П-отв",Ведомость!$W$5:$W$846,1) -> 0 | Y22: =SUMIFS(Ведомость!$N$5:$N$846,Ведомость!$H$5:$H$846,8,Ведомость!$I$5:$I$846,"А240",Ведомость!$V$5:$V$846,"П-доп-низ",Ведомость!$W$5:$W$846,1) -> 0 | Z22: =SUMIFS(Ведомость!$N$5:$N$846,Ведомость!$H$5:$H$846,8,Ведомость!$I$5:$I$846,"А240",Ведомость!$V$5:$V$846,"П-доп-верх",Ведомость!$W$5:$W$846,1) -> 0 | AA22: =SUMIFS(Ведомость!$N$5:$N$846,Ведомость!$H$5:$H$846,8,Ведомость!$I$5:$I$846,"А240",Ведомость!$V$5:$V$846,"П-край",Ведомость!$W$5:$W$846,1) -> 0 | AB22: =SUMIFS(Ведомость!$N$5:$N$846,Ведомость!$H$5:$H$846,8,Ведомость!$I$5:$I$846,"А240",Ведомость!$V$5:$V$846,"С-1",Ведомость!$W$5:$W$846,1) -> 0 | AC22: =SUMIFS(Ведомость!$N$5:$N$846,Ведомость!$H$5:$H$846,8,Ведомость!$I$5:$I$846,"А240",Ведомость!$V$5:$V$846,"Л1",Ведомость!$W$5:$W$846,1) -> 0 | AD22: =SUMIFS(Ведомость!$N$5:$N$846,Ведомость!$H$5:$H$846,8,Ведомость!$I$5:$I$846,"А240",Ведомость!$V$5:$V$846,"Л2",Ведомость!$W$5:$W$846,1) -> 0 | AE22: =SUMIFS(Ведомость!$N$5:$N$846,Ведомость!$H$5:$H$846,8,Ведомость!$I$5:$I$846,"А240",Ведомость!$V$5:$V$846,"Л-пл",Ведомость!$W$5:$W$846,1) -> 0 | AF22: =SUMIFS(Ведомость!$N$5:$N$846,Ведомость!$H$5:$H$846,8,Ведомость!$I$5:$I$846,"А240",Ведомость!$V$5:$V$846,"Л-рама",Ведомость!$W$5:$W$846,1) -> 44.72 | AG22: =SUM(B22:AF22) -> 7582.01 | AH22: =IFERROR(INDEX(Исходные!$B$18:$B$30,MATCH(8,Исходные!$A$18:$A$30,0)),0) -> 0.395 | AI22: =AG22*AH22*$AJ$2 -> 3204.5365 | AJ22: =SUM(B22:D22,F22,H22,J22:M22) -> 3110.28 | AK22: =AH22 -> 0.395 | AL22: =AJ22*AK22*$AJ$2 -> 1314.5598 | AM22: =SUM(E22,G22,I22,N22:AB22) -> 4427.01 | AN22: =AH22 -> 0.395 | AO22: =AM22*AN22*$AJ$2 -> 1871.0758 | AP22: =SUM(AC22:AF22) -> 44.72 | AQ22: =AH22 -> 0.395 | AR22: =AP22*AQ22*$AJ$2 -> 18.900908
A23: Диаметр 6 А240, L=м.п. | B23: =SUMIFS(Ведомость!$N$5:$N$846,Ведомость!$H$5:$H$846,6,Ведомость!$I$5:$I$846,"А240",Ведомость!$V$5:$V$846,"Дм-1",Ведомость!$W$5:$W$846,1) -> 0 | C23: =SUMIFS(Ведомость!$N$5:$N$846,Ведомость!$H$5:$H$846,6,Ведомость!$I$5:$I$846,"А240",Ведомость!$V$5:$V$846,"Дм-2",Ведомость!$W$5:$W$846,1) -> 0 | D23: =SUMIFS(Ведомость!$N$5:$N$846,Ведомость!$H$5:$H$846,6,Ведомость!$I$5:$I$846,"А240",Ведомость!$V$5:$V$846,"К-А",Ведомость!$W$5:$W$846,1) -> 0 | E23: =SUMIFS(Ведомость!$N$5:$N$846,Ведомость!$H$5:$H$846,6,Ведомость!$I$5:$I$846,"А240",Ведомость!$V$5:$V$846,"Р-А",Ведомость!$W$5:$W$846,1) -> 0 | F23: =SUMIFS(Ведомость!$N$5:$N$846,Ведомость!$H$5:$H$846,6,Ведомость!$I$5:$I$846,"А240",Ведомость!$V$5:$V$846,"К-Б",Ведомость!$W$5:$W$846,1) -> 0 | G23: =SUMIFS(Ведомость!$N$5:$N$846,Ведомость!$H$5:$H$846,6,Ведомость!$I$5:$I$846,"А240",Ведомость!$V$5:$V$846,"Р-Б",Ведомость!$W$5:$W$846,1) -> 0 | H23: =SUMIFS(Ведомость!$N$5:$N$846,Ведомость!$H$5:$H$846,6,Ведомость!$I$5:$I$846,"А240",Ведомость!$V$5:$V$846,"К-В",Ведомость!$W$5:$W$846,1) -> 0 | I23: =SUMIFS(Ведомость!$N$5:$N$846,Ведомость!$H$5:$H$846,6,Ведомость!$I$5:$I$846,"А240",Ведомость!$V$5:$V$846,"Р-В",Ведомость!$W$5:$W$846,1) -> 0 | J23: =SUMIFS(Ведомость!$N$5:$N$846,Ведомость!$H$5:$H$846,6,Ведомость!$I$5:$I$846,"А240",Ведомость!$V$5:$V$846,"К-Г",Ведомость!$W$5:$W$846,1) -> 0 | K23: =SUMIFS(Ведомость!$N$5:$N$846,Ведомость!$H$5:$H$846,6,Ведомость!$I$5:$I$846,"А240",Ведомость!$V$5:$V$846,"Дм-3",Ведомость!$W$5:$W$846,1) -> 0 | L23: =SUMIFS(Ведомость!$N$5:$N$846,Ведомость!$H$5:$H$846,6,Ведомость!$I$5:$I$846,"А240",Ведомость!$V$5:$V$846,"Дм-4",Ведомость!$W$5:$W$846,1) -> 0 | M23: =SUMIFS(Ведомость!$N$5:$N$846,Ведомость!$H$5:$H$846,6,Ведомость!$I$5:$I$846,"А240",Ведомость!$V$5:$V$846,"Дм-5",Ведомость!$W$5:$W$846,1) -> 0 | N23: =SUMIFS(Ведомость!$N$5:$N$846,Ведомость!$H$5:$H$846,6,Ведомость!$I$5:$I$846,"А240",Ведомость!$V$5:$V$846,"Р-Г",Ведомость!$W$5:$W$846,1) -> 0 | O23: =SUMIFS(Ведомость!$N$5:$N$846,Ведомость!$H$5:$H$846,6,Ведомость!$I$5:$I$846,"А240",Ведомость!$V$5:$V$846,"Р-1, 5",Ведомость!$W$5:$W$846,1) -> 0 | P23: =SUMIFS(Ведомость!$N$5:$N$846,Ведомость!$H$5:$H$846,6,Ведомость!$I$5:$I$846,"А240",Ведомость!$V$5:$V$846,"Р-2",Ведомость!$W$5:$W$846,1) -> 0 | Q23: =SUMIFS(Ведомость!$N$5:$N$846,Ведомость!$H$5:$H$846,6,Ведомость!$I$5:$I$846,"А240",Ведомость!$V$5:$V$846,"Р-3",Ведомость!$W$5:$W$846,1) -> 0 | R23: =SUMIFS(Ведомость!$N$5:$N$846,Ведомость!$H$5:$H$846,6,Ведомость!$I$5:$I$846,"А240",Ведомость!$V$5:$V$846,"Р-4",Ведомость!$W$5:$W$846,1) -> 0 | S23: =SUMIFS(Ведомость!$N$5:$N$846,Ведомость!$H$5:$H$846,6,Ведомость!$I$5:$I$846,"А240",Ведомость!$V$5:$V$846,"Б-основная",Ведомость!$W$5:$W$846,1) -> 0 | T23: =SUMIFS(Ведомость!$N$5:$N$846,Ведомость!$H$5:$H$846,6,Ведомость!$I$5:$I$846,"А240",Ведомость!$V$5:$V$846,"Б-хомуты",Ведомость!$W$5:$W$846,1) -> 0 | U23: =SUMIFS(Ведомость!$N$5:$N$846,Ведомость!$H$5:$H$846,6,Ведомость!$I$5:$I$846,"А240",Ведомость!$V$5:$V$846,"Б-допник",Ведомость!$W$5:$W$846,1) -> 0 | V23: =SUMIFS(Ведомость!$N$5:$N$846,Ведомость!$H$5:$H$846,6,Ведомость!$I$5:$I$846,"А240",Ведомость!$V$5:$V$846,"П-сетка",Ведомость!$W$5:$W$846,1) -> 0 | W23: =SUMIFS(Ведомость!$N$5:$N$846,Ведомость!$H$5:$H$846,6,Ведомость!$I$5:$I$846,"А240",Ведомость!$V$5:$V$846,"П-фикс",Ведомость!$W$5:$W$846,1) -> 0 | X23: =SUMIFS(Ведомость!$N$5:$N$846,Ведомость!$H$5:$H$846,6,Ведомость!$I$5:$I$846,"А240",Ведомость!$V$5:$V$846,"П-отв",Ведомость!$W$5:$W$846,1) -> 0 | Y23: =SUMIFS(Ведомость!$N$5:$N$846,Ведомость!$H$5:$H$846,6,Ведомость!$I$5:$I$846,"А240",Ведомость!$V$5:$V$846,"П-доп-низ",Ведомость!$W$5:$W$846,1) -> 0 | Z23: =SUMIFS(Ведомость!$N$5:$N$846,Ведомость!$H$5:$H$846,6,Ведомость!$I$5:$I$846,"А240",Ведомость!$V$5:$V$846,"П-доп-верх",Ведомость!$W$5:$W$846,1) -> 0 | AA23: =SUMIFS(Ведомость!$N$5:$N$846,Ведомость!$H$5:$H$846,6,Ведомость!$I$5:$I$846,"А240",Ведомость!$V$5:$V$846,"П-край",Ведомость!$W$5:$W$846,1) -> 0 | AB23: =SUMIFS(Ведомость!$N$5:$N$846,Ведомость!$H$5:$H$846,6,Ведомость!$I$5:$I$846,"А240",Ведомость!$V$5:$V$846,"С-1",Ведомость!$W$5:$W$846,1) -> 0 | AC23: =SUMIFS(Ведомость!$N$5:$N$846,Ведомость!$H$5:$H$846,6,Ведомость!$I$5:$I$846,"А240",Ведомость!$V$5:$V$846,"Л1",Ведомость!$W$5:$W$846,1) -> 11.48 | AD23: =SUMIFS(Ведомость!$N$5:$N$846,Ведомость!$H$5:$H$846,6,Ведомость!$I$5:$I$846,"А240",Ведомость!$V$5:$V$846,"Л2",Ведомость!$W$5:$W$846,1) -> 11.76 | AE23: =SUMIFS(Ведомость!$N$5:$N$846,Ведомость!$H$5:$H$846,6,Ведомость!$I$5:$I$846,"А240",Ведомость!$V$5:$V$846,"Л-пл",Ведомость!$W$5:$W$846,1) -> 7.84 | AF23: =SUMIFS(Ведомость!$N$5:$N$846,Ведомость!$H$5:$H$846,6,Ведомость!$I$5:$I$846,"А240",Ведомость!$V$5:$V$846,"Л-рама",Ведомость!$W$5:$W$846,1) -> 0 | AG23: =SUM(B23:AF23) -> 31.08 | AH23: =IFERROR(INDEX(Исходные!$B$18:$B$30,MATCH(6,Исходные!$A$18:$A$30,0)),0) -> 0.222 | AI23: =AG23*AH23*$AJ$2 -> 7.3827432 | AJ23: =SUM(B23:D23,F23,H23,J23:M23) -> 0 | AK23: =AH23 -> 0.222 | AL23: =AJ23*AK23*$AJ$2 -> 0 | AM23: =SUM(E23,G23,I23,N23:AB23) -> 0 | AN23: =AH23 -> 0.222 | AO23: =AM23*AN23*$AJ$2 -> 0 | AP23: =SUM(AC23:AF23) -> 31.08 | AQ23: =AH23 -> 0.222 | AR23: =AP23*AQ23*$AJ$2 -> 7.3827432
A24: Сетка Ø5 Вр-I 100×100, м² | B24: =SUMIFS(Ведомость!$K$5:$K$846,Ведомость!$H$5:$H$846,5,Ведомость!$I$5:$I$846,"Вр-I",Ведомость!$V$5:$V$846,"Дм-1",Ведомость!$W$5:$W$846,1) -> 0 | C24: =SUMIFS(Ведомость!$K$5:$K$846,Ведомость!$H$5:$H$846,5,Ведомость!$I$5:$I$846,"Вр-I",Ведомость!$V$5:$V$846,"Дм-2",Ведомость!$W$5:$W$846,1) -> 0 | D24: =SUMIFS(Ведомость!$K$5:$K$846,Ведомость!$H$5:$H$846,5,Ведомость!$I$5:$I$846,"Вр-I",Ведомость!$V$5:$V$846,"К-А",Ведомость!$W$5:$W$846,1) -> 0 | E24: =SUMIFS(Ведомость!$K$5:$K$846,Ведомость!$H$5:$H$846,5,Ведомость!$I$5:$I$846,"Вр-I",Ведомость!$V$5:$V$846,"Р-А",Ведомость!$W$5:$W$846,1) -> 0 | F24: =SUMIFS(Ведомость!$K$5:$K$846,Ведомость!$H$5:$H$846,5,Ведомость!$I$5:$I$846,"Вр-I",Ведомость!$V$5:$V$846,"К-Б",Ведомость!$W$5:$W$846,1) -> 0 | G24: =SUMIFS(Ведомость!$K$5:$K$846,Ведомость!$H$5:$H$846,5,Ведомость!$I$5:$I$846,"Вр-I",Ведомость!$V$5:$V$846,"Р-Б",Ведомость!$W$5:$W$846,1) -> 0 | H24: =SUMIFS(Ведомость!$K$5:$K$846,Ведомость!$H$5:$H$846,5,Ведомость!$I$5:$I$846,"Вр-I",Ведомость!$V$5:$V$846,"К-В",Ведомость!$W$5:$W$846,1) -> 0 | I24: =SUMIFS(Ведомость!$K$5:$K$846,Ведомость!$H$5:$H$846,5,Ведомость!$I$5:$I$846,"Вр-I",Ведомость!$V$5:$V$846,"Р-В",Ведомость!$W$5:$W$846,1) -> 0 | J24: =SUMIFS(Ведомость!$K$5:$K$846,Ведомость!$H$5:$H$846,5,Ведомость!$I$5:$I$846,"Вр-I",Ведомость!$V$5:$V$846,"К-Г",Ведомость!$W$5:$W$846,1) -> 0 | K24: =SUMIFS(Ведомость!$K$5:$K$846,Ведомость!$H$5:$H$846,5,Ведомость!$I$5:$I$846,"Вр-I",Ведомость!$V$5:$V$846,"Дм-3",Ведомость!$W$5:$W$846,1) -> 0 | L24: =SUMIFS(Ведомость!$K$5:$K$846,Ведомость!$H$5:$H$846,5,Ведомость!$I$5:$I$846,"Вр-I",Ведомость!$V$5:$V$846,"Дм-4",Ведомость!$W$5:$W$846,1) -> 0 | M24: =SUMIFS(Ведомость!$K$5:$K$846,Ведомость!$H$5:$H$846,5,Ведомость!$I$5:$I$846,"Вр-I",Ведомость!$V$5:$V$846,"Дм-5",Ведомость!$W$5:$W$846,1) -> 0 | N24: =SUMIFS(Ведомость!$K$5:$K$846,Ведомость!$H$5:$H$846,5,Ведомость!$I$5:$I$846,"Вр-I",Ведомость!$V$5:$V$846,"Р-Г",Ведомость!$W$5:$W$846,1) -> 0 | O24: =SUMIFS(Ведомость!$K$5:$K$846,Ведомость!$H$5:$H$846,5,Ведомость!$I$5:$I$846,"Вр-I",Ведомость!$V$5:$V$846,"Р-1, 5",Ведомость!$W$5:$W$846,1) -> 0 | P24: =SUMIFS(Ведомость!$K$5:$K$846,Ведомость!$H$5:$H$846,5,Ведомость!$I$5:$I$846,"Вр-I",Ведомость!$V$5:$V$846,"Р-2",Ведомость!$W$5:$W$846,1) -> 0 | Q24: =SUMIFS(Ведомость!$K$5:$K$846,Ведомость!$H$5:$H$846,5,Ведомость!$I$5:$I$846,"Вр-I",Ведомость!$V$5:$V$846,"Р-3",Ведомость!$W$5:$W$846,1) -> 0 | R24: =SUMIFS(Ведомость!$K$5:$K$846,Ведомость!$H$5:$H$846,5,Ведомость!$I$5:$I$846,"Вр-I",Ведомость!$V$5:$V$846,"Р-4",Ведомость!$W$5:$W$846,1) -> 0 | S24: =SUMIFS(Ведомость!$K$5:$K$846,Ведомость!$H$5:$H$846,5,Ведомость!$I$5:$I$846,"Вр-I",Ведомость!$V$5:$V$846,"Б-основная",Ведомость!$W$5:$W$846,1) -> 0 | T24: =SUMIFS(Ведомость!$K$5:$K$846,Ведомость!$H$5:$H$846,5,Ведомость!$I$5:$I$846,"Вр-I",Ведомость!$V$5:$V$846,"Б-хомуты",Ведомость!$W$5:$W$846,1) -> 0 | U24: =SUMIFS(Ведомость!$K$5:$K$846,Ведомость!$H$5:$H$846,5,Ведомость!$I$5:$I$846,"Вр-I",Ведомость!$V$5:$V$846,"Б-допник",Ведомость!$W$5:$W$846,1) -> 0 | V24: =SUMIFS(Ведомость!$K$5:$K$846,Ведомость!$H$5:$H$846,5,Ведомость!$I$5:$I$846,"Вр-I",Ведомость!$V$5:$V$846,"П-сетка",Ведомость!$W$5:$W$846,1) -> 0 | W24: =SUMIFS(Ведомость!$K$5:$K$846,Ведомость!$H$5:$H$846,5,Ведомость!$I$5:$I$846,"Вр-I",Ведомость!$V$5:$V$846,"П-фикс",Ведомость!$W$5:$W$846,1) -> 0 | X24: =SUMIFS(Ведомость!$K$5:$K$846,Ведомость!$H$5:$H$846,5,Ведомость!$I$5:$I$846,"Вр-I",Ведомость!$V$5:$V$846,"П-отв",Ведомость!$W$5:$W$846,1) -> 0 | Y24: =SUMIFS(Ведомость!$K$5:$K$846,Ведомость!$H$5:$H$846,5,Ведомость!$I$5:$I$846,"Вр-I",Ведомость!$V$5:$V$846,"П-доп-низ",Ведомость!$W$5:$W$846,1) -> 0 | Z24: =SUMIFS(Ведомость!$K$5:$K$846,Ведомость!$H$5:$H$846,5,Ведомость!$I$5:$I$846,"Вр-I",Ведомость!$V$5:$V$846,"П-доп-верх",Ведомость!$W$5:$W$846,1) -> 0 | AA24: =SUMIFS(Ведомость!$K$5:$K$846,Ведомость!$H$5:$H$846,5,Ведомость!$I$5:$I$846,"Вр-I",Ведомость!$V$5:$V$846,"П-край",Ведомость!$W$5:$W$846,1) -> 0 | AB24: =SUMIFS(Ведомость!$K$5:$K$846,Ведомость!$H$5:$H$846,5,Ведомость!$I$5:$I$846,"Вр-I",Ведомость!$V$5:$V$846,"С-1",Ведомость!$W$5:$W$846,1) -> 0 | AC24: =SUMIFS(Ведомость!$K$5:$K$846,Ведомость!$H$5:$H$846,5,Ведомость!$I$5:$I$846,"Вр-I",Ведомость!$V$5:$V$846,"Л1",Ведомость!$W$5:$W$846,1) -> 6.9 | AD24: =SUMIFS(Ведомость!$K$5:$K$846,Ведомость!$H$5:$H$846,5,Ведомость!$I$5:$I$846,"Вр-I",Ведомость!$V$5:$V$846,"Л2",Ведомость!$W$5:$W$846,1) -> 7.1 | AE24: =SUMIFS(Ведомость!$K$5:$K$846,Ведомость!$H$5:$H$846,5,Ведомость!$I$5:$I$846,"Вр-I",Ведомость!$V$5:$V$846,"Л-пл",Ведомость!$W$5:$W$846,1) -> 0 | AF24: =SUMIFS(Ведомость!$K$5:$K$846,Ведомость!$H$5:$H$846,5,Ведомость!$I$5:$I$846,"Вр-I",Ведомость!$V$5:$V$846,"Л-рама",Ведомость!$W$5:$W$846,1) -> 0 | AG24: =SUM(B24:AF24) -> 14 | AH24: =Исходные!$B$31 -> 3.08 | AI24: =AG24*AH24*$AJ$2 -> 46.1384 | AJ24: =SUM(B24:D24,F24,H24,J24:M24) -> 0 | AK24: =AH24 -> 3.08 | AL24: =AJ24*AK24*$AJ$2 -> 0 | AM24: =SUM(E24,G24,I24,N24:AB24) -> 0 | AN24: =AH24 -> 3.08 | AO24: =AM24*AN24*$AJ$2 -> 0 | AP24: =SUM(AC24:AF24) -> 14 | AQ24: =AH24 -> 3.08 | AR24: =AP24*AQ24*$AJ$2 -> 46.1384
A25: Масса чистая (без К зап), кг | B25: =SUMPRODUCT(B8:B24,$AH$8:$AH$24) -> 1586.4157 | C25: =SUMPRODUCT(C8:C24,$AH$8:$AH$24) -> 1244.9361 | D25: =SUMPRODUCT(D8:D24,$AH$8:$AH$24) -> 710.1156 | E25: =SUMPRODUCT(E8:E24,$AH$8:$AH$24) -> 1246.1003 | F25: =SUMPRODUCT(F8:F24,$AH$8:$AH$24) -> 1183.526 | G25: =SUMPRODUCT(G8:G24,$AH$8:$AH$24) -> 1177.9669 | H25: =SUMPRODUCT(H8:H24,$AH$8:$AH$24) -> 1183.526 | I25: =SUMPRODUCT(I8:I24,$AH$8:$AH$24) -> 1346.6366 | ... AF25: =SUMPRODUCT(AF8:AF24,$AH$8:$AH$24) -> 101.36706 | AH25: Итого: | AI25: =SUMPRODUCT(AG8:AG24,AH8:AH24) -> 32591.573 | AK25: Итого: | AL25: =SUMPRODUCT(AJ8:AJ24,AK8:AK24) -> 9396.4436 | AN25: Итого: | AO25: =SUMPRODUCT(AM8:AM24,AN8:AN24) -> 22391.665 | AQ25: Итого: | AR25: =SUMPRODUCT(AP8:AP24,AQ8:AQ24) -> 803.46467
A26: Всего с К зап, кг | B26: =B25*$AJ$2 -> 1697.4648 | C26: =C25*$AJ$2 -> 1332.0817 | D26: =D25*$AJ$2 -> 759.82369 | E26: =E25*$AJ$2 -> 1333.3274 | F26: =F25*$AJ$2 -> 1266.3728 | G26: =G25*$AJ$2 -> 1260.4246 | H26: =H25*$AJ$2 -> 1266.3728 | I26: =I25*$AJ$2 -> 1440.9011 | ... AF26: =AF25*$AJ$2 -> 108.46275 | AH26: Итого (кг): | AI26: =SUM(AI8:AI24) -> 34872.983 | AK26: Итого (кг): | AL26: =SUM(AL8:AL24) -> 10054.195 | AN26: Итого (кг): | AO26: =SUM(AO8:AO24) -> 23959.081 | AQ26: Итого (кг): | AR26: =SUM(AR8:AR24) -> 859.7072
AH27: Итого (т): | AI27: =AI26/1000 -> 34.872983 | AK27: Итого (т): | AL27: =AL26/1000 -> 10.054195 | AN27: Итого (т): | AO27: =AO26/1000 -> 23.959081 | AQ27: Итого (т): | AR27: =AR26/1000 -> 0.8597072
A28: Контроль: чистая масса = «Ведомость», 1 этаж | AI28: =ROUND(AI25-Ведомость!P847,1) -> 0 | AJ28: ← должно быть 0
A30: Бетон, (м3)
A31: Бетон В25, м3 | B31: =(0.6*0.6+2*0.7*0.4+1.7*0.4)*(4-0.12) -> 6.208 | C31: =(0.6*0.6+0.7*0.4+1.7*0.4)*(4-0.12) -> 5.1216 | D31: =3*0.6*0.6*(4-0.12) -> 4.1904 | E31: =1*0.45*(0.6-0.12)*20.5 -> 4.428 | F31: =5*0.6*0.6*(4-0.12) -> 6.984 | G31: =1*0.45*(0.6-0.12)*22.6 -> 4.8816 | H31: =5*0.6*0.6*(4-0.12) -> 6.984 | I31: =1*0.45*(0.6-0.12)*22.6 -> 4.8816 | J31: =2*0.6*0.6*(4-0.12) -> 2.7936 | K31: =(0.6*0.6+2*0.7*0.4+0.9*0.4)*(4-0.12) -> 4.9664 | L31: =(0.6*0.6+0.9*0.4)*(4-0.12) -> 2.7936 | M31: =(0.6*0.6+0.7*0.4+0.9*0.4)*(4-0.12) -> 3.88 | N31: =1*0.45*(0.6-0.12)*19.8 -> 4.2768 | O31: =2*0.45*(0.6-0.12)*18.2 -> 7.8624 | P31: =1*0.45*(0.6-0.12)*15.8 -> 3.4128 | Q31: =1*0.45*(0.6-0.12)*18.2 -> 3.9312 | R31: =1*0.45*(0.6-0.12)*15.8 -> 3.4128 | S31: =137.85*0.3*(0.3-0.12)+6.05*0.3*(0.4-0.12)+11.71*0.2*(0.3-0.12)+35.75*0.25*(0.3-0.12) -> 9.98241 | V31: =542.03*0.12 -> 65.0436 | AC31: =SQRT(3.6^2+1.92^2)*1.25*0.15+12*0.3*0.16/2*1.25 -> 1.125 | AD31: =SQRT(3.6^2+2.08^2)*1.25*0.15+13*0.3*0.16/2*1.25 -> 1.1695672 | AE31: =1.4*2.89*0.15 -> 0.6069 | AF31: =0.3*0.3*(1.82-0.3+0.55)+0.3*0.3*2.255 -> 0.38925 | AG31: =SUM(B31:AF31) -> 159.32553 | AI31: =AG31*$AK$2 -> 159.32553 | AJ31: =SUM(B31:D31,F31,H31,J31:M31) -> 43.9216 | AL31: =AJ31*$AK$2 -> 43.9216 | AM31: =SUM(E31,G31,I31,N31:AB31) -> 112.11321 | AO31: =AM31*$AK$2 -> 112.11321 | AP31: =SUM(AC31:AF31) -> 3.2907172 | AR31: =AP31*$AK$2 -> 3.2907172
A32: Удельный расход (чистый), кг/м³ | AI32: =IF(AG31>0,AI25/AG31,0) -> 204.55964 | AL32: =IF(AJ31>0,AL25/AJ31,0) -> 213.93673 | AO32: =IF(AM31>0,AO25/AM31,0) -> 199.7237 | AR32: =IF(AP31>0,AR25/AP31,0) -> 244.16096
A34: Прочие материалы, (шт.)
A35: АШ-1, д14, шт. | AG35: =SUM(B35:AF35) -> 0 | AJ35: =SUM(B35:D35,F35,H35,J35:M35) -> 0 | AM35: =SUM(E35,G35,I35,N35:AB35) -> 0 | AP35: =SUM(AC35:AF35) -> 0
A36: АШ-2, д16, шт. | AG36: =SUM(B36:AF36) -> 0 | AJ36: =SUM(B36:D36,F36,H36,J36:M36) -> 0 | AM36: =SUM(E36,G36,I36,N36:AB36) -> 0 | AP36: =SUM(AC36:AF36) -> 0
A37: АШ-3, д18, шт. | AG37: =SUM(B37:AF37) -> 0 | AJ37: =SUM(B37:D37,F37,H37,J37:M37) -> 0 | AM37: =SUM(E37,G37,I37,N37:AB37) -> 0 | AP37: =SUM(AC37:AF37) -> 0
A38: АШ-4, д20, шт. | AG38: =SUM(B38:AF38) -> 0 | AJ38: =SUM(B38:D38,F38,H38,J38:M38) -> 0 | AM38: =SUM(E38,G38,I38,N38:AB38) -> 0 | AP38: =SUM(AC38:AF38) -> 0
A39: АШ-5, д22, шт. | N39: 2 | AG39: =SUM(B39:AF39) -> 2 | AJ39: =SUM(B39:D39,F39,H39,J39:M39) -> 0 | AM39: =SUM(E39,G39,I39,N39:AB39) -> 2 | AP39: =SUM(AC39:AF39) -> 0
A40: АШ-6, д25, шт. | E40: 4 | G40: 4 | I40: 2 | N40: 2 | O40: 4 | AC40: 18 | AF40: 16 | AG40: =SUM(B40:AF40) -> 50 | AJ40: =SUM(B40:D40,F40,H40,J40:M40) -> 0 | AM40: =SUM(E40,G40,I40,N40:AB40) -> 16 | AP40: =SUM(AC40:AF40) -> 34
A41: АШ-7, д28, шт. | E41: 12 | G41: 8 | I41: 10 | N41: 10 | O41: 20 | P41: 8 | Q41: 10 | R41: 8 | AG41: =SUM(B41:AF41) -> 86 | AJ41: =SUM(B41:D41,F41,H41,J41:M41) -> 0 | AM41: =SUM(E41,G41,I41,N41:AB41) -> 86 | AP41: =SUM(AC41:AF41) -> 0
A42: АШ-8, д32, шт. | P42: 2 | Q42: 2 | R42: 2 | AG42: =SUM(B42:AF42) -> 6 | AJ42: =SUM(B42:D42,F42,H42,J42:M42) -> 0 | AM42: =SUM(E42,G42,I42,N42:AB42) -> 6 | AP42: =SUM(AC42:AF42) -> 0
A43: ВН32, шт. (стыки ванной сваркой) | B43: 4 | C43: 4 | D43: 12 | F43: 20 | H43: 20 | J43: 8 | K43: 4 | L43: 4 | M43: 4 | AG43: =SUM(B43:AF43) -> 80 | AJ43: =SUM(B43:D43,F43,H43,J43:M43) -> 80 | AM43: =SUM(E43,G43,I43,N43:AB43) -> 0 | AP43: =SUM(AC43:AF43) -> 0
A44: ВН28, шт. (стыки ванной сваркой) | B44: 32 | C44: 22 | E44: 8 | G44: 8 | I44: 8 | K44: 22 | L44: 14 | M44: 14 | N44: 8 | O44: 8 | P44: 4 | Q44: 4 | R44: 4 | AG44: =SUM(B44:AF44) -> 156 | AJ44: =SUM(B44:D44,F44,H44,J44:M44) -> 104 | AM44: =SUM(E44,G44,I44,N44:AB44) -> 52 | AP44: =SUM(AC44:AF44) -> 0
A45: ВН25, шт. (стыки ванной сваркой) | B45: 8 | C45: 8 | K45: 10 | M45: 10 | S45: 40 | AG45: =SUM(B45:AF45) -> 76 | AJ45: =SUM(B45:D45,F45,H45,J45:M45) -> 36 | AM45: =SUM(E45,G45,I45,N45:AB45) -> 40 | AP45: =SUM(AC45:AF45) -> 0
A46: ВН22, шт. (стыки ванной сваркой) | C46: 16 | K46: 14 | M46: 6 | AG46: =SUM(B46:AF46) -> 36 | AJ46: =SUM(B46:D46,F46,H46,J46:M46) -> 36 | AM46: =SUM(E46,G46,I46,N46:AB46) -> 0 | AP46: =SUM(AC46:AF46) -> 0
A47: ВН20, шт. (стыки ванной сваркой) | B47: 16 | C47: 4 | D47: 24 | F47: 40 | H47: 40 | J47: 16 | K47: 8 | L47: 10 | M47: 8 | AG47: =SUM(B47:AF47) -> 166 | AJ47: =SUM(B47:D47,F47,H47,J47:M47) -> 166 | AM47: =SUM(E47,G47,I47,N47:AB47) -> 0 | AP47: =SUM(AC47:AF47) -> 0
A50: 2 ЭТАЖ | B50: Рамы | S50: Балки | V50: Перекрытие | AB50: Сетки С-1 | AC50: Лестничный марш | AJ50: Колонны, диафрагмы | AM50: Ригели, балки, плита, С-1 | AP50: Лестницы
A51: На отметке +3.950…+7.550 | B51: По оси А | C51: По оси А | D51: По оси А | E51: По оси А | F51: По оси Б | G51: По оси Б | H51: По оси В | I51: По оси В | J51: По оси Г | K51: По оси Г | L51: По оси Г | M51: По оси Г | N51: По оси Г | O51: По оси 1/5 | P51: По оси 2 | Q51: По оси 3 | R51: По оси 4 | S51: Основная | T51: Хомуты | U51: Допник | V51: Основная | W51: Хомуты | X51: Отверстия | Y51: Допник | AA51: Край | AB51: С-1 | AC51: Л1 | AD51: Л2 | AE51: Площадка | AF51: Рама | AG51: Итого: | AH51: Масса ед. кг | AI51: Всего | AJ51: Итого: | AK51: Масса ед. кг | AL51: Всего | AM51: Итого: | AN51: Масса ед. кг | AO51: Всего | AP51: Итого: | AQ51: Масса ед. кг | AR51: Всего
A52: (2 этаж) | B52: Дм-1 | C52: Дм-2 | D52: К 2-2 (3) | E52: Ригель 4-4 | F52: К 2-2 (5) | G52: Ригель 4-4 | H52: К 2-2 (5) | I52: Ригель 4-4 | J52: К 2-2 (2) | K52: Дм-3 | L52: Дм-4 | M52: Дм-5 | N52: Ригель 4-4 | O52: Ригель 5-5 (×2) | P52: Ригель 5-5 | Q52: Ригель 5-5 | R52: Ригель 5-5 | U52: Ø18 L=1200 | W52: Ф-1, шп. | Y52: Низ | Z52: Верх | AA52: сеч.6-6 | AB52: 240 шт | AC52: марш 3 | AD52: марш 4 | AE52: отм. 5.800 | AF52: Лрм-2 | AG52: (м.п.) | AI52: кг | AJ52: (м.п.) | AL52: кг | AM52: (м.п.) | AO52: кг | AP52: (м.п.) | AR52: кг
A53: Арматура, (м.п.)
A54: Диаметр 32 А500С, L=м.п. | B54: =SUMIFS(Ведомость!$N$5:$N$846,Ведомость!$H$5:$H$846,32,Ведомость!$I$5:$I$846,"А500С",Ведомость!$V$5:$V$846,"Дм-1",Ведомость!$W$5:$W$846,2) -> 0 | C54: =SUMIFS(Ведомость!$N$5:$N$846,Ведомость!$H$5:$H$846,32,Ведомость!$I$5:$I$846,"А500С",Ведомость!$V$5:$V$846,"Дм-2",Ведомость!$W$5:$W$846,2) -> 0 | D54: =SUMIFS(Ведомость!$N$5:$N$846,Ведомость!$H$5:$H$846,32,Ведомость!$I$5:$I$846,"А500С",Ведомость!$V$5:$V$846,"К-А",Ведомость!$W$5:$W$846,2) -> 0 | E54: =SUMIFS(Ведомость!$N$5:$N$846,Ведомость!$H$5:$H$846,32,Ведомость!$I$5:$I$846,"А500С",Ведомость!$V$5:$V$846,"Р-А",Ведомость!$W$5:$W$846,2) -> 22.3 | F54: =SUMIFS(Ведомость!$N$5:$N$846,Ведомость!$H$5:$H$846,32,Ведомость!$I$5:$I$846,"А500С",Ведомость!$V$5:$V$846,"К-Б",Ведомость!$W$5:$W$846,2) -> 0 | G54: =SUMIFS(Ведомость!$N$5:$N$846,Ведомость!$H$5:$H$846,32,Ведомость!$I$5:$I$846,"А500С",Ведомость!$V$5:$V$846,"Р-Б",Ведомость!$W$5:$W$846,2) -> 0 | H54: =SUMIFS(Ведомость!$N$5:$N$846,Ведомость!$H$5:$H$846,32,Ведомость!$I$5:$I$846,"А500С",Ведомость!$V$5:$V$846,"К-В",Ведомость!$W$5:$W$846,2) -> 0 | I54: =SUMIFS(Ведомость!$N$5:$N$846,Ведомость!$H$5:$H$846,32,Ведомость!$I$5:$I$846,"А500С",Ведомость!$V$5:$V$846,"Р-В",Ведомость!$W$5:$W$846,2) -> 14.6 | J54: =SUMIFS(Ведомость!$N$5:$N$846,Ведомость!$H$5:$H$846,32,Ведомость!$I$5:$I$846,"А500С",Ведомость!$V$5:$V$846,"К-Г",Ведомость!$W$5:$W$846,2) -> 0 | K54: =SUMIFS(Ведомость!$N$5:$N$846,Ведомость!$H$5:$H$846,32,Ведомость!$I$5:$I$846,"А500С",Ведомость!$V$5:$V$846,"Дм-3",Ведомость!$W$5:$W$846,2) -> 0 | L54: =SUMIFS(Ведомость!$N$5:$N$846,Ведомость!$H$5:$H$846,32,Ведомость!$I$5:$I$846,"А500С",Ведомость!$V$5:$V$846,"Дм-4",Ведомость!$W$5:$W$846,2) -> 0 | M54: =SUMIFS(Ведомость!$N$5:$N$846,Ведомость!$H$5:$H$846,32,Ведомость!$I$5:$I$846,"А500С",Ведомость!$V$5:$V$846,"Дм-5",Ведомость!$W$5:$W$846,2) -> 0 | N54: =SUMIFS(Ведомость!$N$5:$N$846,Ведомость!$H$5:$H$846,32,Ведомость!$I$5:$I$846,"А500С",Ведомость!$V$5:$V$846,"Р-Г",Ведомость!$W$5:$W$846,2) -> 0 | O54: =SUMIFS(Ведомость!$N$5:$N$846,Ведомость!$H$5:$H$846,32,Ведомость!$I$5:$I$846,"А500С",Ведомость!$V$5:$V$846,"Р-1, 5",Ведомость!$W$5:$W$846,2) -> 23.4 | P54: =SUMIFS(Ведомость!$N$5:$N$846,Ведомость!$H$5:$H$846,32,Ведомость!$I$5:$I$846,"А500С",Ведомость!$V$5:$V$846,"Р-2",Ведомость!$W$5:$W$846,2) -> 27.9 | Q54: =SUMIFS(Ведомость!$N$5:$N$846,Ведомость!$H$5:$H$846,32,Ведомость!$I$5:$I$846,"А500С",Ведомость!$V$5:$V$846,"Р-3",Ведомость!$W$5:$W$846,2) -> 4.1 | R54: =SUMIFS(Ведомость!$N$5:$N$846,Ведомость!$H$5:$H$846,32,Ведомость!$I$5:$I$846,"А500С",Ведомость!$V$5:$V$846,"Р-4",Ведомость!$W$5:$W$846,2) -> 19.7 | S54: =SUMIFS(Ведомость!$N$5:$N$846,Ведомость!$H$5:$H$846,32,Ведомость!$I$5:$I$846,"А500С",Ведомость!$V$5:$V$846,"Б-основная",Ведомость!$W$5:$W$846,2) -> 0 | T54: =SUMIFS(Ведомость!$N$5:$N$846,Ведомость!$H$5:$H$846,32,Ведомость!$I$5:$I$846,"А500С",Ведомость!$V$5:$V$846,"Б-хомуты",Ведомость!$W$5:$W$846,2) -> 0 | U54: =SUMIFS(Ведомость!$N$5:$N$846,Ведомость!$H$5:$H$846,32,Ведомость!$I$5:$I$846,"А500С",Ведомость!$V$5:$V$846,"Б-допник",Ведомость!$W$5:$W$846,2) -> 0 | V54: =SUMIFS(Ведомость!$N$5:$N$846,Ведомость!$H$5:$H$846,32,Ведомость!$I$5:$I$846,"А500С",Ведомость!$V$5:$V$846,"П-сетка",Ведомость!$W$5:$W$846,2) -> 0 | W54: =SUMIFS(Ведомость!$N$5:$N$846,Ведомость!$H$5:$H$846,32,Ведомость!$I$5:$I$846,"А500С",Ведомость!$V$5:$V$846,"П-фикс",Ведомость!$W$5:$W$846,2) -> 0 | X54: =SUMIFS(Ведомость!$N$5:$N$846,Ведомость!$H$5:$H$846,32,Ведомость!$I$5:$I$846,"А500С",Ведомость!$V$5:$V$846,"П-отв",Ведомость!$W$5:$W$846,2) -> 0 | Y54: =SUMIFS(Ведомость!$N$5:$N$846,Ведомость!$H$5:$H$846,32,Ведомость!$I$5:$I$846,"А500С",Ведомость!$V$5:$V$846,"П-доп-низ",Ведомость!$W$5:$W$846,2) -> 0 | Z54: =SUMIFS(Ведомость!$N$5:$N$846,Ведомость!$H$5:$H$846,32,Ведомость!$I$5:$I$846,"А500С",Ведомость!$V$5:$V$846,"П-доп-верх",Ведомость!$W$5:$W$846,2) -> 0 | AA54: =SUMIFS(Ведомость!$N$5:$N$846,Ведомость!$H$5:$H$846,32,Ведомость!$I$5:$I$846,"А500С",Ведомость!$V$5:$V$846,"П-край",Ведомость!$W$5:$W$846,2) -> 0 | AB54: =SUMIFS(Ведомость!$N$5:$N$846,Ведомость!$H$5:$H$846,32,Ведомость!$I$5:$I$846,"А500С",Ведомость!$V$5:$V$846,"С-1",Ведомость!$W$5:$W$846,2) -> 0 | AC54: =SUMIFS(Ведомость!$N$5:$N$846,Ведомость!$H$5:$H$846,32,Ведомость!$I$5:$I$846,"А500С",Ведомость!$V$5:$V$846,"Л1",Ведомость!$W$5:$W$846,2) -> 0 | AD54: =SUMIFS(Ведомость!$N$5:$N$846,Ведомость!$H$5:$H$846,32,Ведомость!$I$5:$I$846,"А500С",Ведомость!$V$5:$V$846,"Л2",Ведомость!$W$5:$W$846,2) -> 0 | AE54: =SUMIFS(Ведомость!$N$5:$N$846,Ведомость!$H$5:$H$846,32,Ведомость!$I$5:$I$846,"А500С",Ведомость!$V$5:$V$846,"Л-пл",Ведомость!$W$5:$W$846,2) -> 0 | AF54: =SUMIFS(Ведомость!$N$5:$N$846,Ведомость!$H$5:$H$846,32,Ведомость!$I$5:$I$846,"А500С",Ведомость!$V$5:$V$846,"Л-рама",Ведомость!$W$5:$W$846,2) -> 0 | AG54: =SUM(B54:AF54) -> 112 | AH54: =IFERROR(INDEX(Исходные!$B$18:$B$30,MATCH(32,Исходные!$A$18:$A$30,0)),0) -> 6.313 | AI54: =AG54*AH54*$AJ$2 -> 756.54992 | AJ54: =SUM(B54:D54,F54,H54,J54:M54) -> 0 | AK54: =AH54 -> 6.313 | AL54: =AJ54*AK54*$AJ$2 -> 0 | AM54: =SUM(E54,G54,I54,N54:AB54) -> 112 | AN54: =AH54 -> 6.313 | AO54: =AM54*AN54*$AJ$2 -> 756.54992 | AP54: =SUM(AC54:AF54) -> 0 | AQ54: =AH54 -> 6.313 | AR54: =AP54*AQ54*$AJ$2 -> 0
A55: Диаметр 28 А500С, L=м.п. | B55: =SUMIFS(Ведомость!$N$5:$N$846,Ведомость!$H$5:$H$846,28,Ведомость!$I$5:$I$846,"А500С",Ведомость!$V$5:$V$846,"Дм-1",Ведомость!$W$5:$W$846,2) -> 14.4 | C55: =SUMIFS(Ведомость!$N$5:$N$846,Ведомость!$H$5:$H$846,28,Ведомость!$I$5:$I$846,"А500С",Ведомость!$V$5:$V$846,"Дм-2",Ведомость!$W$5:$W$846,2) -> 14.4 | D55: =SUMIFS(Ведомость!$N$5:$N$846,Ведомость!$H$5:$H$846,28,Ведомость!$I$5:$I$846,"А500С",Ведомость!$V$5:$V$846,"К-А",Ведомость!$W$5:$W$846,2) -> 43.2 | E55: =SUMIFS(Ведомость!$N$5:$N$846,Ведомость!$H$5:$H$846,28,Ведомость!$I$5:$I$846,"А500С",Ведомость!$V$5:$V$846,"Р-А",Ведомость!$W$5:$W$846,2) -> 106.1 | F55: =SUMIFS(Ведомость!$N$5:$N$846,Ведомость!$H$5:$H$846,28,Ведомость!$I$5:$I$846,"А500С",Ведомость!$V$5:$V$846,"К-Б",Ведомость!$W$5:$W$846,2) -> 72 | G55: =SUMIFS(Ведомость!$N$5:$N$846,Ведомость!$H$5:$H$846,28,Ведомость!$I$5:$I$846,"А500С",Ведомость!$V$5:$V$846,"Р-Б",Ведомость!$W$5:$W$846,2) -> 132.2 | H55: =SUMIFS(Ведомость!$N$5:$N$846,Ведомость!$H$5:$H$846,28,Ведомость!$I$5:$I$846,"А500С",Ведомость!$V$5:$V$846,"К-В",Ведомость!$W$5:$W$846,2) -> 72 | I55: =SUMIFS(Ведомость!$N$5:$N$846,Ведомость!$H$5:$H$846,28,Ведомость!$I$5:$I$846,"А500С",Ведомость!$V$5:$V$846,"Р-В",Ведомость!$W$5:$W$846,2) -> 113.5 | J55: =SUMIFS(Ведомость!$N$5:$N$846,Ведомость!$H$5:$H$846,28,Ведомость!$I$5:$I$846,"А500С",Ведомость!$V$5:$V$846,"К-Г",Ведомость!$W$5:$W$846,2) -> 28.8 | K55: =SUMIFS(Ведомость!$N$5:$N$846,Ведомость!$H$5:$H$846,28,Ведомость!$I$5:$I$846,"А500С",Ведомость!$V$5:$V$846,"Дм-3",Ведомость!$W$5:$W$846,2) -> 14.4 | L55: =SUMIFS(Ведомость!$N$5:$N$846,Ведомость!$H$5:$H$846,28,Ведомость!$I$5:$I$846,"А500С",Ведомость!$V$5:$V$846,"Дм-4",Ведомость!$W$5:$W$846,2) -> 14.4 | M55: =SUMIFS(Ведомость!$N$5:$N$846,Ведомость!$H$5:$H$846,28,Ведомость!$I$5:$I$846,"А500С",Ведомость!$V$5:$V$846,"Дм-5",Ведомость!$W$5:$W$846,2) -> 14.4 | N55: =SUMIFS(Ведомость!$N$5:$N$846,Ведомость!$H$5:$H$846,28,Ведомость!$I$5:$I$846,"А500С",Ведомость!$V$5:$V$846,"Р-Г",Ведомость!$W$5:$W$846,2) -> 140.4 | O55: =SUMIFS(Ведомость!$N$5:$N$846,Ведомость!$H$5:$H$846,28,Ведомость!$I$5:$I$846,"А500С",Ведомость!$V$5:$V$846,"Р-1, 5",Ведомость!$W$5:$W$846,2) -> 179.2 | P55: =SUMIFS(Ведомость!$N$5:$N$846,Ведомость!$H$5:$H$846,28,Ведомость!$I$5:$I$846,"А500С",Ведомость!$V$5:$V$846,"Р-2",Ведомость!$W$5:$W$846,2) -> 103 | Q55: =SUMIFS(Ведомость!$N$5:$N$846,Ведомость!$H$5:$H$846,28,Ведомость!$I$5:$I$846,"А500С",Ведомость!$V$5:$V$846,"Р-3",Ведомость!$W$5:$W$846,2) -> 107.3 | R55: =SUMIFS(Ведомость!$N$5:$N$846,Ведомость!$H$5:$H$846,28,Ведомость!$I$5:$I$846,"А500С",Ведомость!$V$5:$V$846,"Р-4",Ведомость!$W$5:$W$846,2) -> 94.4 | S55: =SUMIFS(Ведомость!$N$5:$N$846,Ведомость!$H$5:$H$846,28,Ведомость!$I$5:$I$846,"А500С",Ведомость!$V$5:$V$846,"Б-основная",Ведомость!$W$5:$W$846,2) -> 0 | T55: =SUMIFS(Ведомость!$N$5:$N$846,Ведомость!$H$5:$H$846,28,Ведомость!$I$5:$I$846,"А500С",Ведомость!$V$5:$V$846,"Б-хомуты",Ведомость!$W$5:$W$846,2) -> 0 | U55: =SUMIFS(Ведомость!$N$5:$N$846,Ведомость!$H$5:$H$846,28,Ведомость!$I$5:$I$846,"А500С",Ведомость!$V$5:$V$846,"Б-допник",Ведомость!$W$5:$W$846,2) -> 0 | V55: =SUMIFS(Ведомость!$N$5:$N$846,Ведомость!$H$5:$H$846,28,Ведомость!$I$5:$I$846,"А500С",Ведомость!$V$5:$V$846,"П-сетка",Ведомость!$W$5:$W$846,2) -> 0 | W55: =SUMIFS(Ведомость!$N$5:$N$846,Ведомость!$H$5:$H$846,28,Ведомость!$I$5:$I$846,"А500С",Ведомость!$V$5:$V$846,"П-фикс",Ведомость!$W$5:$W$846,2) -> 0 | X55: =SUMIFS(Ведомость!$N$5:$N$846,Ведомость!$H$5:$H$846,28,Ведомость!$I$5:$I$846,"А500С",Ведомость!$V$5:$V$846,"П-отв",Ведомость!$W$5:$W$846,2) -> 0 | Y55: =SUMIFS(Ведомость!$N$5:$N$846,Ведомость!$H$5:$H$846,28,Ведомость!$I$5:$I$846,"А500С",Ведомость!$V$5:$V$846,"П-доп-низ",Ведомость!$W$5:$W$846,2) -> 0 | Z55: =SUMIFS(Ведомость!$N$5:$N$846,Ведомость!$H$5:$H$846,28,Ведомость!$I$5:$I$846,"А500С",Ведомость!$V$5:$V$846,"П-доп-верх",Ведомость!$W$5:$W$846,2) -> 0 | AA55: =SUMIFS(Ведомость!$N$5:$N$846,Ведомость!$H$5:$H$846,28,Ведомость!$I$5:$I$846,"А500С",Ведомость!$V$5:$V$846,"П-край",Ведомость!$W$5:$W$846,2) -> 0 | AB55: =SUMIFS(Ведомость!$N$5:$N$846,Ведомость!$H$5:$H$846,28,Ведомость!$I$5:$I$846,"А500С",Ведомость!$V$5:$V$846,"С-1",Ведомость!$W$5:$W$846,2) -> 0 | AC55: =SUMIFS(Ведомость!$N$5:$N$846,Ведомость!$H$5:$H$846,28,Ведомость!$I$5:$I$846,"А500С",Ведомость!$V$5:$V$846,"Л1",Ведомость!$W$5:$W$846,2) -> 0 | AD55: =SUMIFS(Ведомость!$N$5:$N$846,Ведомость!$H$5:$H$846,28,Ведомость!$I$5:$I$846,"А500С",Ведомость!$V$5:$V$846,"Л2",Ведомость!$W$5:$W$846,2) -> 0 | AE55: =SUMIFS(Ведомость!$N$5:$N$846,Ведомость!$H$5:$H$846,28,Ведомость!$I$5:$I$846,"А500С",Ведомость!$V$5:$V$846,"Л-пл",Ведомость!$W$5:$W$846,2) -> 0 | AF55: =SUMIFS(Ведомость!$N$5:$N$846,Ведомость!$H$5:$H$846,28,Ведомость!$I$5:$I$846,"А500С",Ведомость!$V$5:$V$846,"Л-рама",Ведомость!$W$5:$W$846,2) -> 0 | AG55: =SUM(B55:AF55) -> 1264.1 | AH55: =IFERROR(INDEX(Исходные!$B$18:$B$30,MATCH(28,Исходные!$A$18:$A$30,0)),0) -> 4.834 | AI55: =AG55*AH55*$AJ$2 -> 6538.4056 | AJ55: =SUM(B55:D55,F55,H55,J55:M55) -> 288 | AK55: =AH55 -> 4.834 | AL55: =AJ55*AK55*$AJ$2 -> 1489.6454 | AM55: =SUM(E55,G55,I55,N55:AB55) -> 976.1 | AN55: =AH55 -> 4.834 | AO55: =AM55*AN55*$AJ$2 -> 5048.7601 | AP55: =SUM(AC55:AF55) -> 0 | AQ55: =AH55 -> 4.834 | AR55: =AP55*AQ55*$AJ$2 -> 0
A56: Диаметр 25 А500С, L=м.п. | B56: =SUMIFS(Ведомость!$N$5:$N$846,Ведомость!$H$5:$H$846,25,Ведомость!$I$5:$I$846,"А500С",Ведомость!$V$5:$V$846,"Дм-1",Ведомость!$W$5:$W$846,2) -> 64.8 | C56: =SUMIFS(Ведомость!$N$5:$N$846,Ведомость!$H$5:$H$846,25,Ведомость!$I$5:$I$846,"А500С",Ведомость!$V$5:$V$846,"Дм-2",Ведомость!$W$5:$W$846,2) -> 43.2 | D56: =SUMIFS(Ведомость!$N$5:$N$846,Ведомость!$H$5:$H$846,25,Ведомость!$I$5:$I$846,"А500С",Ведомость!$V$5:$V$846,"К-А",Ведомость!$W$5:$W$846,2) -> 0 | E56: =SUMIFS(Ведомость!$N$5:$N$846,Ведомость!$H$5:$H$846,25,Ведомость!$I$5:$I$846,"А500С",Ведомость!$V$5:$V$846,"Р-А",Ведомость!$W$5:$W$846,2) -> 40.4 | F56: =SUMIFS(Ведомость!$N$5:$N$846,Ведомость!$H$5:$H$846,25,Ведомость!$I$5:$I$846,"А500С",Ведомость!$V$5:$V$846,"К-Б",Ведомость!$W$5:$W$846,2) -> 0 | G56: =SUMIFS(Ведомость!$N$5:$N$846,Ведомость!$H$5:$H$846,25,Ведомость!$I$5:$I$846,"А500С",Ведомость!$V$5:$V$846,"Р-Б",Ведомость!$W$5:$W$846,2) -> 0 | H56: =SUMIFS(Ведомость!$N$5:$N$846,Ведомость!$H$5:$H$846,25,Ведомость!$I$5:$I$846,"А500С",Ведомость!$V$5:$V$846,"К-В",Ведомость!$W$5:$W$846,2) -> 0 | I56: =SUMIFS(Ведомость!$N$5:$N$846,Ведомость!$H$5:$H$846,25,Ведомость!$I$5:$I$846,"А500С",Ведомость!$V$5:$V$846,"Р-В",Ведомость!$W$5:$W$846,2) -> 4.1 | J56: =SUMIFS(Ведомость!$N$5:$N$846,Ведомость!$H$5:$H$846,25,Ведомость!$I$5:$I$846,"А500С",Ведомость!$V$5:$V$846,"К-Г",Ведомость!$W$5:$W$846,2) -> 0 | K56: =SUMIFS(Ведомость!$N$5:$N$846,Ведомость!$H$5:$H$846,25,Ведомость!$I$5:$I$846,"А500С",Ведомость!$V$5:$V$846,"Дм-3",Ведомость!$W$5:$W$846,2) -> 64.8 | L56: =SUMIFS(Ведомость!$N$5:$N$846,Ведомость!$H$5:$H$846,25,Ведомость!$I$5:$I$846,"А500С",Ведомость!$V$5:$V$846,"Дм-4",Ведомость!$W$5:$W$846,2) -> 21.6 | M56: =SUMIFS(Ведомость!$N$5:$N$846,Ведомость!$H$5:$H$846,25,Ведомость!$I$5:$I$846,"А500С",Ведомость!$V$5:$V$846,"Дм-5",Ведомость!$W$5:$W$846,2) -> 21.6 | N56: =SUMIFS(Ведомость!$N$5:$N$846,Ведомость!$H$5:$H$846,25,Ведомость!$I$5:$I$846,"А500С",Ведомость!$V$5:$V$846,"Р-Г",Ведомость!$W$5:$W$846,2) -> 47.8 | O56: =SUMIFS(Ведомость!$N$5:$N$846,Ведомость!$H$5:$H$846,25,Ведомость!$I$5:$I$846,"А500С",Ведомость!$V$5:$V$846,"Р-1, 5",Ведомость!$W$5:$W$846,2) -> 8.2 | P56: =SUMIFS(Ведомость!$N$5:$N$846,Ведомость!$H$5:$H$846,25,Ведомость!$I$5:$I$846,"А500С",Ведомость!$V$5:$V$846,"Р-2",Ведомость!$W$5:$W$846,2) -> 0 | Q56: =SUMIFS(Ведомость!$N$5:$N$846,Ведомость!$H$5:$H$846,25,Ведомость!$I$5:$I$846,"А500С",Ведомость!$V$5:$V$846,"Р-3",Ведомость!$W$5:$W$846,2) -> 15.2 | R56: =SUMIFS(Ведомость!$N$5:$N$846,Ведомость!$H$5:$H$846,25,Ведомость!$I$5:$I$846,"А500С",Ведомость!$V$5:$V$846,"Р-4",Ведомость!$W$5:$W$846,2) -> 9.6 | S56: =SUMIFS(Ведомость!$N$5:$N$846,Ведомость!$H$5:$H$846,25,Ведомость!$I$5:$I$846,"А500С",Ведомость!$V$5:$V$846,"Б-основная",Ведомость!$W$5:$W$846,2) -> 635.4 | T56: =SUMIFS(Ведомость!$N$5:$N$846,Ведомость!$H$5:$H$846,25,Ведомость!$I$5:$I$846,"А500С",Ведомость!$V$5:$V$846,"Б-хомуты",Ведомость!$W$5:$W$846,2) -> 0 | U56: =SUMIFS(Ведомость!$N$5:$N$846,Ведомость!$H$5:$H$846,25,Ведомость!$I$5:$I$846,"А500С",Ведомость!$V$5:$V$846,"Б-допник",Ведомость!$W$5:$W$846,2) -> 0 | V56: =SUMIFS(Ведомость!$N$5:$N$846,Ведомость!$H$5:$H$846,25,Ведомость!$I$5:$I$846,"А500С",Ведомость!$V$5:$V$846,"П-сетка",Ведомость!$W$5:$W$846,2) -> 0 | W56: =SUMIFS(Ведомость!$N$5:$N$846,Ведомость!$H$5:$H$846,25,Ведомость!$I$5:$I$846,"А500С",Ведомость!$V$5:$V$846,"П-фикс",Ведомость!$W$5:$W$846,2) -> 0 | X56: =SUMIFS(Ведомость!$N$5:$N$846,Ведомость!$H$5:$H$846,25,Ведомость!$I$5:$I$846,"А500С",Ведомость!$V$5:$V$846,"П-отв",Ведомость!$W$5:$W$846,2) -> 0 | Y56: =SUMIFS(Ведомость!$N$5:$N$846,Ведомость!$H$5:$H$846,25,Ведомость!$I$5:$I$846,"А500С",Ведомость!$V$5:$V$846,"П-доп-низ",Ведомость!$W$5:$W$846,2) -> 0 | Z56: =SUMIFS(Ведомость!$N$5:$N$846,Ведомость!$H$5:$H$846,25,Ведомость!$I$5:$I$846,"А500С",Ведомость!$V$5:$V$846,"П-доп-верх",Ведомость!$W$5:$W$846,2) -> 0 | AA56: =SUMIFS(Ведомость!$N$5:$N$846,Ведомость!$H$5:$H$846,25,Ведомость!$I$5:$I$846,"А500С",Ведомость!$V$5:$V$846,"П-край",Ведомость!$W$5:$W$846,2) -> 0 | AB56: =SUMIFS(Ведомость!$N$5:$N$846,Ведомость!$H$5:$H$846,25,Ведомость!$I$5:$I$846,"А500С",Ведомость!$V$5:$V$846,"С-1",Ведомость!$W$5:$W$846,2) -> 0 | AC56: =SUMIFS(Ведомость!$N$5:$N$846,Ведомость!$H$5:$H$846,25,Ведомость!$I$5:$I$846,"А500С",Ведомость!$V$5:$V$846,"Л1",Ведомость!$W$5:$W$846,2) -> 0 | AD56: =SUMIFS(Ведомость!$N$5:$N$846,Ведомость!$H$5:$H$846,25,Ведомость!$I$5:$I$846,"А500С",Ведомость!$V$5:$V$846,"Л2",Ведомость!$W$5:$W$846,2) -> 0 | AE56: =SUMIFS(Ведомость!$N$5:$N$846,Ведомость!$H$5:$H$846,25,Ведомость!$I$5:$I$846,"А500С",Ведомость!$V$5:$V$846,"Л-пл",Ведомость!$W$5:$W$846,2) -> 0 | AF56: =SUMIFS(Ведомость!$N$5:$N$846,Ведомость!$H$5:$H$846,25,Ведомость!$I$5:$I$846,"А500С",Ведомость!$V$5:$V$846,"Л-рама",Ведомость!$W$5:$W$846,2) -> 21.1 | AG56: =SUM(B56:AF56) -> 997.8 | AH56: =IFERROR(INDEX(Исходные!$B$18:$B$30,MATCH(25,Исходные!$A$18:$A$30,0)),0) -> 3.853 | AI56: =AG56*AH56*$AJ$2 -> 4113.64 | AJ56: =SUM(B56:D56,F56,H56,J56:M56) -> 216 | AK56: =AH56 -> 3.853 | AL56: =AJ56*AK56*$AJ$2 -> 890.50536 | AM56: =SUM(E56,G56,I56,N56:AB56) -> 760.7 | AN56: =AH56 -> 3.853 | AO56: =AM56*AN56*$AJ$2 -> 3136.1455 | AP56: =SUM(AC56:AF56) -> 21.1 | AQ56: =AH56 -> 3.853 | AR56: =AP56*AQ56*$AJ$2 -> 86.989181
A57: Диаметр 22 А500С, L=м.п. | B57: =SUMIFS(Ведомость!$N$5:$N$846,Ведомость!$H$5:$H$846,22,Ведомость!$I$5:$I$846,"А500С",Ведомость!$V$5:$V$846,"Дм-1",Ведомость!$W$5:$W$846,2) -> 0 | C57: =SUMIFS(Ведомость!$N$5:$N$846,Ведомость!$H$5:$H$846,22,Ведомость!$I$5:$I$846,"А500С",Ведомость!$V$5:$V$846,"Дм-2",Ведомость!$W$5:$W$846,2) -> 0 | D57: =SUMIFS(Ведомость!$N$5:$N$846,Ведомость!$H$5:$H$846,22,Ведомость!$I$5:$I$846,"А500С",Ведомость!$V$5:$V$846,"К-А",Ведомость!$W$5:$W$846,2) -> 0 | E57: =SUMIFS(Ведомость!$N$5:$N$846,Ведомость!$H$5:$H$846,22,Ведомость!$I$5:$I$846,"А500С",Ведомость!$V$5:$V$846,"Р-А",Ведомость!$W$5:$W$846,2) -> 9 | F57: =SUMIFS(Ведомость!$N$5:$N$846,Ведомость!$H$5:$H$846,22,Ведомость!$I$5:$I$846,"А500С",Ведомость!$V$5:$V$846,"К-Б",Ведомость!$W$5:$W$846,2) -> 0 | G57: =SUMIFS(Ведомость!$N$5:$N$846,Ведомость!$H$5:$H$846,22,Ведомость!$I$5:$I$846,"А500С",Ведомость!$V$5:$V$846,"Р-Б",Ведомость!$W$5:$W$846,2) -> 13.8 | H57: =SUMIFS(Ведомость!$N$5:$N$846,Ведомость!$H$5:$H$846,22,Ведомость!$I$5:$I$846,"А500С",Ведомость!$V$5:$V$846,"К-В",Ведомость!$W$5:$W$846,2) -> 0 | I57: =SUMIFS(Ведомость!$N$5:$N$846,Ведомость!$H$5:$H$846,22,Ведомость!$I$5:$I$846,"А500С",Ведомость!$V$5:$V$846,"Р-В",Ведомость!$W$5:$W$846,2) -> 14.8 | J57: =SUMIFS(Ведомость!$N$5:$N$846,Ведомость!$H$5:$H$846,22,Ведомость!$I$5:$I$846,"А500С",Ведомость!$V$5:$V$846,"К-Г",Ведомость!$W$5:$W$846,2) -> 0 | K57: =SUMIFS(Ведомость!$N$5:$N$846,Ведомость!$H$5:$H$846,22,Ведомость!$I$5:$I$846,"А500С",Ведомость!$V$5:$V$846,"Дм-3",Ведомость!$W$5:$W$846,2) -> 0 | L57: =SUMIFS(Ведомость!$N$5:$N$846,Ведомость!$H$5:$H$846,22,Ведомость!$I$5:$I$846,"А500С",Ведомость!$V$5:$V$846,"Дм-4",Ведомость!$W$5:$W$846,2) -> 0 | M57: =SUMIFS(Ведомость!$N$5:$N$846,Ведомость!$H$5:$H$846,22,Ведомость!$I$5:$I$846,"А500С",Ведомость!$V$5:$V$846,"Дм-5",Ведомость!$W$5:$W$846,2) -> 21.6 | N57: =SUMIFS(Ведомость!$N$5:$N$846,Ведомость!$H$5:$H$846,22,Ведомость!$I$5:$I$846,"А500С",Ведомость!$V$5:$V$846,"Р-Г",Ведомость!$W$5:$W$846,2) -> 12.7 | O57: =SUMIFS(Ведомость!$N$5:$N$846,Ведомость!$H$5:$H$846,22,Ведомость!$I$5:$I$846,"А500С",Ведомость!$V$5:$V$846,"Р-1, 5",Ведомость!$W$5:$W$846,2) -> 0 | P57: =SUMIFS(Ведомость!$N$5:$N$846,Ведомость!$H$5:$H$846,22,Ведомость!$I$5:$I$846,"А500С",Ведомость!$V$5:$V$846,"Р-2",Ведомость!$W$5:$W$846,2) -> 2.4 | Q57: =SUMIFS(Ведомость!$N$5:$N$846,Ведомость!$H$5:$H$846,22,Ведомость!$I$5:$I$846,"А500С",Ведомость!$V$5:$V$846,"Р-3",Ведомость!$W$5:$W$846,2) -> 0 | R57: =SUMIFS(Ведомость!$N$5:$N$846,Ведомость!$H$5:$H$846,22,Ведомость!$I$5:$I$846,"А500С",Ведомость!$V$5:$V$846,"Р-4",Ведомость!$W$5:$W$846,2) -> 0 | S57: =SUMIFS(Ведомость!$N$5:$N$846,Ведомость!$H$5:$H$846,22,Ведомость!$I$5:$I$846,"А500С",Ведомость!$V$5:$V$846,"Б-основная",Ведомость!$W$5:$W$846,2) -> 158.8 | T57: =SUMIFS(Ведомость!$N$5:$N$846,Ведомость!$H$5:$H$846,22,Ведомость!$I$5:$I$846,"А500С",Ведомость!$V$5:$V$846,"Б-хомуты",Ведомость!$W$5:$W$846,2) -> 0 | U57: =SUMIFS(Ведомость!$N$5:$N$846,Ведомость!$H$5:$H$846,22,Ведомость!$I$5:$I$846,"А500С",Ведомость!$V$5:$V$846,"Б-допник",Ведомость!$W$5:$W$846,2) -> 0 | V57: =SUMIFS(Ведомость!$N$5:$N$846,Ведомость!$H$5:$H$846,22,Ведомость!$I$5:$I$846,"А500С",Ведомость!$V$5:$V$846,"П-сетка",Ведомость!$W$5:$W$846,2) -> 0 | W57: =SUMIFS(Ведомость!$N$5:$N$846,Ведомость!$H$5:$H$846,22,Ведомость!$I$5:$I$846,"А500С",Ведомость!$V$5:$V$846,"П-фикс",Ведомость!$W$5:$W$846,2) -> 0 | X57: =SUMIFS(Ведомость!$N$5:$N$846,Ведомость!$H$5:$H$846,22,Ведомость!$I$5:$I$846,"А500С",Ведомость!$V$5:$V$846,"П-отв",Ведомость!$W$5:$W$846,2) -> 0 | Y57: =SUMIFS(Ведомость!$N$5:$N$846,Ведомость!$H$5:$H$846,22,Ведомость!$I$5:$I$846,"А500С",Ведомость!$V$5:$V$846,"П-доп-низ",Ведомость!$W$5:$W$846,2) -> 0 | Z57: =SUMIFS(Ведомость!$N$5:$N$846,Ведомость!$H$5:$H$846,22,Ведомость!$I$5:$I$846,"А500С",Ведомость!$V$5:$V$846,"П-доп-верх",Ведомость!$W$5:$W$846,2) -> 0 | AA57: =SUMIFS(Ведомость!$N$5:$N$846,Ведомость!$H$5:$H$846,22,Ведомость!$I$5:$I$846,"А500С",Ведомость!$V$5:$V$846,"П-край",Ведомость!$W$5:$W$846,2) -> 0 | AB57: =SUMIFS(Ведомость!$N$5:$N$846,Ведомость!$H$5:$H$846,22,Ведомость!$I$5:$I$846,"А500С",Ведомость!$V$5:$V$846,"С-1",Ведомость!$W$5:$W$846,2) -> 0 | AC57: =SUMIFS(Ведомость!$N$5:$N$846,Ведомость!$H$5:$H$846,22,Ведомость!$I$5:$I$846,"А500С",Ведомость!$V$5:$V$846,"Л1",Ведомость!$W$5:$W$846,2) -> 0 | AD57: =SUMIFS(Ведомость!$N$5:$N$846,Ведомость!$H$5:$H$846,22,Ведомость!$I$5:$I$846,"А500С",Ведомость!$V$5:$V$846,"Л2",Ведомость!$W$5:$W$846,2) -> 0 | AE57: =SUMIFS(Ведомость!$N$5:$N$846,Ведомость!$H$5:$H$846,22,Ведомость!$I$5:$I$846,"А500С",Ведомость!$V$5:$V$846,"Л-пл",Ведомость!$W$5:$W$846,2) -> 0 | AF57: =SUMIFS(Ведомость!$N$5:$N$846,Ведомость!$H$5:$H$846,22,Ведомость!$I$5:$I$846,"А500С",Ведомость!$V$5:$V$846,"Л-рама",Ведомость!$W$5:$W$846,2) -> 0 | AG57: =SUM(B57:AF57) -> 233.1 | AH57: =IFERROR(INDEX(Исходные!$B$18:$B$30,MATCH(22,Исходные!$A$18:$A$30,0)),0) -> 2.984 | AI57: =AG57*AH57*$AJ$2 -> 744.26033 | AJ57: =SUM(B57:D57,F57,H57,J57:M57) -> 21.6 | AK57: =AH57 -> 2.984 | AL57: =AJ57*AK57*$AJ$2 -> 68.966208 | AM57: =SUM(E57,G57,I57,N57:AB57) -> 211.5 | AN57: =AH57 -> 2.984 | AO57: =AM57*AN57*$AJ$2 -> 675.29412 | AP57: =SUM(AC57:AF57) -> 0 | AQ57: =AH57 -> 2.984 | AR57: =AP57*AQ57*$AJ$2 -> 0
A58: Диаметр 20 А500С, L=м.п. | B58: =SUMIFS(Ведомость!$N$5:$N$846,Ведомость!$H$5:$H$846,20,Ведомость!$I$5:$I$846,"А500С",Ведомость!$V$5:$V$846,"Дм-1",Ведомость!$W$5:$W$846,2) -> 28.8 | C58: =SUMIFS(Ведомость!$N$5:$N$846,Ведомость!$H$5:$H$846,20,Ведомость!$I$5:$I$846,"А500С",Ведомость!$V$5:$V$846,"Дм-2",Ведомость!$W$5:$W$846,2) -> 43.2 | D58: =SUMIFS(Ведомость!$N$5:$N$846,Ведомость!$H$5:$H$846,20,Ведомость!$I$5:$I$846,"А500С",Ведомость!$V$5:$V$846,"К-А",Ведомость!$W$5:$W$846,2) -> 86.4 | E58: =SUMIFS(Ведомость!$N$5:$N$846,Ведомость!$H$5:$H$846,20,Ведомость!$I$5:$I$846,"А500С",Ведомость!$V$5:$V$846,"Р-А",Ведомость!$W$5:$W$846,2) -> 6.6 | F58: =SUMIFS(Ведомость!$N$5:$N$846,Ведомость!$H$5:$H$846,20,Ведомость!$I$5:$I$846,"А500С",Ведомость!$V$5:$V$846,"К-Б",Ведомость!$W$5:$W$846,2) -> 144 | G58: =SUMIFS(Ведомость!$N$5:$N$846,Ведомость!$H$5:$H$846,20,Ведомость!$I$5:$I$846,"А500С",Ведомость!$V$5:$V$846,"Р-Б",Ведомость!$W$5:$W$846,2) -> 0 | H58: =SUMIFS(Ведомость!$N$5:$N$846,Ведомость!$H$5:$H$846,20,Ведомость!$I$5:$I$846,"А500С",Ведомость!$V$5:$V$846,"К-В",Ведомость!$W$5:$W$846,2) -> 144 | I58: =SUMIFS(Ведомость!$N$5:$N$846,Ведомость!$H$5:$H$846,20,Ведомость!$I$5:$I$846,"А500С",Ведомость!$V$5:$V$846,"Р-В",Ведомость!$W$5:$W$846,2) -> 0 | J58: =SUMIFS(Ведомость!$N$5:$N$846,Ведомость!$H$5:$H$846,20,Ведомость!$I$5:$I$846,"А500С",Ведомость!$V$5:$V$846,"К-Г",Ведомость!$W$5:$W$846,2) -> 57.6 | K58: =SUMIFS(Ведомость!$N$5:$N$846,Ведомость!$H$5:$H$846,20,Ведомость!$I$5:$I$846,"А500С",Ведомость!$V$5:$V$846,"Дм-3",Ведомость!$W$5:$W$846,2) -> 28.8 | L58: =SUMIFS(Ведомость!$N$5:$N$846,Ведомость!$H$5:$H$846,20,Ведомость!$I$5:$I$846,"А500С",Ведомость!$V$5:$V$846,"Дм-4",Ведомость!$W$5:$W$846,2) -> 28.8 | M58: =SUMIFS(Ведомость!$N$5:$N$846,Ведомость!$H$5:$H$846,20,Ведомость!$I$5:$I$846,"А500С",Ведомость!$V$5:$V$846,"Дм-5",Ведомость!$W$5:$W$846,2) -> 28.8 | N58: =SUMIFS(Ведомость!$N$5:$N$846,Ведомость!$H$5:$H$846,20,Ведомость!$I$5:$I$846,"А500С",Ведомость!$V$5:$V$846,"Р-Г",Ведомость!$W$5:$W$846,2) -> 4.7 | O58: =SUMIFS(Ведомость!$N$5:$N$846,Ведомость!$H$5:$H$846,20,Ведомость!$I$5:$I$846,"А500С",Ведомость!$V$5:$V$846,"Р-1, 5",Ведомость!$W$5:$W$846,2) -> 0 | P58: =SUMIFS(Ведомость!$N$5:$N$846,Ведомость!$H$5:$H$846,20,Ведомость!$I$5:$I$846,"А500С",Ведомость!$V$5:$V$846,"Р-2",Ведомость!$W$5:$W$846,2) -> 10.3 | Q58: =SUMIFS(Ведомость!$N$5:$N$846,Ведомость!$H$5:$H$846,20,Ведомость!$I$5:$I$846,"А500С",Ведомость!$V$5:$V$846,"Р-3",Ведомость!$W$5:$W$846,2) -> 0 | R58: =SUMIFS(Ведомость!$N$5:$N$846,Ведомость!$H$5:$H$846,20,Ведомость!$I$5:$I$846,"А500С",Ведомость!$V$5:$V$846,"Р-4",Ведомость!$W$5:$W$846,2) -> 6 | S58: =SUMIFS(Ведомость!$N$5:$N$846,Ведомость!$H$5:$H$846,20,Ведомость!$I$5:$I$846,"А500С",Ведомость!$V$5:$V$846,"Б-основная",Ведомость!$W$5:$W$846,2) -> 72.16 | T58: =SUMIFS(Ведомость!$N$5:$N$846,Ведомость!$H$5:$H$846,20,Ведомость!$I$5:$I$846,"А500С",Ведомость!$V$5:$V$846,"Б-хомуты",Ведомость!$W$5:$W$846,2) -> 0 | U58: =SUMIFS(Ведомость!$N$5:$N$846,Ведомость!$H$5:$H$846,20,Ведомость!$I$5:$I$846,"А500С",Ведомость!$V$5:$V$846,"Б-допник",Ведомость!$W$5:$W$846,2) -> 0 | V58: =SUMIFS(Ведомость!$N$5:$N$846,Ведомость!$H$5:$H$846,20,Ведомость!$I$5:$I$846,"А500С",Ведомость!$V$5:$V$846,"П-сетка",Ведомость!$W$5:$W$846,2) -> 0 | W58: =SUMIFS(Ведомость!$N$5:$N$846,Ведомость!$H$5:$H$846,20,Ведомость!$I$5:$I$846,"А500С",Ведомость!$V$5:$V$846,"П-фикс",Ведомость!$W$5:$W$846,2) -> 0 | X58: =SUMIFS(Ведомость!$N$5:$N$846,Ведомость!$H$5:$H$846,20,Ведомость!$I$5:$I$846,"А500С",Ведомость!$V$5:$V$846,"П-отв",Ведомость!$W$5:$W$846,2) -> 0 | Y58: =SUMIFS(Ведомость!$N$5:$N$846,Ведомость!$H$5:$H$846,20,Ведомость!$I$5:$I$846,"А500С",Ведомость!$V$5:$V$846,"П-доп-низ",Ведомость!$W$5:$W$846,2) -> 0 | Z58: =SUMIFS(Ведомость!$N$5:$N$846,Ведомость!$H$5:$H$846,20,Ведомость!$I$5:$I$846,"А500С",Ведомость!$V$5:$V$846,"П-доп-верх",Ведомость!$W$5:$W$846,2) -> 24 | AA58: =SUMIFS(Ведомость!$N$5:$N$846,Ведомость!$H$5:$H$846,20,Ведомость!$I$5:$I$846,"А500С",Ведомость!$V$5:$V$846,"П-край",Ведомость!$W$5:$W$846,2) -> 0 | AB58: =SUMIFS(Ведомость!$N$5:$N$846,Ведомость!$H$5:$H$846,20,Ведомость!$I$5:$I$846,"А500С",Ведомость!$V$5:$V$846,"С-1",Ведомость!$W$5:$W$846,2) -> 0 | AC58: =SUMIFS(Ведомость!$N$5:$N$846,Ведомость!$H$5:$H$846,20,Ведомость!$I$5:$I$846,"А500С",Ведомость!$V$5:$V$846,"Л1",Ведомость!$W$5:$W$846,2) -> 0 | AD58: =SUMIFS(Ведомость!$N$5:$N$846,Ведомость!$H$5:$H$846,20,Ведомость!$I$5:$I$846,"А500С",Ведомость!$V$5:$V$846,"Л2",Ведомость!$W$5:$W$846,2) -> 0 | AE58: =SUMIFS(Ведомость!$N$5:$N$846,Ведомость!$H$5:$H$846,20,Ведомость!$I$5:$I$846,"А500С",Ведомость!$V$5:$V$846,"Л-пл",Ведомость!$W$5:$W$846,2) -> 0 | AF58: =SUMIFS(Ведомость!$N$5:$N$846,Ведомость!$H$5:$H$846,20,Ведомость!$I$5:$I$846,"А500С",Ведомость!$V$5:$V$846,"Л-рама",Ведомость!$W$5:$W$846,2) -> 0 | AG58: =SUM(B58:AF58) -> 714.16 | AH58: =IFERROR(INDEX(Исходные!$B$18:$B$30,MATCH(20,Исходные!$A$18:$A$30,0)),0) -> 2.466 | AI58: =AG58*AH58*$AJ$2 -> 1884.3969 | AJ58: =SUM(B58:D58,F58,H58,J58:M58) -> 590.4 | AK58: =AH58 -> 2.466 | AL58: =AJ58*AK58*$AJ$2 -> 1557.8412 | AM58: =SUM(E58,G58,I58,N58:AB58) -> 123.76 | AN58: =AH58 -> 2.466 | AO58: =AM58*AN58*$AJ$2 -> 326.55561 | AP58: =SUM(AC58:AF58) -> 0 | AQ58: =AH58 -> 2.466 | AR58: =AP58*AQ58*$AJ$2 -> 0
A59: Диаметр 18 А500С, L=м.п. | B59: =SUMIFS(Ведомость!$N$5:$N$846,Ведомость!$H$5:$H$846,18,Ведомость!$I$5:$I$846,"А500С",Ведомость!$V$5:$V$846,"Дм-1",Ведомость!$W$5:$W$846,2) -> 0 | C59: =SUMIFS(Ведомость!$N$5:$N$846,Ведомость!$H$5:$H$846,18,Ведомость!$I$5:$I$846,"А500С",Ведомость!$V$5:$V$846,"Дм-2",Ведомость!$W$5:$W$846,2) -> 44.928 | D59: =SUMIFS(Ведомость!$N$5:$N$846,Ведомость!$H$5:$H$846,18,Ведомость!$I$5:$I$846,"А500С",Ведомость!$V$5:$V$846,"К-А",Ведомость!$W$5:$W$846,2) -> 0 | E59: =SUMIFS(Ведомость!$N$5:$N$846,Ведомость!$H$5:$H$846,18,Ведомость!$I$5:$I$846,"А500С",Ведомость!$V$5:$V$846,"Р-А",Ведомость!$W$5:$W$846,2) -> 56.376 | F59: =SUMIFS(Ведомость!$N$5:$N$846,Ведомость!$H$5:$H$846,18,Ведомость!$I$5:$I$846,"А500С",Ведомость!$V$5:$V$846,"К-Б",Ведомость!$W$5:$W$846,2) -> 0 | G59: =SUMIFS(Ведомость!$N$5:$N$846,Ведомость!$H$5:$H$846,18,Ведомость!$I$5:$I$846,"А500С",Ведомость!$V$5:$V$846,"Р-Б",Ведомость!$W$5:$W$846,2) -> 51.576 | H59: =SUMIFS(Ведомость!$N$5:$N$846,Ведомость!$H$5:$H$846,18,Ведомость!$I$5:$I$846,"А500С",Ведомость!$V$5:$V$846,"К-В",Ведомость!$W$5:$W$846,2) -> 0 | I59: =SUMIFS(Ведомость!$N$5:$N$846,Ведомость!$H$5:$H$846,18,Ведомость!$I$5:$I$846,"А500С",Ведомость!$V$5:$V$846,"Р-В",Ведомость!$W$5:$W$846,2) -> 51.576 | J59: =SUMIFS(Ведомость!$N$5:$N$846,Ведомость!$H$5:$H$846,18,Ведомость!$I$5:$I$846,"А500С",Ведомость!$V$5:$V$846,"К-Г",Ведомость!$W$5:$W$846,2) -> 0 | K59: =SUMIFS(Ведомость!$N$5:$N$846,Ведомость!$H$5:$H$846,18,Ведомость!$I$5:$I$846,"А500С",Ведомость!$V$5:$V$846,"Дм-3",Ведомость!$W$5:$W$846,2) -> 52.416 | L59: =SUMIFS(Ведомость!$N$5:$N$846,Ведомость!$H$5:$H$846,18,Ведомость!$I$5:$I$846,"А500С",Ведомость!$V$5:$V$846,"Дм-4",Ведомость!$W$5:$W$846,2) -> 0 | M59: =SUMIFS(Ведомость!$N$5:$N$846,Ведомость!$H$5:$H$846,18,Ведомость!$I$5:$I$846,"А500С",Ведомость!$V$5:$V$846,"Дм-5",Ведомость!$W$5:$W$846,2) -> 22.464 | N59: =SUMIFS(Ведомость!$N$5:$N$846,Ведомость!$H$5:$H$846,18,Ведомость!$I$5:$I$846,"А500С",Ведомость!$V$5:$V$846,"Р-Г",Ведомость!$W$5:$W$846,2) -> 51.576 | O59: =SUMIFS(Ведомость!$N$5:$N$846,Ведомость!$H$5:$H$846,18,Ведомость!$I$5:$I$846,"А500С",Ведомость!$V$5:$V$846,"Р-1, 5",Ведомость!$W$5:$W$846,2) -> 82.576 | P59: =SUMIFS(Ведомость!$N$5:$N$846,Ведомость!$H$5:$H$846,18,Ведомость!$I$5:$I$846,"А500С",Ведомость!$V$5:$V$846,"Р-2",Ведомость!$W$5:$W$846,2) -> 41.288 | Q59: =SUMIFS(Ведомость!$N$5:$N$846,Ведомость!$H$5:$H$846,18,Ведомость!$I$5:$I$846,"А500С",Ведомость!$V$5:$V$846,"Р-3",Ведомость!$W$5:$W$846,2) -> 51.188 | R59: =SUMIFS(Ведомость!$N$5:$N$846,Ведомость!$H$5:$H$846,18,Ведомость!$I$5:$I$846,"А500С",Ведомость!$V$5:$V$846,"Р-4",Ведомость!$W$5:$W$846,2) -> 41.288 | S59: =SUMIFS(Ведомость!$N$5:$N$846,Ведомость!$H$5:$H$846,18,Ведомость!$I$5:$I$846,"А500С",Ведомость!$V$5:$V$846,"Б-основная",Ведомость!$W$5:$W$846,2) -> 0 | T59: =SUMIFS(Ведомость!$N$5:$N$846,Ведомость!$H$5:$H$846,18,Ведомость!$I$5:$I$846,"А500С",Ведомость!$V$5:$V$846,"Б-хомуты",Ведомость!$W$5:$W$846,2) -> 0 | U59: =SUMIFS(Ведомость!$N$5:$N$846,Ведомость!$H$5:$H$846,18,Ведомость!$I$5:$I$846,"А500С",Ведомость!$V$5:$V$846,"Б-допник",Ведомость!$W$5:$W$846,2) -> 50.4 | V59: =SUMIFS(Ведомость!$N$5:$N$846,Ведомость!$H$5:$H$846,18,Ведомость!$I$5:$I$846,"А500С",Ведомость!$V$5:$V$846,"П-сетка",Ведомость!$W$5:$W$846,2) -> 0 | W59: =SUMIFS(Ведомость!$N$5:$N$846,Ведомость!$H$5:$H$846,18,Ведомость!$I$5:$I$846,"А500С",Ведомость!$V$5:$V$846,"П-фикс",Ведомость!$W$5:$W$846,2) -> 0 | X59: =SUMIFS(Ведомость!$N$5:$N$846,Ведомость!$H$5:$H$846,18,Ведомость!$I$5:$I$846,"А500С",Ведомость!$V$5:$V$846,"П-отв",Ведомость!$W$5:$W$846,2) -> 0 | Y59: =SUMIFS(Ведомость!$N$5:$N$846,Ведомость!$H$5:$H$846,18,Ведомость!$I$5:$I$846,"А500С",Ведомость!$V$5:$V$846,"П-доп-низ",Ведомость!$W$5:$W$846,2) -> 0 | Z59: =SUMIFS(Ведомость!$N$5:$N$846,Ведомость!$H$5:$H$846,18,Ведомость!$I$5:$I$846,"А500С",Ведомость!$V$5:$V$846,"П-доп-верх",Ведомость!$W$5:$W$846,2) -> 4.7 | AA59: =SUMIFS(Ведомость!$N$5:$N$846,Ведомость!$H$5:$H$846,18,Ведомость!$I$5:$I$846,"А500С",Ведомость!$V$5:$V$846,"П-край",Ведомость!$W$5:$W$846,2) -> 0 | AB59: =SUMIFS(Ведомость!$N$5:$N$846,Ведомость!$H$5:$H$846,18,Ведомость!$I$5:$I$846,"А500С",Ведомость!$V$5:$V$846,"С-1",Ведомость!$W$5:$W$846,2) -> 0 | AC59: =SUMIFS(Ведомость!$N$5:$N$846,Ведомость!$H$5:$H$846,18,Ведомость!$I$5:$I$846,"А500С",Ведомость!$V$5:$V$846,"Л1",Ведомость!$W$5:$W$846,2) -> 109.962 | AD59: =SUMIFS(Ведомость!$N$5:$N$846,Ведомость!$H$5:$H$846,18,Ведомость!$I$5:$I$846,"А500С",Ведомость!$V$5:$V$846,"Л2",Ведомость!$W$5:$W$846,2) -> 109.962 | AE59: =SUMIFS(Ведомость!$N$5:$N$846,Ведомость!$H$5:$H$846,18,Ведомость!$I$5:$I$846,"А500С",Ведомость!$V$5:$V$846,"Л-пл",Ведомость!$W$5:$W$846,2) -> 0 | AF59: =SUMIFS(Ведомость!$N$5:$N$846,Ведомость!$H$5:$H$846,18,Ведомость!$I$5:$I$846,"А500С",Ведомость!$V$5:$V$846,"Л-рама",Ведомость!$W$5:$W$846,2) -> 0 | AG59: =SUM(B59:AF59) -> 822.276 | AH59: =IFERROR(INDEX(Исходные!$B$18:$B$30,MATCH(18,Исходные!$A$18:$A$30,0)),0) -> 1.998 | AI59: =AG59*AH59*$AJ$2 -> 1757.911 | AJ59: =SUM(B59:D59,F59,H59,J59:M59) -> 119.808 | AK59: =AH59 -> 1.998 | AL59: =AJ59*AK59*$AJ$2 -> 256.13273 | AM59: =SUM(E59,G59,I59,N59:AB59) -> 482.544 | AN59: =AH59 -> 1.998 | AO59: =AM59*AN59*$AJ$2 -> 1031.6115 | AP59: =SUM(AC59:AF59) -> 219.924 | AQ59: =AH59 -> 1.998 | AR59: =AP59*AQ59*$AJ$2 -> 470.16672
A60: Диаметр 16 А500С, L=м.п. | B60: =SUMIFS(Ведомость!$N$5:$N$846,Ведомость!$H$5:$H$846,16,Ведомость!$I$5:$I$846,"А500С",Ведомость!$V$5:$V$846,"Дм-1",Ведомость!$W$5:$W$846,2) -> 116.736 | C60: =SUMIFS(Ведомость!$N$5:$N$846,Ведомость!$H$5:$H$846,16,Ведомость!$I$5:$I$846,"А500С",Ведомость!$V$5:$V$846,"Дм-2",Ведомость!$W$5:$W$846,2) -> 72 | D60: =SUMIFS(Ведомость!$N$5:$N$846,Ведомость!$H$5:$H$846,16,Ведомость!$I$5:$I$846,"А500С",Ведомость!$V$5:$V$846,"К-А",Ведомость!$W$5:$W$846,2) -> 0 | E60: =SUMIFS(Ведомость!$N$5:$N$846,Ведомость!$H$5:$H$846,16,Ведомость!$I$5:$I$846,"А500С",Ведомость!$V$5:$V$846,"Р-А",Ведомость!$W$5:$W$846,2) -> 70.412 | F60: =SUMIFS(Ведомость!$N$5:$N$846,Ведомость!$H$5:$H$846,16,Ведомость!$I$5:$I$846,"А500С",Ведомость!$V$5:$V$846,"К-Б",Ведомость!$W$5:$W$846,2) -> 0 | G60: =SUMIFS(Ведомость!$N$5:$N$846,Ведомость!$H$5:$H$846,16,Ведомость!$I$5:$I$846,"А500С",Ведомость!$V$5:$V$846,"Р-Б",Ведомость!$W$5:$W$846,2) -> 74.412 | H60: =SUMIFS(Ведомость!$N$5:$N$846,Ведомость!$H$5:$H$846,16,Ведомость!$I$5:$I$846,"А500С",Ведомость!$V$5:$V$846,"К-В",Ведомость!$W$5:$W$846,2) -> 0 | I60: =SUMIFS(Ведомость!$N$5:$N$846,Ведомость!$H$5:$H$846,16,Ведомость!$I$5:$I$846,"А500С",Ведомость!$V$5:$V$846,"Р-В",Ведомость!$W$5:$W$846,2) -> 74.412 | J60: =SUMIFS(Ведомость!$N$5:$N$846,Ведомость!$H$5:$H$846,16,Ведомость!$I$5:$I$846,"А500С",Ведомость!$V$5:$V$846,"К-Г",Ведомость!$W$5:$W$846,2) -> 0 | K60: =SUMIFS(Ведомость!$N$5:$N$846,Ведомость!$H$5:$H$846,16,Ведомость!$I$5:$I$846,"А500С",Ведомость!$V$5:$V$846,"Дм-3",Ведомость!$W$5:$W$846,2) -> 30.1 | L60: =SUMIFS(Ведомость!$N$5:$N$846,Ведомость!$H$5:$H$846,16,Ведомость!$I$5:$I$846,"А500С",Ведомость!$V$5:$V$846,"Дм-4",Ведомость!$W$5:$W$846,2) -> 22.368 | M60: =SUMIFS(Ведомость!$N$5:$N$846,Ведомость!$H$5:$H$846,16,Ведомость!$I$5:$I$846,"А500С",Ведомость!$V$5:$V$846,"Дм-5",Ведомость!$W$5:$W$846,2) -> 14.912 | N60: =SUMIFS(Ведомость!$N$5:$N$846,Ведомость!$H$5:$H$846,16,Ведомость!$I$5:$I$846,"А500С",Ведомость!$V$5:$V$846,"Р-Г",Ведомость!$W$5:$W$846,2) -> 55.212 | O60: =SUMIFS(Ведомость!$N$5:$N$846,Ведомость!$H$5:$H$846,16,Ведомость!$I$5:$I$846,"А500С",Ведомость!$V$5:$V$846,"Р-1, 5",Ведомость!$W$5:$W$846,2) -> 106.112 | P60: =SUMIFS(Ведомость!$N$5:$N$846,Ведомость!$H$5:$H$846,16,Ведомость!$I$5:$I$846,"А500С",Ведомость!$V$5:$V$846,"Р-2",Ведомость!$W$5:$W$846,2) -> 41.256 | Q60: =SUMIFS(Ведомость!$N$5:$N$846,Ведомость!$H$5:$H$846,16,Ведомость!$I$5:$I$846,"А500С",Ведомость!$V$5:$V$846,"Р-3",Ведомость!$W$5:$W$846,2) -> 47.056 | R60: =SUMIFS(Ведомость!$N$5:$N$846,Ведомость!$H$5:$H$846,16,Ведомость!$I$5:$I$846,"А500С",Ведомость!$V$5:$V$846,"Р-4",Ведомость!$W$5:$W$846,2) -> 53.056 | S60: =SUMIFS(Ведомость!$N$5:$N$846,Ведомость!$H$5:$H$846,16,Ведомость!$I$5:$I$846,"А500С",Ведомость!$V$5:$V$846,"Б-основная",Ведомость!$W$5:$W$846,2) -> 0 | T60: =SUMIFS(Ведомость!$N$5:$N$846,Ведомость!$H$5:$H$846,16,Ведомость!$I$5:$I$846,"А500С",Ведомость!$V$5:$V$846,"Б-хомуты",Ведомость!$W$5:$W$846,2) -> 0 | U60: =SUMIFS(Ведомость!$N$5:$N$846,Ведомость!$H$5:$H$846,16,Ведомость!$I$5:$I$846,"А500С",Ведомость!$V$5:$V$846,"Б-допник",Ведомость!$W$5:$W$846,2) -> 0 | V60: =SUMIFS(Ведомость!$N$5:$N$846,Ведомость!$H$5:$H$846,16,Ведомость!$I$5:$I$846,"А500С",Ведомость!$V$5:$V$846,"П-сетка",Ведомость!$W$5:$W$846,2) -> 0 | W60: =SUMIFS(Ведомость!$N$5:$N$846,Ведомость!$H$5:$H$846,16,Ведомость!$I$5:$I$846,"А500С",Ведомость!$V$5:$V$846,"П-фикс",Ведомость!$W$5:$W$846,2) -> 0 | X60: =SUMIFS(Ведомость!$N$5:$N$846,Ведомость!$H$5:$H$846,16,Ведомость!$I$5:$I$846,"А500С",Ведомость!$V$5:$V$846,"П-отв",Ведомость!$W$5:$W$846,2) -> 0 | Y60: =SUMIFS(Ведомость!$N$5:$N$846,Ведомость!$H$5:$H$846,16,Ведомость!$I$5:$I$846,"А500С",Ведомость!$V$5:$V$846,"П-доп-низ",Ведомость!$W$5:$W$846,2) -> 0 | Z60: =SUMIFS(Ведомость!$N$5:$N$846,Ведомость!$H$5:$H$846,16,Ведомость!$I$5:$I$846,"А500С",Ведомость!$V$5:$V$846,"П-доп-верх",Ведомость!$W$5:$W$846,2) -> 0 | AA60: =SUMIFS(Ведомость!$N$5:$N$846,Ведомость!$H$5:$H$846,16,Ведомость!$I$5:$I$846,"А500С",Ведомость!$V$5:$V$846,"П-край",Ведомость!$W$5:$W$846,2) -> 0 | AB60: =SUMIFS(Ведомость!$N$5:$N$846,Ведомость!$H$5:$H$846,16,Ведомость!$I$5:$I$846,"А500С",Ведомость!$V$5:$V$846,"С-1",Ведомость!$W$5:$W$846,2) -> 0 | AC60: =SUMIFS(Ведомость!$N$5:$N$846,Ведомость!$H$5:$H$846,16,Ведомость!$I$5:$I$846,"А500С",Ведомость!$V$5:$V$846,"Л1",Ведомость!$W$5:$W$846,2) -> 0 | AD60: =SUMIFS(Ведомость!$N$5:$N$846,Ведомость!$H$5:$H$846,16,Ведомость!$I$5:$I$846,"А500С",Ведомость!$V$5:$V$846,"Л2",Ведомость!$W$5:$W$846,2) -> 0 | AE60: =SUMIFS(Ведомость!$N$5:$N$846,Ведомость!$H$5:$H$846,16,Ведомость!$I$5:$I$846,"А500С",Ведомость!$V$5:$V$846,"Л-пл",Ведомость!$W$5:$W$846,2) -> 0 | AF60: =SUMIFS(Ведомость!$N$5:$N$846,Ведомость!$H$5:$H$846,16,Ведомость!$I$5:$I$846,"А500С",Ведомость!$V$5:$V$846,"Л-рама",Ведомость!$W$5:$W$846,2) -> 0 | AG60: =SUM(B60:AF60) -> 778.044 | AH60: =IFERROR(INDEX(Исходные!$B$18:$B$30,MATCH(16,Исходные!$A$18:$A$30,0)),0) -> 1.578 | AI60: =AG60*AH60*$AJ$2 -> 1313.6962 | AJ60: =SUM(B60:D60,F60,H60,J60:M60) -> 256.116 | AK60: =AH60 -> 1.578 | AL60: =AJ60*AK60*$AJ$2 -> 432.44162 | AM60: =SUM(E60,G60,I60,N60:AB60) -> 521.928 | AN60: =AH60 -> 1.578 | AO60: =AM60*AN60*$AJ$2 -> 881.25455 | AP60: =SUM(AC60:AF60) -> 0 | AQ60: =AH60 -> 1.578 | AR60: =AP60*AQ60*$AJ$2 -> 0
A61: Диаметр 14 А500С, L=м.п. | B61: =SUMIFS(Ведомость!$N$5:$N$846,Ведомость!$H$5:$H$846,14,Ведомость!$I$5:$I$846,"А500С",Ведомость!$V$5:$V$846,"Дм-1",Ведомость!$W$5:$W$846,2) -> 125.996 | C61: =SUMIFS(Ведомость!$N$5:$N$846,Ведомость!$H$5:$H$846,14,Ведомость!$I$5:$I$846,"А500С",Ведомость!$V$5:$V$846,"Дм-2",Ведомость!$W$5:$W$846,2) -> 47.2 | D61: =SUMIFS(Ведомость!$N$5:$N$846,Ведомость!$H$5:$H$846,14,Ведомость!$I$5:$I$846,"А500С",Ведомость!$V$5:$V$846,"К-А",Ведомость!$W$5:$W$846,2) -> 0 | E61: =SUMIFS(Ведомость!$N$5:$N$846,Ведомость!$H$5:$H$846,14,Ведомость!$I$5:$I$846,"А500С",Ведомость!$V$5:$V$846,"Р-А",Ведомость!$W$5:$W$846,2) -> 0 | F61: =SUMIFS(Ведомость!$N$5:$N$846,Ведомость!$H$5:$H$846,14,Ведомость!$I$5:$I$846,"А500С",Ведомость!$V$5:$V$846,"К-Б",Ведомость!$W$5:$W$846,2) -> 0 | G61: =SUMIFS(Ведомость!$N$5:$N$846,Ведомость!$H$5:$H$846,14,Ведомость!$I$5:$I$846,"А500С",Ведомость!$V$5:$V$846,"Р-Б",Ведомость!$W$5:$W$846,2) -> 14.8 | H61: =SUMIFS(Ведомость!$N$5:$N$846,Ведомость!$H$5:$H$846,14,Ведомость!$I$5:$I$846,"А500С",Ведомость!$V$5:$V$846,"К-В",Ведомость!$W$5:$W$846,2) -> 0 | I61: =SUMIFS(Ведомость!$N$5:$N$846,Ведомость!$H$5:$H$846,14,Ведомость!$I$5:$I$846,"А500С",Ведомость!$V$5:$V$846,"Р-В",Ведомость!$W$5:$W$846,2) -> 23.6 | J61: =SUMIFS(Ведомость!$N$5:$N$846,Ведомость!$H$5:$H$846,14,Ведомость!$I$5:$I$846,"А500С",Ведомость!$V$5:$V$846,"К-Г",Ведомость!$W$5:$W$846,2) -> 0 | K61: =SUMIFS(Ведомость!$N$5:$N$846,Ведомость!$H$5:$H$846,14,Ведомость!$I$5:$I$846,"А500С",Ведомость!$V$5:$V$846,"Дм-3",Ведомость!$W$5:$W$846,2) -> 108.8 | L61: =SUMIFS(Ведомость!$N$5:$N$846,Ведомость!$H$5:$H$846,14,Ведомость!$I$5:$I$846,"А500С",Ведомость!$V$5:$V$846,"Дм-4",Ведомость!$W$5:$W$846,2) -> 63.8 | M61: =SUMIFS(Ведомость!$N$5:$N$846,Ведомость!$H$5:$H$846,14,Ведомость!$I$5:$I$846,"А500С",Ведомость!$V$5:$V$846,"Дм-5",Ведомость!$W$5:$W$846,2) -> 63.8 | N61: =SUMIFS(Ведомость!$N$5:$N$846,Ведомость!$H$5:$H$846,14,Ведомость!$I$5:$I$846,"А500С",Ведомость!$V$5:$V$846,"Р-Г",Ведомость!$W$5:$W$846,2) -> 0 | O61: =SUMIFS(Ведомость!$N$5:$N$846,Ведомость!$H$5:$H$846,14,Ведомость!$I$5:$I$846,"А500С",Ведомость!$V$5:$V$846,"Р-1, 5",Ведомость!$W$5:$W$846,2) -> 0 | P61: =SUMIFS(Ведомость!$N$5:$N$846,Ведомость!$H$5:$H$846,14,Ведомость!$I$5:$I$846,"А500С",Ведомость!$V$5:$V$846,"Р-2",Ведомость!$W$5:$W$846,2) -> 60.3 | Q61: =SUMIFS(Ведомость!$N$5:$N$846,Ведомость!$H$5:$H$846,14,Ведомость!$I$5:$I$846,"А500С",Ведомость!$V$5:$V$846,"Р-3",Ведомость!$W$5:$W$846,2) -> 0 | R61: =SUMIFS(Ведомость!$N$5:$N$846,Ведомость!$H$5:$H$846,14,Ведомость!$I$5:$I$846,"А500С",Ведомость!$V$5:$V$846,"Р-4",Ведомость!$W$5:$W$846,2) -> 6.8 | S61: =SUMIFS(Ведомость!$N$5:$N$846,Ведомость!$H$5:$H$846,14,Ведомость!$I$5:$I$846,"А500С",Ведомость!$V$5:$V$846,"Б-основная",Ведомость!$W$5:$W$846,2) -> 0 | T61: =SUMIFS(Ведомость!$N$5:$N$846,Ведомость!$H$5:$H$846,14,Ведомость!$I$5:$I$846,"А500С",Ведомость!$V$5:$V$846,"Б-хомуты",Ведомость!$W$5:$W$846,2) -> 0 | U61: =SUMIFS(Ведомость!$N$5:$N$846,Ведомость!$H$5:$H$846,14,Ведомость!$I$5:$I$846,"А500С",Ведомость!$V$5:$V$846,"Б-допник",Ведомость!$W$5:$W$846,2) -> 0 | V61: =SUMIFS(Ведомость!$N$5:$N$846,Ведомость!$H$5:$H$846,14,Ведомость!$I$5:$I$846,"А500С",Ведомость!$V$5:$V$846,"П-сетка",Ведомость!$W$5:$W$846,2) -> 0 | W61: =SUMIFS(Ведомость!$N$5:$N$846,Ведомость!$H$5:$H$846,14,Ведомость!$I$5:$I$846,"А500С",Ведомость!$V$5:$V$846,"П-фикс",Ведомость!$W$5:$W$846,2) -> 0 | X61: =SUMIFS(Ведомость!$N$5:$N$846,Ведомость!$H$5:$H$846,14,Ведомость!$I$5:$I$846,"А500С",Ведомость!$V$5:$V$846,"П-отв",Ведомость!$W$5:$W$846,2) -> 0 | Y61: =SUMIFS(Ведомость!$N$5:$N$846,Ведомость!$H$5:$H$846,14,Ведомость!$I$5:$I$846,"А500С",Ведомость!$V$5:$V$846,"П-доп-низ",Ведомость!$W$5:$W$846,2) -> 0 | Z61: =SUMIFS(Ведомость!$N$5:$N$846,Ведомость!$H$5:$H$846,14,Ведомость!$I$5:$I$846,"А500С",Ведомость!$V$5:$V$846,"П-доп-верх",Ведомость!$W$5:$W$846,2) -> 0 | AA61: =SUMIFS(Ведомость!$N$5:$N$846,Ведомость!$H$5:$H$846,14,Ведомость!$I$5:$I$846,"А500С",Ведомость!$V$5:$V$846,"П-край",Ведомость!$W$5:$W$846,2) -> 95.94 | AB61: =SUMIFS(Ведомость!$N$5:$N$846,Ведомость!$H$5:$H$846,14,Ведомость!$I$5:$I$846,"А500С",Ведомость!$V$5:$V$846,"С-1",Ведомость!$W$5:$W$846,2) -> 0 | AC61: =SUMIFS(Ведомость!$N$5:$N$846,Ведомость!$H$5:$H$846,14,Ведомость!$I$5:$I$846,"А500С",Ведомость!$V$5:$V$846,"Л1",Ведомость!$W$5:$W$846,2) -> 0 | AD61: =SUMIFS(Ведомость!$N$5:$N$846,Ведомость!$H$5:$H$846,14,Ведомость!$I$5:$I$846,"А500С",Ведомость!$V$5:$V$846,"Л2",Ведомость!$W$5:$W$846,2) -> 0 | AE61: =SUMIFS(Ведомость!$N$5:$N$846,Ведомость!$H$5:$H$846,14,Ведомость!$I$5:$I$846,"А500С",Ведомость!$V$5:$V$846,"Л-пл",Ведомость!$W$5:$W$846,2) -> 0 | AF61: =SUMIFS(Ведомость!$N$5:$N$846,Ведомость!$H$5:$H$846,14,Ведомость!$I$5:$I$846,"А500С",Ведомость!$V$5:$V$846,"Л-рама",Ведомость!$W$5:$W$846,2) -> 0 | AG61: =SUM(B61:AF61) -> 611.036 | AH61: =IFERROR(INDEX(Исходные!$B$18:$B$30,MATCH(14,Исходные!$A$18:$A$30,0)),0) -> 1.208 | AI61: =AG61*AH61*$AJ$2 -> 789.80069 | AJ61: =SUM(B61:D61,F61,H61,J61:M61) -> 409.596 | AK61: =AH61 -> 1.208 | AL61: =AJ61*AK61*$AJ$2 -> 529.42741 | AM61: =SUM(E61,G61,I61,N61:AB61) -> 201.44 | AN61: =AH61 -> 1.208 | AO61: =AM61*AN61*$AJ$2 -> 260.37329 | AP61: =SUM(AC61:AF61) -> 0 | AQ61: =AH61 -> 1.208 | AR61: =AP61*AQ61*$AJ$2 -> 0
A62: Диаметр 12 А500С, L=м.п. | B62: =SUMIFS(Ведомость!$N$5:$N$846,Ведомость!$H$5:$H$846,12,Ведомость!$I$5:$I$846,"А500С",Ведомость!$V$5:$V$846,"Дм-1",Ведомость!$W$5:$W$846,2) -> 27.3 | C62: =SUMIFS(Ведомость!$N$5:$N$846,Ведомость!$H$5:$H$846,12,Ведомость!$I$5:$I$846,"А500С",Ведомость!$V$5:$V$846,"Дм-2",Ведомость!$W$5:$W$846,2) -> 19.7 | D62: =SUMIFS(Ведомость!$N$5:$N$846,Ведомость!$H$5:$H$846,12,Ведомость!$I$5:$I$846,"А500С",Ведомость!$V$5:$V$846,"К-А",Ведомость!$W$5:$W$846,2) -> 0 | E62: =SUMIFS(Ведомость!$N$5:$N$846,Ведомость!$H$5:$H$846,12,Ведомость!$I$5:$I$846,"А500С",Ведомость!$V$5:$V$846,"Р-А",Ведомость!$W$5:$W$846,2) -> 0 | F62: =SUMIFS(Ведомость!$N$5:$N$846,Ведомость!$H$5:$H$846,12,Ведомость!$I$5:$I$846,"А500С",Ведомость!$V$5:$V$846,"К-Б",Ведомость!$W$5:$W$846,2) -> 0 | G62: =SUMIFS(Ведомость!$N$5:$N$846,Ведомость!$H$5:$H$846,12,Ведомость!$I$5:$I$846,"А500С",Ведомость!$V$5:$V$846,"Р-Б",Ведомость!$W$5:$W$846,2) -> 68.784 | H62: =SUMIFS(Ведомость!$N$5:$N$846,Ведомость!$H$5:$H$846,12,Ведомость!$I$5:$I$846,"А500С",Ведомость!$V$5:$V$846,"К-В",Ведомость!$W$5:$W$846,2) -> 0 | I62: =SUMIFS(Ведомость!$N$5:$N$846,Ведомость!$H$5:$H$846,12,Ведомость!$I$5:$I$846,"А500С",Ведомость!$V$5:$V$846,"Р-В",Ведомость!$W$5:$W$846,2) -> 68.784 | J62: =SUMIFS(Ведомость!$N$5:$N$846,Ведомость!$H$5:$H$846,12,Ведомость!$I$5:$I$846,"А500С",Ведомость!$V$5:$V$846,"К-Г",Ведомость!$W$5:$W$846,2) -> 0 | K62: =SUMIFS(Ведомость!$N$5:$N$846,Ведомость!$H$5:$H$846,12,Ведомость!$I$5:$I$846,"А500С",Ведомость!$V$5:$V$846,"Дм-3",Ведомость!$W$5:$W$846,2) -> 0 | L62: =SUMIFS(Ведомость!$N$5:$N$846,Ведомость!$H$5:$H$846,12,Ведомость!$I$5:$I$846,"А500С",Ведомость!$V$5:$V$846,"Дм-4",Ведомость!$W$5:$W$846,2) -> 0 | M62: =SUMIFS(Ведомость!$N$5:$N$846,Ведомость!$H$5:$H$846,12,Ведомость!$I$5:$I$846,"А500С",Ведомость!$V$5:$V$846,"Дм-5",Ведомость!$W$5:$W$846,2) -> 60 | N62: =SUMIFS(Ведомость!$N$5:$N$846,Ведомость!$H$5:$H$846,12,Ведомость!$I$5:$I$846,"А500С",Ведомость!$V$5:$V$846,"Р-Г",Ведомость!$W$5:$W$846,2) -> 11 | O62: =SUMIFS(Ведомость!$N$5:$N$846,Ведомость!$H$5:$H$846,12,Ведомость!$I$5:$I$846,"А500С",Ведомость!$V$5:$V$846,"Р-1, 5",Ведомость!$W$5:$W$846,2) -> 16.4 | P62: =SUMIFS(Ведомость!$N$5:$N$846,Ведомость!$H$5:$H$846,12,Ведомость!$I$5:$I$846,"А500С",Ведомость!$V$5:$V$846,"Р-2",Ведомость!$W$5:$W$846,2) -> 0 | Q62: =SUMIFS(Ведомость!$N$5:$N$846,Ведомость!$H$5:$H$846,12,Ведомость!$I$5:$I$846,"А500С",Ведомость!$V$5:$V$846,"Р-3",Ведомость!$W$5:$W$846,2) -> 38.6 | R62: =SUMIFS(Ведомость!$N$5:$N$846,Ведомость!$H$5:$H$846,12,Ведомость!$I$5:$I$846,"А500С",Ведомость!$V$5:$V$846,"Р-4",Ведомость!$W$5:$W$846,2) -> 46.8 | S62: =SUMIFS(Ведомость!$N$5:$N$846,Ведомость!$H$5:$H$846,12,Ведомость!$I$5:$I$846,"А500С",Ведомость!$V$5:$V$846,"Б-основная",Ведомость!$W$5:$W$846,2) -> 0 | T62: =SUMIFS(Ведомость!$N$5:$N$846,Ведомость!$H$5:$H$846,12,Ведомость!$I$5:$I$846,"А500С",Ведомость!$V$5:$V$846,"Б-хомуты",Ведомость!$W$5:$W$846,2) -> 0 | U62: =SUMIFS(Ведомость!$N$5:$N$846,Ведомость!$H$5:$H$846,12,Ведомость!$I$5:$I$846,"А500С",Ведомость!$V$5:$V$846,"Б-допник",Ведомость!$W$5:$W$846,2) -> 0 | V62: =SUMIFS(Ведомость!$N$5:$N$846,Ведомость!$H$5:$H$846,12,Ведомость!$I$5:$I$846,"А500С",Ведомость!$V$5:$V$846,"П-сетка",Ведомость!$W$5:$W$846,2) -> 0 | W62: =SUMIFS(Ведомость!$N$5:$N$846,Ведомость!$H$5:$H$846,12,Ведомость!$I$5:$I$846,"А500С",Ведомость!$V$5:$V$846,"П-фикс",Ведомость!$W$5:$W$846,2) -> 0 | X62: =SUMIFS(Ведомость!$N$5:$N$846,Ведомость!$H$5:$H$846,12,Ведомость!$I$5:$I$846,"А500С",Ведомость!$V$5:$V$846,"П-отв",Ведомость!$W$5:$W$846,2) -> 0 | Y62: =SUMIFS(Ведомость!$N$5:$N$846,Ведомость!$H$5:$H$846,12,Ведомость!$I$5:$I$846,"А500С",Ведомость!$V$5:$V$846,"П-доп-низ",Ведомость!$W$5:$W$846,2) -> 0 | Z62: =SUMIFS(Ведомость!$N$5:$N$846,Ведомость!$H$5:$H$846,12,Ведомость!$I$5:$I$846,"А500С",Ведомость!$V$5:$V$846,"П-доп-верх",Ведомость!$W$5:$W$846,2) -> 43.2 | AA62: =SUMIFS(Ведомость!$N$5:$N$846,Ведомость!$H$5:$H$846,12,Ведомость!$I$5:$I$846,"А500С",Ведомость!$V$5:$V$846,"П-край",Ведомость!$W$5:$W$846,2) -> 0 | AB62: =SUMIFS(Ведомость!$N$5:$N$846,Ведомость!$H$5:$H$846,12,Ведомость!$I$5:$I$846,"А500С",Ведомость!$V$5:$V$846,"С-1",Ведомость!$W$5:$W$846,2) -> 0 | AC62: =SUMIFS(Ведомость!$N$5:$N$846,Ведомость!$H$5:$H$846,12,Ведомость!$I$5:$I$846,"А500С",Ведомость!$V$5:$V$846,"Л1",Ведомость!$W$5:$W$846,2) -> 0 | AD62: =SUMIFS(Ведомость!$N$5:$N$846,Ведомость!$H$5:$H$846,12,Ведомость!$I$5:$I$846,"А500С",Ведомость!$V$5:$V$846,"Л2",Ведомость!$W$5:$W$846,2) -> 0 | AE62: =SUMIFS(Ведомость!$N$5:$N$846,Ведомость!$H$5:$H$846,12,Ведомость!$I$5:$I$846,"А500С",Ведомость!$V$5:$V$846,"Л-пл",Ведомость!$W$5:$W$846,2) -> 0 | AF62: =SUMIFS(Ведомость!$N$5:$N$846,Ведомость!$H$5:$H$846,12,Ведомость!$I$5:$I$846,"А500С",Ведомость!$V$5:$V$846,"Л-рама",Ведомость!$W$5:$W$846,2) -> 0 | AG62: =SUM(B62:AF62) -> 400.568 | AH62: =IFERROR(INDEX(Исходные!$B$18:$B$30,MATCH(12,Исходные!$A$18:$A$30,0)),0) -> 0.888 | AI62: =AG62*AH62*$AJ$2 -> 380.60369 | AJ62: =SUM(B62:D62,F62,H62,J62:M62) -> 107 | AK62: =AH62 -> 0.888 | AL62: =AJ62*AK62*$AJ$2 -> 101.66712 | AM62: =SUM(E62,G62,I62,N62:AB62) -> 293.568 | AN62: =AH62 -> 0.888 | AO62: =AM62*AN62*$AJ$2 -> 278.93657 | AP62: =SUM(AC62:AF62) -> 0 | AQ62: =AH62 -> 0.888 | AR62: =AP62*AQ62*$AJ$2 -> 0
A63: Диаметр 10 А500С, L=м.п. | B63: =SUMIFS(Ведомость!$N$5:$N$846,Ведомость!$H$5:$H$846,10,Ведомость!$I$5:$I$846,"А500С",Ведомость!$V$5:$V$846,"Дм-1",Ведомость!$W$5:$W$846,2) -> 0 | C63: =SUMIFS(Ведомость!$N$5:$N$846,Ведомость!$H$5:$H$846,10,Ведомость!$I$5:$I$846,"А500С",Ведомость!$V$5:$V$846,"Дм-2",Ведомость!$W$5:$W$846,2) -> 0 | D63: =SUMIFS(Ведомость!$N$5:$N$846,Ведомость!$H$5:$H$846,10,Ведомость!$I$5:$I$846,"А500С",Ведомость!$V$5:$V$846,"К-А",Ведомость!$W$5:$W$846,2) -> 0 | E63: =SUMIFS(Ведомость!$N$5:$N$846,Ведомость!$H$5:$H$846,10,Ведомость!$I$5:$I$846,"А500С",Ведомость!$V$5:$V$846,"Р-А",Ведомость!$W$5:$W$846,2) -> 0 | F63: =SUMIFS(Ведомость!$N$5:$N$846,Ведомость!$H$5:$H$846,10,Ведомость!$I$5:$I$846,"А500С",Ведомость!$V$5:$V$846,"К-Б",Ведомость!$W$5:$W$846,2) -> 0 | G63: =SUMIFS(Ведомость!$N$5:$N$846,Ведомость!$H$5:$H$846,10,Ведомость!$I$5:$I$846,"А500С",Ведомость!$V$5:$V$846,"Р-Б",Ведомость!$W$5:$W$846,2) -> 0 | H63: =SUMIFS(Ведомость!$N$5:$N$846,Ведомость!$H$5:$H$846,10,Ведомость!$I$5:$I$846,"А500С",Ведомость!$V$5:$V$846,"К-В",Ведомость!$W$5:$W$846,2) -> 0 | I63: =SUMIFS(Ведомость!$N$5:$N$846,Ведомость!$H$5:$H$846,10,Ведомость!$I$5:$I$846,"А500С",Ведомость!$V$5:$V$846,"Р-В",Ведомость!$W$5:$W$846,2) -> 0 | J63: =SUMIFS(Ведомость!$N$5:$N$846,Ведомость!$H$5:$H$846,10,Ведомость!$I$5:$I$846,"А500С",Ведомость!$V$5:$V$846,"К-Г",Ведомость!$W$5:$W$846,2) -> 0 | K63: =SUMIFS(Ведомость!$N$5:$N$846,Ведомость!$H$5:$H$846,10,Ведомость!$I$5:$I$846,"А500С",Ведомость!$V$5:$V$846,"Дм-3",Ведомость!$W$5:$W$846,2) -> 20.4 | L63: =SUMIFS(Ведомость!$N$5:$N$846,Ведомость!$H$5:$H$846,10,Ведомость!$I$5:$I$846,"А500С",Ведомость!$V$5:$V$846,"Дм-4",Ведомость!$W$5:$W$846,2) -> 0 | M63: =SUMIFS(Ведомость!$N$5:$N$846,Ведомость!$H$5:$H$846,10,Ведомость!$I$5:$I$846,"А500С",Ведомость!$V$5:$V$846,"Дм-5",Ведомость!$W$5:$W$846,2) -> 0 | N63: =SUMIFS(Ведомость!$N$5:$N$846,Ведомость!$H$5:$H$846,10,Ведомость!$I$5:$I$846,"А500С",Ведомость!$V$5:$V$846,"Р-Г",Ведомость!$W$5:$W$846,2) -> 0 | O63: =SUMIFS(Ведомость!$N$5:$N$846,Ведомость!$H$5:$H$846,10,Ведомость!$I$5:$I$846,"А500С",Ведомость!$V$5:$V$846,"Р-1, 5",Ведомость!$W$5:$W$846,2) -> 0 | P63: =SUMIFS(Ведомость!$N$5:$N$846,Ведомость!$H$5:$H$846,10,Ведомость!$I$5:$I$846,"А500С",Ведомость!$V$5:$V$846,"Р-2",Ведомость!$W$5:$W$846,2) -> 0 | Q63: =SUMIFS(Ведомость!$N$5:$N$846,Ведомость!$H$5:$H$846,10,Ведомость!$I$5:$I$846,"А500С",Ведомость!$V$5:$V$846,"Р-3",Ведомость!$W$5:$W$846,2) -> 0 | R63: =SUMIFS(Ведомость!$N$5:$N$846,Ведомость!$H$5:$H$846,10,Ведомость!$I$5:$I$846,"А500С",Ведомость!$V$5:$V$846,"Р-4",Ведомость!$W$5:$W$846,2) -> 0 | S63: =SUMIFS(Ведомость!$N$5:$N$846,Ведомость!$H$5:$H$846,10,Ведомость!$I$5:$I$846,"А500С",Ведомость!$V$5:$V$846,"Б-основная",Ведомость!$W$5:$W$846,2) -> 0 | T63: =SUMIFS(Ведомость!$N$5:$N$846,Ведомость!$H$5:$H$846,10,Ведомость!$I$5:$I$846,"А500С",Ведомость!$V$5:$V$846,"Б-хомуты",Ведомость!$W$5:$W$846,2) -> 0 | U63: =SUMIFS(Ведомость!$N$5:$N$846,Ведомость!$H$5:$H$846,10,Ведомость!$I$5:$I$846,"А500С",Ведомость!$V$5:$V$846,"Б-допник",Ведомость!$W$5:$W$846,2) -> 0 | V63: =SUMIFS(Ведомость!$N$5:$N$846,Ведомость!$H$5:$H$846,10,Ведомость!$I$5:$I$846,"А500С",Ведомость!$V$5:$V$846,"П-сетка",Ведомость!$W$5:$W$846,2) -> 11121.62 | W63: =SUMIFS(Ведомость!$N$5:$N$846,Ведомость!$H$5:$H$846,10,Ведомость!$I$5:$I$846,"А500С",Ведомость!$V$5:$V$846,"П-фикс",Ведомость!$W$5:$W$846,2) -> 0 | X63: =SUMIFS(Ведомость!$N$5:$N$846,Ведомость!$H$5:$H$846,10,Ведомость!$I$5:$I$846,"А500С",Ведомость!$V$5:$V$846,"П-отв",Ведомость!$W$5:$W$846,2) -> 0 | Y63: =SUMIFS(Ведомость!$N$5:$N$846,Ведомость!$H$5:$H$846,10,Ведомость!$I$5:$I$846,"А500С",Ведомость!$V$5:$V$846,"П-доп-низ",Ведомость!$W$5:$W$846,2) -> 393 | Z63: =SUMIFS(Ведомость!$N$5:$N$846,Ведомость!$H$5:$H$846,10,Ведомость!$I$5:$I$846,"А500С",Ведомость!$V$5:$V$846,"П-доп-верх",Ведомость!$W$5:$W$846,2) -> 529 | AA63: =SUMIFS(Ведомость!$N$5:$N$846,Ведомость!$H$5:$H$846,10,Ведомость!$I$5:$I$846,"А500С",Ведомость!$V$5:$V$846,"П-край",Ведомость!$W$5:$W$846,2) -> 0 | AB63: =SUMIFS(Ведомость!$N$5:$N$846,Ведомость!$H$5:$H$846,10,Ведомость!$I$5:$I$846,"А500С",Ведомость!$V$5:$V$846,"С-1",Ведомость!$W$5:$W$846,2) -> 957.6 | AC63: =SUMIFS(Ведомость!$N$5:$N$846,Ведомость!$H$5:$H$846,10,Ведомость!$I$5:$I$846,"А500С",Ведомость!$V$5:$V$846,"Л1",Ведомость!$W$5:$W$846,2) -> 71.4 | AD63: =SUMIFS(Ведомость!$N$5:$N$846,Ведомость!$H$5:$H$846,10,Ведомость!$I$5:$I$846,"А500С",Ведомость!$V$5:$V$846,"Л2",Ведомость!$W$5:$W$846,2) -> 71.4 | AE63: =SUMIFS(Ведомость!$N$5:$N$846,Ведомость!$H$5:$H$846,10,Ведомость!$I$5:$I$846,"А500С",Ведомость!$V$5:$V$846,"Л-пл",Ведомость!$W$5:$W$846,2) -> 87.28 | AF63: =SUMIFS(Ведомость!$N$5:$N$846,Ведомость!$H$5:$H$846,10,Ведомость!$I$5:$I$846,"А500С",Ведомость!$V$5:$V$846,"Л-рама",Ведомость!$W$5:$W$846,2) -> 0 | AG63: =SUM(B63:AF63) -> 13251.7 | AH63: =IFERROR(INDEX(Исходные!$B$18:$B$30,MATCH(10,Исходные!$A$18:$A$30,0)),0) -> 0.617 | AI63: =AG63*AH63*$AJ$2 -> 8748.6398 | AJ63: =SUM(B63:D63,F63,H63,J63:M63) -> 20.4 | AK63: =AH63 -> 0.617 | AL63: =AJ63*AK63*$AJ$2 -> 13.467876 | AM63: =SUM(E63,G63,I63,N63:AB63) -> 13001.22 | AN63: =AH63 -> 0.617 | AO63: =AM63*AN63*$AJ$2 -> 8583.2754 | AP63: =SUM(AC63:AF63) -> 230.08 | AQ63: =AH63 -> 0.617 | AR63: =AP63*AQ63*$AJ$2 -> 151.89652
A64: Диаметр 8 А500С, L=м.п. | B64: =SUMIFS(Ведомость!$N$5:$N$846,Ведомость!$H$5:$H$846,8,Ведомость!$I$5:$I$846,"А500С",Ведомость!$V$5:$V$846,"Дм-1",Ведомость!$W$5:$W$846,2) -> 0 | C64: =SUMIFS(Ведомость!$N$5:$N$846,Ведомость!$H$5:$H$846,8,Ведомость!$I$5:$I$846,"А500С",Ведомость!$V$5:$V$846,"Дм-2",Ведомость!$W$5:$W$846,2) -> 0 | D64: =SUMIFS(Ведомость!$N$5:$N$846,Ведомость!$H$5:$H$846,8,Ведомость!$I$5:$I$846,"А500С",Ведомость!$V$5:$V$846,"К-А",Ведомость!$W$5:$W$846,2) -> 0 | E64: =SUMIFS(Ведомость!$N$5:$N$846,Ведомость!$H$5:$H$846,8,Ведомость!$I$5:$I$846,"А500С",Ведомость!$V$5:$V$846,"Р-А",Ведомость!$W$5:$W$846,2) -> 0 | F64: =SUMIFS(Ведомость!$N$5:$N$846,Ведомость!$H$5:$H$846,8,Ведомость!$I$5:$I$846,"А500С",Ведомость!$V$5:$V$846,"К-Б",Ведомость!$W$5:$W$846,2) -> 0 | G64: =SUMIFS(Ведомость!$N$5:$N$846,Ведомость!$H$5:$H$846,8,Ведомость!$I$5:$I$846,"А500С",Ведомость!$V$5:$V$846,"Р-Б",Ведомость!$W$5:$W$846,2) -> 0 | H64: =SUMIFS(Ведомость!$N$5:$N$846,Ведомость!$H$5:$H$846,8,Ведомость!$I$5:$I$846,"А500С",Ведомость!$V$5:$V$846,"К-В",Ведомость!$W$5:$W$846,2) -> 0 | I64: =SUMIFS(Ведомость!$N$5:$N$846,Ведомость!$H$5:$H$846,8,Ведомость!$I$5:$I$846,"А500С",Ведомость!$V$5:$V$846,"Р-В",Ведомость!$W$5:$W$846,2) -> 0 | J64: =SUMIFS(Ведомость!$N$5:$N$846,Ведомость!$H$5:$H$846,8,Ведомость!$I$5:$I$846,"А500С",Ведомость!$V$5:$V$846,"К-Г",Ведомость!$W$5:$W$846,2) -> 0 | K64: =SUMIFS(Ведомость!$N$5:$N$846,Ведомость!$H$5:$H$846,8,Ведомость!$I$5:$I$846,"А500С",Ведомость!$V$5:$V$846,"Дм-3",Ведомость!$W$5:$W$846,2) -> 0 | L64: =SUMIFS(Ведомость!$N$5:$N$846,Ведомость!$H$5:$H$846,8,Ведомость!$I$5:$I$846,"А500С",Ведомость!$V$5:$V$846,"Дм-4",Ведомость!$W$5:$W$846,2) -> 0 | M64: =SUMIFS(Ведомость!$N$5:$N$846,Ведомость!$H$5:$H$846,8,Ведомость!$I$5:$I$846,"А500С",Ведомость!$V$5:$V$846,"Дм-5",Ведомость!$W$5:$W$846,2) -> 0 | N64: =SUMIFS(Ведомость!$N$5:$N$846,Ведомость!$H$5:$H$846,8,Ведомость!$I$5:$I$846,"А500С",Ведомость!$V$5:$V$846,"Р-Г",Ведомость!$W$5:$W$846,2) -> 0 | O64: =SUMIFS(Ведомость!$N$5:$N$846,Ведомость!$H$5:$H$846,8,Ведомость!$I$5:$I$846,"А500С",Ведомость!$V$5:$V$846,"Р-1, 5",Ведомость!$W$5:$W$846,2) -> 0 | P64: =SUMIFS(Ведомость!$N$5:$N$846,Ведомость!$H$5:$H$846,8,Ведомость!$I$5:$I$846,"А500С",Ведомость!$V$5:$V$846,"Р-2",Ведомость!$W$5:$W$846,2) -> 0 | Q64: =SUMIFS(Ведомость!$N$5:$N$846,Ведомость!$H$5:$H$846,8,Ведомость!$I$5:$I$846,"А500С",Ведомость!$V$5:$V$846,"Р-3",Ведомость!$W$5:$W$846,2) -> 0 | R64: =SUMIFS(Ведомость!$N$5:$N$846,Ведомость!$H$5:$H$846,8,Ведомость!$I$5:$I$846,"А500С",Ведомость!$V$5:$V$846,"Р-4",Ведомость!$W$5:$W$846,2) -> 0 | S64: =SUMIFS(Ведомость!$N$5:$N$846,Ведомость!$H$5:$H$846,8,Ведомость!$I$5:$I$846,"А500С",Ведомость!$V$5:$V$846,"Б-основная",Ведомость!$W$5:$W$846,2) -> 0 | T64: =SUMIFS(Ведомость!$N$5:$N$846,Ведомость!$H$5:$H$846,8,Ведомость!$I$5:$I$846,"А500С",Ведомость!$V$5:$V$846,"Б-хомуты",Ведомость!$W$5:$W$846,2) -> 0 | U64: =SUMIFS(Ведомость!$N$5:$N$846,Ведомость!$H$5:$H$846,8,Ведомость!$I$5:$I$846,"А500С",Ведомость!$V$5:$V$846,"Б-допник",Ведомость!$W$5:$W$846,2) -> 0 | V64: =SUMIFS(Ведомость!$N$5:$N$846,Ведомость!$H$5:$H$846,8,Ведомость!$I$5:$I$846,"А500С",Ведомость!$V$5:$V$846,"П-сетка",Ведомость!$W$5:$W$846,2) -> 0 | W64: =SUMIFS(Ведомость!$N$5:$N$846,Ведомость!$H$5:$H$846,8,Ведомость!$I$5:$I$846,"А500С",Ведомость!$V$5:$V$846,"П-фикс",Ведомость!$W$5:$W$846,2) -> 0 | X64: =SUMIFS(Ведомость!$N$5:$N$846,Ведомость!$H$5:$H$846,8,Ведомость!$I$5:$I$846,"А500С",Ведомость!$V$5:$V$846,"П-отв",Ведомость!$W$5:$W$846,2) -> 0 | Y64: =SUMIFS(Ведомость!$N$5:$N$846,Ведомость!$H$5:$H$846,8,Ведомость!$I$5:$I$846,"А500С",Ведомость!$V$5:$V$846,"П-доп-низ",Ведомость!$W$5:$W$846,2) -> 0 | Z64: =SUMIFS(Ведомость!$N$5:$N$846,Ведомость!$H$5:$H$846,8,Ведомость!$I$5:$I$846,"А500С",Ведомость!$V$5:$V$846,"П-доп-верх",Ведомость!$W$5:$W$846,2) -> 0 | AA64: =SUMIFS(Ведомость!$N$5:$N$846,Ведомость!$H$5:$H$846,8,Ведомость!$I$5:$I$846,"А500С",Ведомость!$V$5:$V$846,"П-край",Ведомость!$W$5:$W$846,2) -> 0 | AB64: =SUMIFS(Ведомость!$N$5:$N$846,Ведомость!$H$5:$H$846,8,Ведомость!$I$5:$I$846,"А500С",Ведомость!$V$5:$V$846,"С-1",Ведомость!$W$5:$W$846,2) -> 0 | AC64: =SUMIFS(Ведомость!$N$5:$N$846,Ведомость!$H$5:$H$846,8,Ведомость!$I$5:$I$846,"А500С",Ведомость!$V$5:$V$846,"Л1",Ведомость!$W$5:$W$846,2) -> 0 | AD64: =SUMIFS(Ведомость!$N$5:$N$846,Ведомость!$H$5:$H$846,8,Ведомость!$I$5:$I$846,"А500С",Ведомость!$V$5:$V$846,"Л2",Ведомость!$W$5:$W$846,2) -> 0 | AE64: =SUMIFS(Ведомость!$N$5:$N$846,Ведомость!$H$5:$H$846,8,Ведомость!$I$5:$I$846,"А500С",Ведомость!$V$5:$V$846,"Л-пл",Ведомость!$W$5:$W$846,2) -> 0 | AF64: =SUMIFS(Ведомость!$N$5:$N$846,Ведомость!$H$5:$H$846,8,Ведомость!$I$5:$I$846,"А500С",Ведомость!$V$5:$V$846,"Л-рама",Ведомость!$W$5:$W$846,2) -> 0 | AG64: =SUM(B64:AF64) -> 0 | AH64: =IFERROR(INDEX(Исходные!$B$18:$B$30,MATCH(8,Исходные!$A$18:$A$30,0)),0) -> 0.395 | AI64: =AG64*AH64*$AJ$2 -> 0 | AJ64: =SUM(B64:D64,F64,H64,J64:M64) -> 0 | AK64: =AH64 -> 0.395 | AL64: =AJ64*AK64*$AJ$2 -> 0 | AM64: =SUM(E64,G64,I64,N64:AB64) -> 0 | AN64: =AH64 -> 0.395 | AO64: =AM64*AN64*$AJ$2 -> 0 | AP64: =SUM(AC64:AF64) -> 0 | AQ64: =AH64 -> 0.395 | AR64: =AP64*AQ64*$AJ$2 -> 0
A65: Диаметр 16 А240, L=м.п. | B65: =SUMIFS(Ведомость!$N$5:$N$846,Ведомость!$H$5:$H$846,16,Ведомость!$I$5:$I$846,"А240",Ведомость!$V$5:$V$846,"Дм-1",Ведомость!$W$5:$W$846,2) -> 0 | C65: =SUMIFS(Ведомость!$N$5:$N$846,Ведомость!$H$5:$H$846,16,Ведомость!$I$5:$I$846,"А240",Ведомость!$V$5:$V$846,"Дм-2",Ведомость!$W$5:$W$846,2) -> 0 | D65: =SUMIFS(Ведомость!$N$5:$N$846,Ведомость!$H$5:$H$846,16,Ведомость!$I$5:$I$846,"А240",Ведомость!$V$5:$V$846,"К-А",Ведомость!$W$5:$W$846,2) -> 0 | E65: =SUMIFS(Ведомость!$N$5:$N$846,Ведомость!$H$5:$H$846,16,Ведомость!$I$5:$I$846,"А240",Ведомость!$V$5:$V$846,"Р-А",Ведомость!$W$5:$W$846,2) -> 0 | F65: =SUMIFS(Ведомость!$N$5:$N$846,Ведомость!$H$5:$H$846,16,Ведомость!$I$5:$I$846,"А240",Ведомость!$V$5:$V$846,"К-Б",Ведомость!$W$5:$W$846,2) -> 0 | G65: =SUMIFS(Ведомость!$N$5:$N$846,Ведомость!$H$5:$H$846,16,Ведомость!$I$5:$I$846,"А240",Ведомость!$V$5:$V$846,"Р-Б",Ведомость!$W$5:$W$846,2) -> 0 | H65: =SUMIFS(Ведомость!$N$5:$N$846,Ведомость!$H$5:$H$846,16,Ведомость!$I$5:$I$846,"А240",Ведомость!$V$5:$V$846,"К-В",Ведомость!$W$5:$W$846,2) -> 0 | I65: =SUMIFS(Ведомость!$N$5:$N$846,Ведомость!$H$5:$H$846,16,Ведомость!$I$5:$I$846,"А240",Ведомость!$V$5:$V$846,"Р-В",Ведомость!$W$5:$W$846,2) -> 0 | J65: =SUMIFS(Ведомость!$N$5:$N$846,Ведомость!$H$5:$H$846,16,Ведомость!$I$5:$I$846,"А240",Ведомость!$V$5:$V$846,"К-Г",Ведомость!$W$5:$W$846,2) -> 0 | K65: =SUMIFS(Ведомость!$N$5:$N$846,Ведомость!$H$5:$H$846,16,Ведомость!$I$5:$I$846,"А240",Ведомость!$V$5:$V$846,"Дм-3",Ведомость!$W$5:$W$846,2) -> 0 | L65: =SUMIFS(Ведомость!$N$5:$N$846,Ведомость!$H$5:$H$846,16,Ведомость!$I$5:$I$846,"А240",Ведомость!$V$5:$V$846,"Дм-4",Ведомость!$W$5:$W$846,2) -> 0 | M65: =SUMIFS(Ведомость!$N$5:$N$846,Ведомость!$H$5:$H$846,16,Ведомость!$I$5:$I$846,"А240",Ведомость!$V$5:$V$846,"Дм-5",Ведомость!$W$5:$W$846,2) -> 0 | N65: =SUMIFS(Ведомость!$N$5:$N$846,Ведомость!$H$5:$H$846,16,Ведомость!$I$5:$I$846,"А240",Ведомость!$V$5:$V$846,"Р-Г",Ведомость!$W$5:$W$846,2) -> 0 | O65: =SUMIFS(Ведомость!$N$5:$N$846,Ведомость!$H$5:$H$846,16,Ведомость!$I$5:$I$846,"А240",Ведомость!$V$5:$V$846,"Р-1, 5",Ведомость!$W$5:$W$846,2) -> 0 | P65: =SUMIFS(Ведомость!$N$5:$N$846,Ведомость!$H$5:$H$846,16,Ведомость!$I$5:$I$846,"А240",Ведомость!$V$5:$V$846,"Р-2",Ведомость!$W$5:$W$846,2) -> 0 | Q65: =SUMIFS(Ведомость!$N$5:$N$846,Ведомость!$H$5:$H$846,16,Ведомость!$I$5:$I$846,"А240",Ведомость!$V$5:$V$846,"Р-3",Ведомость!$W$5:$W$846,2) -> 0 | R65: =SUMIFS(Ведомость!$N$5:$N$846,Ведомость!$H$5:$H$846,16,Ведомость!$I$5:$I$846,"А240",Ведомость!$V$5:$V$846,"Р-4",Ведомость!$W$5:$W$846,2) -> 0 | S65: =SUMIFS(Ведомость!$N$5:$N$846,Ведомость!$H$5:$H$846,16,Ведомость!$I$5:$I$846,"А240",Ведомость!$V$5:$V$846,"Б-основная",Ведомость!$W$5:$W$846,2) -> 0 | T65: =SUMIFS(Ведомость!$N$5:$N$846,Ведомость!$H$5:$H$846,16,Ведомость!$I$5:$I$846,"А240",Ведомость!$V$5:$V$846,"Б-хомуты",Ведомость!$W$5:$W$846,2) -> 0 | U65: =SUMIFS(Ведомость!$N$5:$N$846,Ведомость!$H$5:$H$846,16,Ведомость!$I$5:$I$846,"А240",Ведомость!$V$5:$V$846,"Б-допник",Ведомость!$W$5:$W$846,2) -> 0 | V65: =SUMIFS(Ведомость!$N$5:$N$846,Ведомость!$H$5:$H$846,16,Ведомость!$I$5:$I$846,"А240",Ведомость!$V$5:$V$846,"П-сетка",Ведомость!$W$5:$W$846,2) -> 0 | W65: =SUMIFS(Ведомость!$N$5:$N$846,Ведомость!$H$5:$H$846,16,Ведомость!$I$5:$I$846,"А240",Ведомость!$V$5:$V$846,"П-фикс",Ведомость!$W$5:$W$846,2) -> 0 | X65: =SUMIFS(Ведомость!$N$5:$N$846,Ведомость!$H$5:$H$846,16,Ведомость!$I$5:$I$846,"А240",Ведомость!$V$5:$V$846,"П-отв",Ведомость!$W$5:$W$846,2) -> 0 | Y65: =SUMIFS(Ведомость!$N$5:$N$846,Ведомость!$H$5:$H$846,16,Ведомость!$I$5:$I$846,"А240",Ведомость!$V$5:$V$846,"П-доп-низ",Ведомость!$W$5:$W$846,2) -> 0 | Z65: =SUMIFS(Ведомость!$N$5:$N$846,Ведомость!$H$5:$H$846,16,Ведомость!$I$5:$I$846,"А240",Ведомость!$V$5:$V$846,"П-доп-верх",Ведомость!$W$5:$W$846,2) -> 0 | AA65: =SUMIFS(Ведомость!$N$5:$N$846,Ведомость!$H$5:$H$846,16,Ведомость!$I$5:$I$846,"А240",Ведомость!$V$5:$V$846,"П-край",Ведомость!$W$5:$W$846,2) -> 0 | AB65: =SUMIFS(Ведомость!$N$5:$N$846,Ведомость!$H$5:$H$846,16,Ведомость!$I$5:$I$846,"А240",Ведомость!$V$5:$V$846,"С-1",Ведомость!$W$5:$W$846,2) -> 0 | AC65: =SUMIFS(Ведомость!$N$5:$N$846,Ведомость!$H$5:$H$846,16,Ведомость!$I$5:$I$846,"А240",Ведомость!$V$5:$V$846,"Л1",Ведомость!$W$5:$W$846,2) -> 0 | AD65: =SUMIFS(Ведомость!$N$5:$N$846,Ведомость!$H$5:$H$846,16,Ведомость!$I$5:$I$846,"А240",Ведомость!$V$5:$V$846,"Л2",Ведомость!$W$5:$W$846,2) -> 0 | AE65: =SUMIFS(Ведомость!$N$5:$N$846,Ведомость!$H$5:$H$846,16,Ведомость!$I$5:$I$846,"А240",Ведомость!$V$5:$V$846,"Л-пл",Ведомость!$W$5:$W$846,2) -> 0 | AF65: =SUMIFS(Ведомость!$N$5:$N$846,Ведомость!$H$5:$H$846,16,Ведомость!$I$5:$I$846,"А240",Ведомость!$V$5:$V$846,"Л-рама",Ведомость!$W$5:$W$846,2) -> 0.84 | AG65: =SUM(B65:AF65) -> 0.84 | AH65: =IFERROR(INDEX(Исходные!$B$18:$B$30,MATCH(16,Исходные!$A$18:$A$30,0)),0) -> 1.578 | AI65: =AG65*AH65*$AJ$2 -> 1.4183064 | AJ65: =SUM(B65:D65,F65,H65,J65:M65) -> 0 | AK65: =AH65 -> 1.578 | AL65: =AJ65*AK65*$AJ$2 -> 0 | AM65: =SUM(E65,G65,I65,N65:AB65) -> 0 | AN65: =AH65 -> 1.578 | AO65: =AM65*AN65*$AJ$2 -> 0 | AP65: =SUM(AC65:AF65) -> 0.84 | AQ65: =AH65 -> 1.578 | AR65: =AP65*AQ65*$AJ$2 -> 1.4183064
A66: Диаметр 12 А240, L=м.п. | B66: =SUMIFS(Ведомость!$N$5:$N$846,Ведомость!$H$5:$H$846,12,Ведомость!$I$5:$I$846,"А240",Ведомость!$V$5:$V$846,"Дм-1",Ведомость!$W$5:$W$846,2) -> 0 | C66: =SUMIFS(Ведомость!$N$5:$N$846,Ведомость!$H$5:$H$846,12,Ведомость!$I$5:$I$846,"А240",Ведомость!$V$5:$V$846,"Дм-2",Ведомость!$W$5:$W$846,2) -> 0 | D66: =SUMIFS(Ведомость!$N$5:$N$846,Ведомость!$H$5:$H$846,12,Ведомость!$I$5:$I$846,"А240",Ведомость!$V$5:$V$846,"К-А",Ведомость!$W$5:$W$846,2) -> 0 | E66: =SUMIFS(Ведомость!$N$5:$N$846,Ведомость!$H$5:$H$846,12,Ведомость!$I$5:$I$846,"А240",Ведомость!$V$5:$V$846,"Р-А",Ведомость!$W$5:$W$846,2) -> 0 | F66: =SUMIFS(Ведомость!$N$5:$N$846,Ведомость!$H$5:$H$846,12,Ведомость!$I$5:$I$846,"А240",Ведомость!$V$5:$V$846,"К-Б",Ведомость!$W$5:$W$846,2) -> 0 | G66: =SUMIFS(Ведомость!$N$5:$N$846,Ведомость!$H$5:$H$846,12,Ведомость!$I$5:$I$846,"А240",Ведомость!$V$5:$V$846,"Р-Б",Ведомость!$W$5:$W$846,2) -> 0 | H66: =SUMIFS(Ведомость!$N$5:$N$846,Ведомость!$H$5:$H$846,12,Ведомость!$I$5:$I$846,"А240",Ведомость!$V$5:$V$846,"К-В",Ведомость!$W$5:$W$846,2) -> 0 | I66: =SUMIFS(Ведомость!$N$5:$N$846,Ведомость!$H$5:$H$846,12,Ведомость!$I$5:$I$846,"А240",Ведомость!$V$5:$V$846,"Р-В",Ведомость!$W$5:$W$846,2) -> 0 | J66: =SUMIFS(Ведомость!$N$5:$N$846,Ведомость!$H$5:$H$846,12,Ведомость!$I$5:$I$846,"А240",Ведомость!$V$5:$V$846,"К-Г",Ведомость!$W$5:$W$846,2) -> 0 | K66: =SUMIFS(Ведомость!$N$5:$N$846,Ведомость!$H$5:$H$846,12,Ведомость!$I$5:$I$846,"А240",Ведомость!$V$5:$V$846,"Дм-3",Ведомость!$W$5:$W$846,2) -> 0 | L66: =SUMIFS(Ведомость!$N$5:$N$846,Ведомость!$H$5:$H$846,12,Ведомость!$I$5:$I$846,"А240",Ведомость!$V$5:$V$846,"Дм-4",Ведомость!$W$5:$W$846,2) -> 0 | M66: =SUMIFS(Ведомость!$N$5:$N$846,Ведомость!$H$5:$H$846,12,Ведомость!$I$5:$I$846,"А240",Ведомость!$V$5:$V$846,"Дм-5",Ведомость!$W$5:$W$846,2) -> 0 | N66: =SUMIFS(Ведомость!$N$5:$N$846,Ведомость!$H$5:$H$846,12,Ведомость!$I$5:$I$846,"А240",Ведомость!$V$5:$V$846,"Р-Г",Ведомость!$W$5:$W$846,2) -> 0 | O66: =SUMIFS(Ведомость!$N$5:$N$846,Ведомость!$H$5:$H$846,12,Ведомость!$I$5:$I$846,"А240",Ведомость!$V$5:$V$846,"Р-1, 5",Ведомость!$W$5:$W$846,2) -> 0 | P66: =SUMIFS(Ведомость!$N$5:$N$846,Ведомость!$H$5:$H$846,12,Ведомость!$I$5:$I$846,"А240",Ведомость!$V$5:$V$846,"Р-2",Ведомость!$W$5:$W$846,2) -> 0 | Q66: =SUMIFS(Ведомость!$N$5:$N$846,Ведомость!$H$5:$H$846,12,Ведомость!$I$5:$I$846,"А240",Ведомость!$V$5:$V$846,"Р-3",Ведомость!$W$5:$W$846,2) -> 0 | R66: =SUMIFS(Ведомость!$N$5:$N$846,Ведомость!$H$5:$H$846,12,Ведомость!$I$5:$I$846,"А240",Ведомость!$V$5:$V$846,"Р-4",Ведомость!$W$5:$W$846,2) -> 0 | S66: =SUMIFS(Ведомость!$N$5:$N$846,Ведомость!$H$5:$H$846,12,Ведомость!$I$5:$I$846,"А240",Ведомость!$V$5:$V$846,"Б-основная",Ведомость!$W$5:$W$846,2) -> 0 | T66: =SUMIFS(Ведомость!$N$5:$N$846,Ведомость!$H$5:$H$846,12,Ведомость!$I$5:$I$846,"А240",Ведомость!$V$5:$V$846,"Б-хомуты",Ведомость!$W$5:$W$846,2) -> 0 | U66: =SUMIFS(Ведомость!$N$5:$N$846,Ведомость!$H$5:$H$846,12,Ведомость!$I$5:$I$846,"А240",Ведомость!$V$5:$V$846,"Б-допник",Ведомость!$W$5:$W$846,2) -> 0 | V66: =SUMIFS(Ведомость!$N$5:$N$846,Ведомость!$H$5:$H$846,12,Ведомость!$I$5:$I$846,"А240",Ведомость!$V$5:$V$846,"П-сетка",Ведомость!$W$5:$W$846,2) -> 0 | W66: =SUMIFS(Ведомость!$N$5:$N$846,Ведомость!$H$5:$H$846,12,Ведомость!$I$5:$I$846,"А240",Ведомость!$V$5:$V$846,"П-фикс",Ведомость!$W$5:$W$846,2) -> 0 | X66: =SUMIFS(Ведомость!$N$5:$N$846,Ведомость!$H$5:$H$846,12,Ведомость!$I$5:$I$846,"А240",Ведомость!$V$5:$V$846,"П-отв",Ведомость!$W$5:$W$846,2) -> 0 | Y66: =SUMIFS(Ведомость!$N$5:$N$846,Ведомость!$H$5:$H$846,12,Ведомость!$I$5:$I$846,"А240",Ведомость!$V$5:$V$846,"П-доп-низ",Ведомость!$W$5:$W$846,2) -> 0 | Z66: =SUMIFS(Ведомость!$N$5:$N$846,Ведомость!$H$5:$H$846,12,Ведомость!$I$5:$I$846,"А240",Ведомость!$V$5:$V$846,"П-доп-верх",Ведомость!$W$5:$W$846,2) -> 0 | AA66: =SUMIFS(Ведомость!$N$5:$N$846,Ведомость!$H$5:$H$846,12,Ведомость!$I$5:$I$846,"А240",Ведомость!$V$5:$V$846,"П-край",Ведомость!$W$5:$W$846,2) -> 0 | AB66: =SUMIFS(Ведомость!$N$5:$N$846,Ведомость!$H$5:$H$846,12,Ведомость!$I$5:$I$846,"А240",Ведомость!$V$5:$V$846,"С-1",Ведомость!$W$5:$W$846,2) -> 0 | AC66: =SUMIFS(Ведомость!$N$5:$N$846,Ведомость!$H$5:$H$846,12,Ведомость!$I$5:$I$846,"А240",Ведомость!$V$5:$V$846,"Л1",Ведомость!$W$5:$W$846,2) -> 0 | AD66: =SUMIFS(Ведомость!$N$5:$N$846,Ведомость!$H$5:$H$846,12,Ведомость!$I$5:$I$846,"А240",Ведомость!$V$5:$V$846,"Л2",Ведомость!$W$5:$W$846,2) -> 0 | AE66: =SUMIFS(Ведомость!$N$5:$N$846,Ведомость!$H$5:$H$846,12,Ведомость!$I$5:$I$846,"А240",Ведомость!$V$5:$V$846,"Л-пл",Ведомость!$W$5:$W$846,2) -> 0 | AF66: =SUMIFS(Ведомость!$N$5:$N$846,Ведомость!$H$5:$H$846,12,Ведомость!$I$5:$I$846,"А240",Ведомость!$V$5:$V$846,"Л-рама",Ведомость!$W$5:$W$846,2) -> 0 | AG66: =SUM(B66:AF66) -> 0 | AH66: =IFERROR(INDEX(Исходные!$B$18:$B$30,MATCH(12,Исходные!$A$18:$A$30,0)),0) -> 0.888 | AI66: =AG66*AH66*$AJ$2 -> 0 | AJ66: =SUM(B66:D66,F66,H66,J66:M66) -> 0 | AK66: =AH66 -> 0.888 | AL66: =AJ66*AK66*$AJ$2 -> 0 | AM66: =SUM(E66,G66,I66,N66:AB66) -> 0 | AN66: =AH66 -> 0.888 | AO66: =AM66*AN66*$AJ$2 -> 0 | AP66: =SUM(AC66:AF66) -> 0 | AQ66: =AH66 -> 0.888 | AR66: =AP66*AQ66*$AJ$2 -> 0
A67: Диаметр 10 А240, L=м.п. | B67: =SUMIFS(Ведомость!$N$5:$N$846,Ведомость!$H$5:$H$846,10,Ведомость!$I$5:$I$846,"А240",Ведомость!$V$5:$V$846,"Дм-1",Ведомость!$W$5:$W$846,2) -> 63.84 | C67: =SUMIFS(Ведомость!$N$5:$N$846,Ведомость!$H$5:$H$846,10,Ведомость!$I$5:$I$846,"А240",Ведомость!$V$5:$V$846,"Дм-2",Ведомость!$W$5:$W$846,2) -> 42.56 | D67: =SUMIFS(Ведомость!$N$5:$N$846,Ведомость!$H$5:$H$846,10,Ведомость!$I$5:$I$846,"А240",Ведомость!$V$5:$V$846,"К-А",Ведомость!$W$5:$W$846,2) -> 0 | E67: =SUMIFS(Ведомость!$N$5:$N$846,Ведомость!$H$5:$H$846,10,Ведомость!$I$5:$I$846,"А240",Ведомость!$V$5:$V$846,"Р-А",Ведомость!$W$5:$W$846,2) -> 128.16 | F67: =SUMIFS(Ведомость!$N$5:$N$846,Ведомость!$H$5:$H$846,10,Ведомость!$I$5:$I$846,"А240",Ведомость!$V$5:$V$846,"К-Б",Ведомость!$W$5:$W$846,2) -> 0 | G67: =SUMIFS(Ведомость!$N$5:$N$846,Ведомость!$H$5:$H$846,10,Ведомость!$I$5:$I$846,"А240",Ведомость!$V$5:$V$846,"Р-Б",Ведомость!$W$5:$W$846,2) -> 261.1 | H67: =SUMIFS(Ведомость!$N$5:$N$846,Ведомость!$H$5:$H$846,10,Ведомость!$I$5:$I$846,"А240",Ведомость!$V$5:$V$846,"К-В",Ведомость!$W$5:$W$846,2) -> 0 | I67: =SUMIFS(Ведомость!$N$5:$N$846,Ведомость!$H$5:$H$846,10,Ведомость!$I$5:$I$846,"А240",Ведомость!$V$5:$V$846,"Р-В",Ведомость!$W$5:$W$846,2) -> 439.44 | J67: =SUMIFS(Ведомость!$N$5:$N$846,Ведомость!$H$5:$H$846,10,Ведомость!$I$5:$I$846,"А240",Ведомость!$V$5:$V$846,"К-Г",Ведомость!$W$5:$W$846,2) -> 0 | K67: =SUMIFS(Ведомость!$N$5:$N$846,Ведомость!$H$5:$H$846,10,Ведомость!$I$5:$I$846,"А240",Ведомость!$V$5:$V$846,"Дм-3",Ведомость!$W$5:$W$846,2) -> 63.84 | L67: =SUMIFS(Ведомость!$N$5:$N$846,Ведомость!$H$5:$H$846,10,Ведомость!$I$5:$I$846,"А240",Ведомость!$V$5:$V$846,"Дм-4",Ведомость!$W$5:$W$846,2) -> 21.28 | M67: =SUMIFS(Ведомость!$N$5:$N$846,Ведомость!$H$5:$H$846,10,Ведомость!$I$5:$I$846,"А240",Ведомость!$V$5:$V$846,"Дм-5",Ведомость!$W$5:$W$846,2) -> 42.56 | N67: =SUMIFS(Ведомость!$N$5:$N$846,Ведомость!$H$5:$H$846,10,Ведомость!$I$5:$I$846,"А240",Ведомость!$V$5:$V$846,"Р-Г",Ведомость!$W$5:$W$846,2) -> 117.42 | O67: =SUMIFS(Ведомость!$N$5:$N$846,Ведомость!$H$5:$H$846,10,Ведомость!$I$5:$I$846,"А240",Ведомость!$V$5:$V$846,"Р-1, 5",Ведомость!$W$5:$W$846,2) -> 193.64 | P67: =SUMIFS(Ведомость!$N$5:$N$846,Ведомость!$H$5:$H$846,10,Ведомость!$I$5:$I$846,"А240",Ведомость!$V$5:$V$846,"Р-2",Ведомость!$W$5:$W$846,2) -> 327.12 | Q67: =SUMIFS(Ведомость!$N$5:$N$846,Ведомость!$H$5:$H$846,10,Ведомость!$I$5:$I$846,"А240",Ведомость!$V$5:$V$846,"Р-3",Ведомость!$W$5:$W$846,2) -> 299.96 | R67: =SUMIFS(Ведомость!$N$5:$N$846,Ведомость!$H$5:$H$846,10,Ведомость!$I$5:$I$846,"А240",Ведомость!$V$5:$V$846,"Р-4",Ведомость!$W$5:$W$846,2) -> 276.82 | S67: =SUMIFS(Ведомость!$N$5:$N$846,Ведомость!$H$5:$H$846,10,Ведомость!$I$5:$I$846,"А240",Ведомость!$V$5:$V$846,"Б-основная",Ведомость!$W$5:$W$846,2) -> 0 | T67: =SUMIFS(Ведомость!$N$5:$N$846,Ведомость!$H$5:$H$846,10,Ведомость!$I$5:$I$846,"А240",Ведомость!$V$5:$V$846,"Б-хомуты",Ведомость!$W$5:$W$846,2) -> 0 | U67: =SUMIFS(Ведомость!$N$5:$N$846,Ведомость!$H$5:$H$846,10,Ведомость!$I$5:$I$846,"А240",Ведомость!$V$5:$V$846,"Б-допник",Ведомость!$W$5:$W$846,2) -> 0 | V67: =SUMIFS(Ведомость!$N$5:$N$846,Ведомость!$H$5:$H$846,10,Ведомость!$I$5:$I$846,"А240",Ведомость!$V$5:$V$846,"П-сетка",Ведомость!$W$5:$W$846,2) -> 0 | W67: =SUMIFS(Ведомость!$N$5:$N$846,Ведомость!$H$5:$H$846,10,Ведомость!$I$5:$I$846,"А240",Ведомость!$V$5:$V$846,"П-фикс",Ведомость!$W$5:$W$846,2) -> 355.74 | X67: =SUMIFS(Ведомость!$N$5:$N$846,Ведомость!$H$5:$H$846,10,Ведомость!$I$5:$I$846,"А240",Ведомость!$V$5:$V$846,"П-отв",Ведомость!$W$5:$W$846,2) -> 0 | Y67: =SUMIFS(Ведомость!$N$5:$N$846,Ведомость!$H$5:$H$846,10,Ведомость!$I$5:$I$846,"А240",Ведомость!$V$5:$V$846,"П-доп-низ",Ведомость!$W$5:$W$846,2) -> 0 | Z67: =SUMIFS(Ведомость!$N$5:$N$846,Ведомость!$H$5:$H$846,10,Ведомость!$I$5:$I$846,"А240",Ведомость!$V$5:$V$846,"П-доп-верх",Ведомость!$W$5:$W$846,2) -> 0 | AA67: =SUMIFS(Ведомость!$N$5:$N$846,Ведомость!$H$5:$H$846,10,Ведомость!$I$5:$I$846,"А240",Ведомость!$V$5:$V$846,"П-край",Ведомость!$W$5:$W$846,2) -> 83.3 | AB67: =SUMIFS(Ведомость!$N$5:$N$846,Ведомость!$H$5:$H$846,10,Ведомость!$I$5:$I$846,"А240",Ведомость!$V$5:$V$846,"С-1",Ведомость!$W$5:$W$846,2) -> 0 | AC67: =SUMIFS(Ведомость!$N$5:$N$846,Ведомость!$H$5:$H$846,10,Ведомость!$I$5:$I$846,"А240",Ведомость!$V$5:$V$846,"Л1",Ведомость!$W$5:$W$846,2) -> 31.2 | AD67: =SUMIFS(Ведомость!$N$5:$N$846,Ведомость!$H$5:$H$846,10,Ведомость!$I$5:$I$846,"А240",Ведомость!$V$5:$V$846,"Л2",Ведомость!$W$5:$W$846,2) -> 31.2 | AE67: =SUMIFS(Ведомость!$N$5:$N$846,Ведомость!$H$5:$H$846,10,Ведомость!$I$5:$I$846,"А240",Ведомость!$V$5:$V$846,"Л-пл",Ведомость!$W$5:$W$846,2) -> 29.12 | AF67: =SUMIFS(Ведомость!$N$5:$N$846,Ведомость!$H$5:$H$846,10,Ведомость!$I$5:$I$846,"А240",Ведомость!$V$5:$V$846,"Л-рама",Ведомость!$W$5:$W$846,2) -> 0 | AG67: =SUM(B67:AF67) -> 2808.3 | AH67: =IFERROR(INDEX(Исходные!$B$18:$B$30,MATCH(10,Исходные!$A$18:$A$30,0)),0) -> 0.617 | AI67: =AG67*AH67*$AJ$2 -> 1854.0116 | AJ67: =SUM(B67:D67,F67,H67,J67:M67) -> 234.08 | AK67: =AH67 -> 0.617 | AL67: =AJ67*AK67*$AJ$2 -> 154.53728 | AM67: =SUM(E67,G67,I67,N67:AB67) -> 2482.7 | AN67: =AH67 -> 0.617 | AO67: =AM67*AN67*$AJ$2 -> 1639.0537 | AP67: =SUM(AC67:AF67) -> 91.52 | AQ67: =AH67 -> 0.617 | AR67: =AP67*AQ67*$AJ$2 -> 60.420589
A68: Диаметр 8 А240, L=м.п. | B68: =SUMIFS(Ведомость!$N$5:$N$846,Ведомость!$H$5:$H$846,8,Ведомость!$I$5:$I$846,"А240",Ведомость!$V$5:$V$846,"Дм-1",Ведомость!$W$5:$W$846,2) -> 247.28 | C68: =SUMIFS(Ведомость!$N$5:$N$846,Ведомость!$H$5:$H$846,8,Ведомость!$I$5:$I$846,"А240",Ведомость!$V$5:$V$846,"Дм-2",Ведомость!$W$5:$W$846,2) -> 205.36 | D68: =SUMIFS(Ведомость!$N$5:$N$846,Ведомость!$H$5:$H$846,8,Ведомость!$I$5:$I$846,"А240",Ведомость!$V$5:$V$846,"К-А",Ведомость!$W$5:$W$846,2) -> 393.12 | E68: =SUMIFS(Ведомость!$N$5:$N$846,Ведомость!$H$5:$H$846,8,Ведомость!$I$5:$I$846,"А240",Ведомость!$V$5:$V$846,"Р-А",Ведомость!$W$5:$W$846,2) -> 350.07 | F68: =SUMIFS(Ведомость!$N$5:$N$846,Ведомость!$H$5:$H$846,8,Ведомость!$I$5:$I$846,"А240",Ведомость!$V$5:$V$846,"К-Б",Ведомость!$W$5:$W$846,2) -> 655.2 | G68: =SUMIFS(Ведомость!$N$5:$N$846,Ведомость!$H$5:$H$846,8,Ведомость!$I$5:$I$846,"А240",Ведомость!$V$5:$V$846,"Р-Б",Ведомость!$W$5:$W$846,2) -> 311.81 | H68: =SUMIFS(Ведомость!$N$5:$N$846,Ведомость!$H$5:$H$846,8,Ведомость!$I$5:$I$846,"А240",Ведомость!$V$5:$V$846,"К-В",Ведомость!$W$5:$W$846,2) -> 655.2 | I68: =SUMIFS(Ведомость!$N$5:$N$846,Ведомость!$H$5:$H$846,8,Ведомость!$I$5:$I$846,"А240",Ведомость!$V$5:$V$846,"Р-В",Ведомость!$W$5:$W$846,2) -> 245.84 | J68: =SUMIFS(Ведомость!$N$5:$N$846,Ведомость!$H$5:$H$846,8,Ведомость!$I$5:$I$846,"А240",Ведомость!$V$5:$V$846,"К-Г",Ведомость!$W$5:$W$846,2) -> 262.08 | K68: =SUMIFS(Ведомость!$N$5:$N$846,Ведомость!$H$5:$H$846,8,Ведомость!$I$5:$I$846,"А240",Ведомость!$V$5:$V$846,"Дм-3",Ведомость!$W$5:$W$846,2) -> 243.04 | L68: =SUMIFS(Ведомость!$N$5:$N$846,Ведомость!$H$5:$H$846,8,Ведомость!$I$5:$I$846,"А240",Ведомость!$V$5:$V$846,"Дм-4",Ведомость!$W$5:$W$846,2) -> 171.92 | M68: =SUMIFS(Ведомость!$N$5:$N$846,Ведомость!$H$5:$H$846,8,Ведомость!$I$5:$I$846,"А240",Ведомость!$V$5:$V$846,"Дм-5",Ведомость!$W$5:$W$846,2) -> 205.36 | N68: =SUMIFS(Ведомость!$N$5:$N$846,Ведомость!$H$5:$H$846,8,Ведомость!$I$5:$I$846,"А240",Ведомость!$V$5:$V$846,"Р-Г",Ведомость!$W$5:$W$846,2) -> 351.14 | O68: =SUMIFS(Ведомость!$N$5:$N$846,Ведомость!$H$5:$H$846,8,Ведомость!$I$5:$I$846,"А240",Ведомость!$V$5:$V$846,"Р-1, 5",Ведомость!$W$5:$W$846,2) -> 636.54 | P68: =SUMIFS(Ведомость!$N$5:$N$846,Ведомость!$H$5:$H$846,8,Ведомость!$I$5:$I$846,"А240",Ведомость!$V$5:$V$846,"Р-2",Ведомость!$W$5:$W$846,2) -> 154.39 | Q68: =SUMIFS(Ведомость!$N$5:$N$846,Ведомость!$H$5:$H$846,8,Ведомость!$I$5:$I$846,"А240",Ведомость!$V$5:$V$846,"Р-3",Ведомость!$W$5:$W$846,2) -> 197.08 | R68: =SUMIFS(Ведомость!$N$5:$N$846,Ведомость!$H$5:$H$846,8,Ведомость!$I$5:$I$846,"А240",Ведомость!$V$5:$V$846,"Р-4",Ведомость!$W$5:$W$846,2) -> 175.38 | S68: =SUMIFS(Ведомость!$N$5:$N$846,Ведомость!$H$5:$H$846,8,Ведомость!$I$5:$I$846,"А240",Ведомость!$V$5:$V$846,"Б-основная",Ведомость!$W$5:$W$846,2) -> 0 | T68: =SUMIFS(Ведомость!$N$5:$N$846,Ведомость!$H$5:$H$846,8,Ведомость!$I$5:$I$846,"А240",Ведомость!$V$5:$V$846,"Б-хомуты",Ведомость!$W$5:$W$846,2) -> 1690.44 | U68: =SUMIFS(Ведомость!$N$5:$N$846,Ведомость!$H$5:$H$846,8,Ведомость!$I$5:$I$846,"А240",Ведомость!$V$5:$V$846,"Б-допник",Ведомость!$W$5:$W$846,2) -> 0 | V68: =SUMIFS(Ведомость!$N$5:$N$846,Ведомость!$H$5:$H$846,8,Ведомость!$I$5:$I$846,"А240",Ведомость!$V$5:$V$846,"П-сетка",Ведомость!$W$5:$W$846,2) -> 0 | W68: =SUMIFS(Ведомость!$N$5:$N$846,Ведомость!$H$5:$H$846,8,Ведомость!$I$5:$I$846,"А240",Ведомость!$V$5:$V$846,"П-фикс",Ведомость!$W$5:$W$846,2) -> 186.34 | X68: =SUMIFS(Ведомость!$N$5:$N$846,Ведомость!$H$5:$H$846,8,Ведомость!$I$5:$I$846,"А240",Ведомость!$V$5:$V$846,"П-отв",Ведомость!$W$5:$W$846,2) -> 0 | Y68: =SUMIFS(Ведомость!$N$5:$N$846,Ведомость!$H$5:$H$846,8,Ведомость!$I$5:$I$846,"А240",Ведомость!$V$5:$V$846,"П-доп-низ",Ведомость!$W$5:$W$846,2) -> 0 | Z68: =SUMIFS(Ведомость!$N$5:$N$846,Ведомость!$H$5:$H$846,8,Ведомость!$I$5:$I$846,"А240",Ведомость!$V$5:$V$846,"П-доп-верх",Ведомость!$W$5:$W$846,2) -> 0 | AA68: =SUMIFS(Ведомость!$N$5:$N$846,Ведомость!$H$5:$H$846,8,Ведомость!$I$5:$I$846,"А240",Ведомость!$V$5:$V$846,"П-край",Ведомость!$W$5:$W$846,2) -> 0 | AB68: =SUMIFS(Ведомость!$N$5:$N$846,Ведомость!$H$5:$H$846,8,Ведомость!$I$5:$I$846,"А240",Ведомость!$V$5:$V$846,"С-1",Ведомость!$W$5:$W$846,2) -> 0 | AC68: =SUMIFS(Ведомость!$N$5:$N$846,Ведомость!$H$5:$H$846,8,Ведомость!$I$5:$I$846,"А240",Ведомость!$V$5:$V$846,"Л1",Ведомость!$W$5:$W$846,2) -> 0 | AD68: =SUMIFS(Ведомость!$N$5:$N$846,Ведомость!$H$5:$H$846,8,Ведомость!$I$5:$I$846,"А240",Ведомость!$V$5:$V$846,"Л2",Ведомость!$W$5:$W$846,2) -> 0 | AE68: =SUMIFS(Ведомость!$N$5:$N$846,Ведомость!$H$5:$H$846,8,Ведомость!$I$5:$I$846,"А240",Ведомость!$V$5:$V$846,"Л-пл",Ведомость!$W$5:$W$846,2) -> 0 | AF68: =SUMIFS(Ведомость!$N$5:$N$846,Ведомость!$H$5:$H$846,8,Ведомость!$I$5:$I$846,"А240",Ведомость!$V$5:$V$846,"Л-рама",Ведомость!$W$5:$W$846,2) -> 43.44 | AG68: =SUM(B68:AF68) -> 7381.03 | AH68: =IFERROR(INDEX(Исходные!$B$18:$B$30,MATCH(8,Исходные!$A$18:$A$30,0)),0) -> 0.395 | AI68: =AG68*AH68*$AJ$2 -> 3119.5923 | AJ68: =SUM(B68:D68,F68,H68,J68:M68) -> 3038.56 | AK68: =AH68 -> 0.395 | AL68: =AJ68*AK68*$AJ$2 -> 1284.2474 | AM68: =SUM(E68,G68,I68,N68:AB68) -> 4299.03 | AN68: =AH68 -> 0.395 | AO68: =AM68*AN68*$AJ$2 -> 1816.985 | AP68: =SUM(AC68:AF68) -> 43.44 | AQ68: =AH68 -> 0.395 | AR68: =AP68*AQ68*$AJ$2 -> 18.359916
A69: Диаметр 6 А240, L=м.п. | B69: =SUMIFS(Ведомость!$N$5:$N$846,Ведомость!$H$5:$H$846,6,Ведомость!$I$5:$I$846,"А240",Ведомость!$V$5:$V$846,"Дм-1",Ведомость!$W$5:$W$846,2) -> 0 | C69: =SUMIFS(Ведомость!$N$5:$N$846,Ведомость!$H$5:$H$846,6,Ведомость!$I$5:$I$846,"А240",Ведомость!$V$5:$V$846,"Дм-2",Ведомость!$W$5:$W$846,2) -> 0 | D69: =SUMIFS(Ведомость!$N$5:$N$846,Ведомость!$H$5:$H$846,6,Ведомость!$I$5:$I$846,"А240",Ведомость!$V$5:$V$846,"К-А",Ведомость!$W$5:$W$846,2) -> 0 | E69: =SUMIFS(Ведомость!$N$5:$N$846,Ведомость!$H$5:$H$846,6,Ведомость!$I$5:$I$846,"А240",Ведомость!$V$5:$V$846,"Р-А",Ведомость!$W$5:$W$846,2) -> 0 | F69: =SUMIFS(Ведомость!$N$5:$N$846,Ведомость!$H$5:$H$846,6,Ведомость!$I$5:$I$846,"А240",Ведомость!$V$5:$V$846,"К-Б",Ведомость!$W$5:$W$846,2) -> 0 | G69: =SUMIFS(Ведомость!$N$5:$N$846,Ведомость!$H$5:$H$846,6,Ведомость!$I$5:$I$846,"А240",Ведомость!$V$5:$V$846,"Р-Б",Ведомость!$W$5:$W$846,2) -> 0 | H69: =SUMIFS(Ведомость!$N$5:$N$846,Ведомость!$H$5:$H$846,6,Ведомость!$I$5:$I$846,"А240",Ведомость!$V$5:$V$846,"К-В",Ведомость!$W$5:$W$846,2) -> 0 | I69: =SUMIFS(Ведомость!$N$5:$N$846,Ведомость!$H$5:$H$846,6,Ведомость!$I$5:$I$846,"А240",Ведомость!$V$5:$V$846,"Р-В",Ведомость!$W$5:$W$846,2) -> 0 | J69: =SUMIFS(Ведомость!$N$5:$N$846,Ведомость!$H$5:$H$846,6,Ведомость!$I$5:$I$846,"А240",Ведомость!$V$5:$V$846,"К-Г",Ведомость!$W$5:$W$846,2) -> 0 | K69: =SUMIFS(Ведомость!$N$5:$N$846,Ведомость!$H$5:$H$846,6,Ведомость!$I$5:$I$846,"А240",Ведомость!$V$5:$V$846,"Дм-3",Ведомость!$W$5:$W$846,2) -> 0 | L69: =SUMIFS(Ведомость!$N$5:$N$846,Ведомость!$H$5:$H$846,6,Ведомость!$I$5:$I$846,"А240",Ведомость!$V$5:$V$846,"Дм-4",Ведомость!$W$5:$W$846,2) -> 0 | M69: =SUMIFS(Ведомость!$N$5:$N$846,Ведомость!$H$5:$H$846,6,Ведомость!$I$5:$I$846,"А240",Ведомость!$V$5:$V$846,"Дм-5",Ведомость!$W$5:$W$846,2) -> 0 | N69: =SUMIFS(Ведомость!$N$5:$N$846,Ведомость!$H$5:$H$846,6,Ведомость!$I$5:$I$846,"А240",Ведомость!$V$5:$V$846,"Р-Г",Ведомость!$W$5:$W$846,2) -> 0 | O69: =SUMIFS(Ведомость!$N$5:$N$846,Ведомость!$H$5:$H$846,6,Ведомость!$I$5:$I$846,"А240",Ведомость!$V$5:$V$846,"Р-1, 5",Ведомость!$W$5:$W$846,2) -> 0 | P69: =SUMIFS(Ведомость!$N$5:$N$846,Ведомость!$H$5:$H$846,6,Ведомость!$I$5:$I$846,"А240",Ведомость!$V$5:$V$846,"Р-2",Ведомость!$W$5:$W$846,2) -> 0 | Q69: =SUMIFS(Ведомость!$N$5:$N$846,Ведомость!$H$5:$H$846,6,Ведомость!$I$5:$I$846,"А240",Ведомость!$V$5:$V$846,"Р-3",Ведомость!$W$5:$W$846,2) -> 0 | R69: =SUMIFS(Ведомость!$N$5:$N$846,Ведомость!$H$5:$H$846,6,Ведомость!$I$5:$I$846,"А240",Ведомость!$V$5:$V$846,"Р-4",Ведомость!$W$5:$W$846,2) -> 0 | S69: =SUMIFS(Ведомость!$N$5:$N$846,Ведомость!$H$5:$H$846,6,Ведомость!$I$5:$I$846,"А240",Ведомость!$V$5:$V$846,"Б-основная",Ведомость!$W$5:$W$846,2) -> 0 | T69: =SUMIFS(Ведомость!$N$5:$N$846,Ведомость!$H$5:$H$846,6,Ведомость!$I$5:$I$846,"А240",Ведомость!$V$5:$V$846,"Б-хомуты",Ведомость!$W$5:$W$846,2) -> 0 | U69: =SUMIFS(Ведомость!$N$5:$N$846,Ведомость!$H$5:$H$846,6,Ведомость!$I$5:$I$846,"А240",Ведомость!$V$5:$V$846,"Б-допник",Ведомость!$W$5:$W$846,2) -> 0 | V69: =SUMIFS(Ведомость!$N$5:$N$846,Ведомость!$H$5:$H$846,6,Ведомость!$I$5:$I$846,"А240",Ведомость!$V$5:$V$846,"П-сетка",Ведомость!$W$5:$W$846,2) -> 0 | W69: =SUMIFS(Ведомость!$N$5:$N$846,Ведомость!$H$5:$H$846,6,Ведомость!$I$5:$I$846,"А240",Ведомость!$V$5:$V$846,"П-фикс",Ведомость!$W$5:$W$846,2) -> 0 | X69: =SUMIFS(Ведомость!$N$5:$N$846,Ведомость!$H$5:$H$846,6,Ведомость!$I$5:$I$846,"А240",Ведомость!$V$5:$V$846,"П-отв",Ведомость!$W$5:$W$846,2) -> 0 | Y69: =SUMIFS(Ведомость!$N$5:$N$846,Ведомость!$H$5:$H$846,6,Ведомость!$I$5:$I$846,"А240",Ведомость!$V$5:$V$846,"П-доп-низ",Ведомость!$W$5:$W$846,2) -> 0 | Z69: =SUMIFS(Ведомость!$N$5:$N$846,Ведомость!$H$5:$H$846,6,Ведомость!$I$5:$I$846,"А240",Ведомость!$V$5:$V$846,"П-доп-верх",Ведомость!$W$5:$W$846,2) -> 0 | AA69: =SUMIFS(Ведомость!$N$5:$N$846,Ведомость!$H$5:$H$846,6,Ведомость!$I$5:$I$846,"А240",Ведомость!$V$5:$V$846,"П-край",Ведомость!$W$5:$W$846,2) -> 0 | AB69: =SUMIFS(Ведомость!$N$5:$N$846,Ведомость!$H$5:$H$846,6,Ведомость!$I$5:$I$846,"А240",Ведомость!$V$5:$V$846,"С-1",Ведомость!$W$5:$W$846,2) -> 0 | AC69: =SUMIFS(Ведомость!$N$5:$N$846,Ведомость!$H$5:$H$846,6,Ведомость!$I$5:$I$846,"А240",Ведомость!$V$5:$V$846,"Л1",Ведомость!$W$5:$W$846,2) -> 10.64 | AD69: =SUMIFS(Ведомость!$N$5:$N$846,Ведомость!$H$5:$H$846,6,Ведомость!$I$5:$I$846,"А240",Ведомость!$V$5:$V$846,"Л2",Ведомость!$W$5:$W$846,2) -> 10.64 | AE69: =SUMIFS(Ведомость!$N$5:$N$846,Ведомость!$H$5:$H$846,6,Ведомость!$I$5:$I$846,"А240",Ведомость!$V$5:$V$846,"Л-пл",Ведомость!$W$5:$W$846,2) -> 7.84 | AF69: =SUMIFS(Ведомость!$N$5:$N$846,Ведомость!$H$5:$H$846,6,Ведомость!$I$5:$I$846,"А240",Ведомость!$V$5:$V$846,"Л-рама",Ведомость!$W$5:$W$846,2) -> 0 | AG69: =SUM(B69:AF69) -> 29.12 | AH69: =IFERROR(INDEX(Исходные!$B$18:$B$30,MATCH(6,Исходные!$A$18:$A$30,0)),0) -> 0.222 | AI69: =AG69*AH69*$AJ$2 -> 6.9171648 | AJ69: =SUM(B69:D69,F69,H69,J69:M69) -> 0 | AK69: =AH69 -> 0.222 | AL69: =AJ69*AK69*$AJ$2 -> 0 | AM69: =SUM(E69,G69,I69,N69:AB69) -> 0 | AN69: =AH69 -> 0.222 | AO69: =AM69*AN69*$AJ$2 -> 0 | AP69: =SUM(AC69:AF69) -> 29.12 | AQ69: =AH69 -> 0.222 | AR69: =AP69*AQ69*$AJ$2 -> 6.9171648
A70: Сетка Ø5 Вр-I 100×100, м² | B70: =SUMIFS(Ведомость!$K$5:$K$846,Ведомость!$H$5:$H$846,5,Ведомость!$I$5:$I$846,"Вр-I",Ведомость!$V$5:$V$846,"Дм-1",Ведомость!$W$5:$W$846,2) -> 0 | C70: =SUMIFS(Ведомость!$K$5:$K$846,Ведомость!$H$5:$H$846,5,Ведомость!$I$5:$I$846,"Вр-I",Ведомость!$V$5:$V$846,"Дм-2",Ведомость!$W$5:$W$846,2) -> 0 | D70: =SUMIFS(Ведомость!$K$5:$K$846,Ведомость!$H$5:$H$846,5,Ведомость!$I$5:$I$846,"Вр-I",Ведомость!$V$5:$V$846,"К-А",Ведомость!$W$5:$W$846,2) -> 0 | E70: =SUMIFS(Ведомость!$K$5:$K$846,Ведомость!$H$5:$H$846,5,Ведомость!$I$5:$I$846,"Вр-I",Ведомость!$V$5:$V$846,"Р-А",Ведомость!$W$5:$W$846,2) -> 0 | F70: =SUMIFS(Ведомость!$K$5:$K$846,Ведомость!$H$5:$H$846,5,Ведомость!$I$5:$I$846,"Вр-I",Ведомость!$V$5:$V$846,"К-Б",Ведомость!$W$5:$W$846,2) -> 0 | G70: =SUMIFS(Ведомость!$K$5:$K$846,Ведомость!$H$5:$H$846,5,Ведомость!$I$5:$I$846,"Вр-I",Ведомость!$V$5:$V$846,"Р-Б",Ведомость!$W$5:$W$846,2) -> 0 | H70: =SUMIFS(Ведомость!$K$5:$K$846,Ведомость!$H$5:$H$846,5,Ведомость!$I$5:$I$846,"Вр-I",Ведомость!$V$5:$V$846,"К-В",Ведомость!$W$5:$W$846,2) -> 0 | I70: =SUMIFS(Ведомость!$K$5:$K$846,Ведомость!$H$5:$H$846,5,Ведомость!$I$5:$I$846,"Вр-I",Ведомость!$V$5:$V$846,"Р-В",Ведомость!$W$5:$W$846,2) -> 0 | J70: =SUMIFS(Ведомость!$K$5:$K$846,Ведомость!$H$5:$H$846,5,Ведомость!$I$5:$I$846,"Вр-I",Ведомость!$V$5:$V$846,"К-Г",Ведомость!$W$5:$W$846,2) -> 0 | K70: =SUMIFS(Ведомость!$K$5:$K$846,Ведомость!$H$5:$H$846,5,Ведомость!$I$5:$I$846,"Вр-I",Ведомость!$V$5:$V$846,"Дм-3",Ведомость!$W$5:$W$846,2) -> 0 | L70: =SUMIFS(Ведомость!$K$5:$K$846,Ведомость!$H$5:$H$846,5,Ведомость!$I$5:$I$846,"Вр-I",Ведомость!$V$5:$V$846,"Дм-4",Ведомость!$W$5:$W$846,2) -> 0 | M70: =SUMIFS(Ведомость!$K$5:$K$846,Ведомость!$H$5:$H$846,5,Ведомость!$I$5:$I$846,"Вр-I",Ведомость!$V$5:$V$846,"Дм-5",Ведомость!$W$5:$W$846,2) -> 0 | N70: =SUMIFS(Ведомость!$K$5:$K$846,Ведомость!$H$5:$H$846,5,Ведомость!$I$5:$I$846,"Вр-I",Ведомость!$V$5:$V$846,"Р-Г",Ведомость!$W$5:$W$846,2) -> 0 | O70: =SUMIFS(Ведомость!$K$5:$K$846,Ведомость!$H$5:$H$846,5,Ведомость!$I$5:$I$846,"Вр-I",Ведомость!$V$5:$V$846,"Р-1, 5",Ведомость!$W$5:$W$846,2) -> 0 | P70: =SUMIFS(Ведомость!$K$5:$K$846,Ведомость!$H$5:$H$846,5,Ведомость!$I$5:$I$846,"Вр-I",Ведомость!$V$5:$V$846,"Р-2",Ведомость!$W$5:$W$846,2) -> 0 | Q70: =SUMIFS(Ведомость!$K$5:$K$846,Ведомость!$H$5:$H$846,5,Ведомость!$I$5:$I$846,"Вр-I",Ведомость!$V$5:$V$846,"Р-3",Ведомость!$W$5:$W$846,2) -> 0 | R70: =SUMIFS(Ведомость!$K$5:$K$846,Ведомость!$H$5:$H$846,5,Ведомость!$I$5:$I$846,"Вр-I",Ведомость!$V$5:$V$846,"Р-4",Ведомость!$W$5:$W$846,2) -> 0 | S70: =SUMIFS(Ведомость!$K$5:$K$846,Ведомость!$H$5:$H$846,5,Ведомость!$I$5:$I$846,"Вр-I",Ведомость!$V$5:$V$846,"Б-основная",Ведомость!$W$5:$W$846,2) -> 0 | T70: =SUMIFS(Ведомость!$K$5:$K$846,Ведомость!$H$5:$H$846,5,Ведомость!$I$5:$I$846,"Вр-I",Ведомость!$V$5:$V$846,"Б-хомуты",Ведомость!$W$5:$W$846,2) -> 0 | U70: =SUMIFS(Ведомость!$K$5:$K$846,Ведомость!$H$5:$H$846,5,Ведомость!$I$5:$I$846,"Вр-I",Ведомость!$V$5:$V$846,"Б-допник",Ведомость!$W$5:$W$846,2) -> 0 | V70: =SUMIFS(Ведомость!$K$5:$K$846,Ведомость!$H$5:$H$846,5,Ведомость!$I$5:$I$846,"Вр-I",Ведомость!$V$5:$V$846,"П-сетка",Ведомость!$W$5:$W$846,2) -> 0 | W70: =SUMIFS(Ведомость!$K$5:$K$846,Ведомость!$H$5:$H$846,5,Ведомость!$I$5:$I$846,"Вр-I",Ведомость!$V$5:$V$846,"П-фикс",Ведомость!$W$5:$W$846,2) -> 0 | X70: =SUMIFS(Ведомость!$K$5:$K$846,Ведомость!$H$5:$H$846,5,Ведомость!$I$5:$I$846,"Вр-I",Ведомость!$V$5:$V$846,"П-отв",Ведомость!$W$5:$W$846,2) -> 0 | Y70: =SUMIFS(Ведомость!$K$5:$K$846,Ведомость!$H$5:$H$846,5,Ведомость!$I$5:$I$846,"Вр-I",Ведомость!$V$5:$V$846,"П-доп-низ",Ведомость!$W$5:$W$846,2) -> 0 | Z70: =SUMIFS(Ведомость!$K$5:$K$846,Ведомость!$H$5:$H$846,5,Ведомость!$I$5:$I$846,"Вр-I",Ведомость!$V$5:$V$846,"П-доп-верх",Ведомость!$W$5:$W$846,2) -> 0 | AA70: =SUMIFS(Ведомость!$K$5:$K$846,Ведомость!$H$5:$H$846,5,Ведомость!$I$5:$I$846,"Вр-I",Ведомость!$V$5:$V$846,"П-край",Ведомость!$W$5:$W$846,2) -> 0 | AB70: =SUMIFS(Ведомость!$K$5:$K$846,Ведомость!$H$5:$H$846,5,Ведомость!$I$5:$I$846,"Вр-I",Ведомость!$V$5:$V$846,"С-1",Ведомость!$W$5:$W$846,2) -> 0 | AC70: =SUMIFS(Ведомость!$K$5:$K$846,Ведомость!$H$5:$H$846,5,Ведомость!$I$5:$I$846,"Вр-I",Ведомость!$V$5:$V$846,"Л1",Ведомость!$W$5:$W$846,2) -> 6.38 | AD70: =SUMIFS(Ведомость!$K$5:$K$846,Ведомость!$H$5:$H$846,5,Ведомость!$I$5:$I$846,"Вр-I",Ведомость!$V$5:$V$846,"Л2",Ведомость!$W$5:$W$846,2) -> 6.38 | AE70: =SUMIFS(Ведомость!$K$5:$K$846,Ведомость!$H$5:$H$846,5,Ведомость!$I$5:$I$846,"Вр-I",Ведомость!$V$5:$V$846,"Л-пл",Ведомость!$W$5:$W$846,2) -> 0 | AF70: =SUMIFS(Ведомость!$K$5:$K$846,Ведомость!$H$5:$H$846,5,Ведомость!$I$5:$I$846,"Вр-I",Ведомость!$V$5:$V$846,"Л-рама",Ведомость!$W$5:$W$846,2) -> 0 | AG70: =SUM(B70:AF70) -> 12.76 | AH70: =Исходные!$B$31 -> 3.08 | AI70: =AG70*AH70*$AJ$2 -> 42.051856 | AJ70: =SUM(B70:D70,F70,H70,J70:M70) -> 0 | AK70: =AH70 -> 3.08 | AL70: =AJ70*AK70*$AJ$2 -> 0 | AM70: =SUM(E70,G70,I70,N70:AB70) -> 0 | AN70: =AH70 -> 3.08 | AO70: =AM70*AN70*$AJ$2 -> 0 | AP70: =SUM(AC70:AF70) -> 12.76 | AQ70: =AH70 -> 3.08 | AR70: =AP70*AQ70*$AJ$2 -> 42.051856
A71: Масса чистая (без К зап), кг | B71: =SUMPRODUCT(B54:B70,$AH$54:$AH$70) -> 888.02466 | C71: =SUMPRODUCT(C54:C70,$AH$54:$AH$70) -> 727.86046 | D71: =SUMPRODUCT(D54:D70,$AH$54:$AH$70) -> 577.1736 | E71: =SUMPRODUCT(E54:E70,$AH$54:$AH$70) -> 1293.5619 | F71: =SUMPRODUCT(F54:F70,$AH$54:$AH$70) -> 961.956 | G71: =SUMPRODUCT(G54:G70,$AH$54:$AH$70) -> 1263.9272 | H71: =SUMPRODUCT(H54:H70,$AH$54:$AH$70) -> 961.956 | I71: =SUMPRODUCT(I54:I70,$AH$54:$AH$70) -> 1379.0906 | ... AF71: =SUMPRODUCT(AF54:AF70,$AH$54:$AH$70) -> 99.78262 | AH71: Итого: | AI71: =SUMPRODUCT(AG54:AG70,AH54:AH70) -> 29955.042 | AK71: Итого: | AL71: =SUMPRODUCT(AJ54:AJ70,AK54:AK70) -> 6335.4016 | AN71: Итого: | AO71: =SUMPRODUCT(AM54:AM70,AN54:AN70) -> 22836.257 | AQ71: Итого: | AR71: =SUMPRODUCT(AP54:AP70,AQ54:AQ70) -> 783.38341
A72: Всего с К зап, кг | B72: =B71*$AJ$2 -> 950.18638 | C72: =C71*$AJ$2 -> 778.8107 | D72: =D71*$AJ$2 -> 617.57575 | E72: =E71*$AJ$2 -> 1384.1112 | F72: =F71*$AJ$2 -> 1029.2929 | G72: =G71*$AJ$2 -> 1352.4021 | H72: =H71*$AJ$2 -> 1029.2929 | I72: =I71*$AJ$2 -> 1475.6269 | ... AF72: =AF71*$AJ$2 -> 106.7674 | AH72: Итого (кг): | AI72: =SUM(AI54:AI70) -> 32051.895 | AK72: Итого (кг): | AL72: =SUM(AL54:AL70) -> 6778.8797 | AN72: Итого (кг): | AO72: =SUM(AO54:AO70) -> 24434.795 | AQ72: Итого (кг): | AR72: =SUM(AR54:AR70) -> 838.22025
