Workbook

Sheet потребность
A1: Блок 14, ул. Токомбаева — потребность по этажам
A2: Арматура (чистая проектная масса, без запаса)
A3: Диаметр | B3: Ед. изм. | C3: 1 этаж (-0.050…+3.950) | F3: 2 этаж (+3.950…+7.550) | I3: 3 этаж (+7.550…+11.150) | L3: Итого 1–3 этаж | M3: Итого × К зап | N3: Заказ (раскрой поэтажно под прутки 11,7 м)
C4: Колонны, диафрагмы | D4: Плита перекрытия, балки, ригели, С-1 | E4: Лестницы и лест. рамы | F4: Колонны, диафрагмы | G4: Плита перекрытия, балки, ригели, С-1 | H4: Лестницы и лест. рамы | I4: Колонны, диафрагмы | J4: Плита перекрытия, балки, ригели, С-1 | K4: Лестницы и лест. рамы | N4: Прутков 11,7 м, шт | O4: Масса заказа, кг | P4: Отход, %
A5: Диаметр 32 А500С | B5: кг | C5: ='По осям'!AJ8*'По осям'!AK8 | D5: ='По осям'!AM8*'По осям'!AN8 | E5: ='По осям'!AP8*'По осям'!AQ8 | F5: ='По осям'!AJ54*'По осям'!AK54 | G5: ='По осям'!AM54*'По осям'!AN54 | H5: ='По осям'!AP54*'По осям'!AQ54 | I5: ='По осям'!AJ100*'По осям'!AK100 | J5: ='По осям'!AM100*'По осям'!AN100 | K5: ='По осям'!AP100*'По осям'!AQ100 | L5: =SUM(C5:K5) | M5: =L5*Исходные!$B$14 | N5: ='Раскрой 11,7м'!D666 | O5: ='Раскрой 11,7м'!E666 | P5: ='Раскрой 11,7м'!H666
A6: Диаметр 28 А500С | B6: кг | C6: ='По осям'!AJ9*'По осям'!AK9 | D6: ='По осям'!AM9*'По осям'!AN9 | E6: ='По осям'!AP9*'По осям'!AQ9 | F6: ='По осям'!AJ55*'По осям'!AK55 | G6: ='По осям'!AM55*'По осям'!AN55 | H6: ='По осям'!AP55*'По осям'!AQ55 | I6: ='По осям'!AJ101*'По осям'!AK101 | J6: ='По осям'!AM101*'По осям'!AN101 | K6: ='По осям'!AP101*'По осям'!AQ101 | L6: =SUM(C6:K6) | M6: =L6*Исходные!$B$14 | N6: ='Раскрой 11,7м'!D667 | O6: ='Раскрой 11,7м'!E667 | P6: ='Раскрой 11,7м'!H667
A7: Диаметр 25 А500С | B7: кг | C7: ='По осям'!AJ10*'По осям'!AK10 | D7: ='По осям'!AM10*'По осям'!AN10 | E7: ='По осям'!AP10*'По осям'!AQ10 | F7: ='По осям'!AJ56*'По осям'!AK56 | G7: ='По осям'!AM56*'По осям'!AN56 | H7: ='По осям'!AP56*'По осям'!AQ56 | I7: ='По осям'!AJ102*'По осям'!AK102 | J7: ='По осям'!AM102*'По осям'!AN102 | K7: ='По осям'!AP102*'По осям'!AQ102 | L7: =SUM(C7:K7) | M7: =L7*Исходные!$B$14 | N7: ='Раскрой 11,7м'!D668 | O7: ='Раскрой 11,7м'!E668 | P7: ='Раскрой 11,7м'!H668
A8: Диаметр 22 А500С | B8: кг | C8: ='По осям'!AJ11*'По осям'!AK11 | D8: ='По осям'!AM11*'По осям'!AN11 | E8: ='По осям'!AP11*'По осям'!AQ11 | F8: ='По осям'!AJ57*'По осям'!AK57 | G8: ='По осям'!AM57*'По осям'!AN57 | H8: ='По осям'!AP57*'По осям'!AQ57 | I8: ='По осям'!AJ103*'По осям'!AK103 | J8: ='По осям'!AM103*'По осям'!AN103 | K8: ='По осям'!AP103*'По осям'!AQ103 | L8: =SUM(C8:K8) | M8: =L8*Исходные!$B$14 | N8: ='Раскрой 11,7м'!D669 | O8: ='Раскрой 11,7м'!E669 | P8: ='Раскрой 11,7м'!H669
A9: Диаметр 20 А500С | B9: кг | C9: ='По осям'!AJ12*'По осям'!AK12 | D9: ='По осям'!AM12*'По осям'!AN12 | E9: ='По осям'!AP12*'По осям'!AQ12 | F9: ='По осям'!AJ58*'По осям'!AK58 | G9: ='По осям'!AM58*'По осям'!AN58 | H9: ='По осям'!AP58*'По осям'!AQ58 | I9: ='По осям'!AJ104*'По осям'!AK104 | J9: ='По осям'!AM104*'По осям'!AN104 | K9: ='По осям'!AP104*'По осям'!AQ104 | L9: =SUM(C9:K9) | M9: =L9*Исходные!$B$14 | N9: ='Раскрой 11,7м'!D670 | O9: ='Раскрой 11,7м'!E670 | P9: ='Раскрой 11,7м'!H670
A10: Диаметр 18 А500С | B10: кг | C10: ='По осям'!AJ13*'По осям'!AK13 | D10: ='По осям'!AM13*'По осям'!AN13 | E10: ='По осям'!AP13*'По осям'!AQ13 | F10: ='По осям'!AJ59*'По осям'!AK59 | G10: ='По осям'!AM59*'По осям'!AN59 | H10: ='По осям'!AP59*'По осям'!AQ59 | I10: ='По осям'!AJ105*'По осям'!AK105 | J10: ='По осям'!AM105*'По осям'!AN105 | K10: ='По осям'!AP105*'По осям'!AQ105 | L10: =SUM(C10:K10) | M10: =L10*Исходные!$B$14 | N10: ='Раскрой 11,7м'!D671 | O10: ='Раскрой 11,7м'!E671 | P10: ='Раскрой 11,7м'!H671
A11: Диаметр 16 А500С | B11: кг | C11: ='По осям'!AJ14*'По осям'!AK14 | D11: ='По осям'!AM14*'По осям'!AN14 | E11: ='По осям'!AP14*'По осям'!AQ14 | F11: ='По осям'!AJ60*'По осям'!AK60 | G11: ='По осям'!AM60*'По осям'!AN60 | H11: ='По осям'!AP60*'По осям'!AQ60 | I11: ='По осям'!AJ106*'По осям'!AK106 | J11: ='По осям'!AM106*'По осям'!AN106 | K11: ='По осям'!AP106*'По осям'!AQ106 | L11: =SUM(C11:K11) | M11: =L11*Исходные!$B$14 | N11: ='Раскрой 11,7м'!D672 | O11: ='Раскрой 11,7м'!E672 | P11: ='Раскрой 11,7м'!H672
A12: Диаметр 14 А500С | B12: кг | C12: ='По осям'!AJ15*'По осям'!AK15 | D12: ='По осям'!AM15*'По осям'!AN15 | E12: ='По осям'!AP15*'По осям'!AQ15 | F12: ='По осям'!AJ61*'По осям'!AK61 | G12: ='По осям'!AM61*'По осям'!AN61 | H12: ='По осям'!AP61*'По осям'!AQ61 | I12: ='По осям'!AJ107*'По осям'!AK107 | J12: ='По осям'!AM107*'По осям'!AN107 | K12: ='По осям'!AP107*'По осям'!AQ107 | L12: =SUM(C12:K12) | M12: =L12*Исходные!$B$14 | N12: ='Раскрой 11,7м'!D673 | O12: ='Раскрой 11,7м'!E673 | P12: ='Раскрой 11,7м'!H673
A13: Диаметр 12 А500С | B13: кг | C13: ='По осям'!AJ16*'По осям'!AK16 | D13: ='По осям'!AM16*'По осям'!AN16 | E13: ='По осям'!AP16*'По осям'!AQ16 | F13: ='По осям'!AJ62*'По осям'!AK62 | G13: ='По осям'!AM62*'По осям'!AN62 | H13: ='По осям'!AP62*'По осям'!AQ62 | I13: ='По осям'!AJ108*'По осям'!AK108 | J13: ='По осям'!AM108*'По осям'!AN108 | K13: ='По осям'!AP108*'По осям'!AQ108 | L13: =SUM(C13:K13) | M13: =L13*Исходные!$B$14 | N13: ='Раскрой 11,7м'!D674 | O13: ='Раскрой 11,7м'!E674 | P13: ='Раскрой 11,7м'!H674
A14: Диаметр 10 А500С | B14: кг | C14: ='По осям'!AJ17*'По осям'!AK17 | D14: ='По осям'!AM17*'По осям'!AN17 | E14: ='По осям'!AP17*'По осям'!AQ17 | F14: ='По осям'!AJ63*'По осям'!AK63 | G14: ='По осям'!AM63*'По осям'!AN63 | H14: ='По осям'!AP63*'По осям'!AQ63 | I14: ='По осям'!AJ109*'По осям'!AK109 | J14: ='По осям'!AM109*'По осям'!AN109 | K14: ='По осям'!AP109*'По осям'!AQ109 | L14: =SUM(C14:K14) | M14: =L14*Исходные!$B$14 | N14: ='Раскрой 11,7м'!D675 | O14: ='Раскрой 11,7м'!E675 | P14: ='Раскрой 11,7м'!H675
A15: Диаметр 8 А500С | B15: кг | C15: ='По осям'!AJ18*'По осям'!AK18 | D15: ='По осям'!AM18*'По осям'!AN18 | E15: ='По осям'!AP18*'По осям'!AQ18 | F15: ='По осям'!AJ64*'По осям'!AK64 | G15: ='По осям'!AM64*'По осям'!AN64 | H15: ='По осям'!AP64*'По осям'!AQ64 | I15: ='По осям'!AJ110*'По осям'!AK110 | J15: ='По осям'!AM110*'По осям'!AN110 | K15: ='По осям'!AP110*'По осям'!AQ110 | L15: =SUM(C15:K15) | M15: =L15*Исходные!$B$14 | N15: ='Раскрой 11,7м'!D676 | O15: ='Раскрой 11,7м'!E676 | P15: ='Раскрой 11,7м'!H676
A16: Диаметр 16 А240 | B16: кг | C16: ='По осям'!AJ19*'По осям'!AK19 | D16: ='По осям'!AM19*'По осям'!AN19 | E16: ='По осям'!AP19*'По осям'!AQ19 | F16: ='По осям'!AJ65*'По осям'!AK65 | G16: ='По осям'!AM65*'По осям'!AN65 | H16: ='По осям'!AP65*'По осям'!AQ65 | I16: ='По осям'!AJ111*'По осям'!AK111 | J16: ='По осям'!AM111*'По осям'!AN111 | K16: ='По осям'!AP111*'По осям'!AQ111 | L16: =SUM(C16:K16) | M16: =L16*Исходные!$B$14 | N16: ='Раскрой 11,7м'!D677 | O16: ='Раскрой 11,7м'!E677 | P16: ='Раскрой 11,7м'!H677
... A21: Сетка Ø5 Вр-I 100×100 (лестница) | B21: кг | C21: ='По осям'!AJ24*'По осям'!AK24 | D21: ='По осям'!AM24*'По осям'!AN24 | E21: ='По осям'!AP24*'По осям'!AQ24 | F21: ='По осям'!AJ70*'По осям'!AK70 | G21: ='По осям'!AM70*'По осям'!AN70 | H21: ='По осям'!AP70*'По осям'!AQ70 | I21: ='По осям'!AJ116*'По осям'!AK116 | J21: ='По осям'!AM116*'По осям'!AN116 | K21: ='По осям'!AP116*'По осям'!AQ116 | L21: =SUM(C21:K21) | M21: =L21*Исходные!$B$14 | N21: ='Раскрой 11,7м'!D682 | O21: ='Раскрой 11,7м'!E682 | P21: ='Раскрой 11,7м'!H682
A22: Итого: | B22: кг | C22: =SUM(C5:C21) | D22: =SUM(D5:D21) | E22: =SUM(E5:E21) | F22: =SUM(F5:F21) | G22: =SUM(G5:G21) | H22: =SUM(H5:H21) | I22: =SUM(I5:I21) | J22: =SUM(J5:J21) | ... O22: =SUM(O5:O21) | P22: ='Раскрой 11,7м'!H683
A23: Итого: | B23: т | C23: =C22/1000 | D23: =D22/1000 | E23: =E22/1000 | F23: =F22/1000 | G23: =G22/1000 | H23: =H22/1000 | I23: =I22/1000 | J23: =J22/1000 | ... M23: =M22/1000 | O23: =O22/1000
A24: Итого по этажу, кг | B24: кг | C24: =SUM(C22:E22) | F24: =SUM(F22:H22) | I24: =SUM(I22:K22) | L24: =L22
A25: Контроль: = «Ведомость» и «По осям» | L25: =ROUND(L22-Ведомость!P1274,1)+ROUND(L22-'По осям'!AI25-'По осям'!AI71-'По осям'!AI117,1) | M25: ← должно быть 0
A27: Бетон
A28: Марка | B28: Ед. изм. | C28: 1 этаж (-0.050…+3.950) | F28: 2 этаж (+3.950…+7.550) | I28: 3 этаж (+7.550…+11.150) | L28: Итого 1–3 этаж
C29: Колонны, диафрагмы | D29: Плита перекрытия, балки, ригели, С-1 | E29: Лестницы и лест. рамы | F29: Колонны, диафрагмы | G29: Плита перекрытия, балки, ригели, С-1 | H29: Лестницы и лест. рамы | I29: Колонны, диафрагмы | J29: Плита перекрытия, балки, ригели, С-1 | K29: Лестницы и лест. рамы
A30: В25 | B30: м3 | C30: ='По осям'!AL31 | D30: ='По осям'!AO31 | E30: ='По осям'!AR31 | F30: ='По осям'!AL77 | G30: ='По осям'!AO77 | H30: ='По осям'!AR77 | I30: ='По осям'!AL123 | J30: ='По осям'!AO123 | K30: ='По осям'!AR123 | L30: =SUM(C30:K30)
A32: Прочие материалы
A33: Наименование | B33: Ед. изм. | C33: 1 этаж (-0.050…+3.950) | F33: 2 этаж (+3.950…+7.550) | I33: 3 этаж (+7.550…+11.150) | L33: Итого 1–3 этаж
C34: Колонны, диафрагмы | D34: Плита перекрытия, балки, ригели, С-1 | E34: Лестницы и лест. рамы | F34: Колонны, диафрагмы | G34: Плита перекрытия, балки, ригели, С-1 | H34: Лестницы и лест. рамы | I34: Колонны, диафрагмы | J34: Плита перекрытия, балки, ригели, С-1 | K34: Лестницы и лест. рамы
A35: Анкерная шайба АШ-1 (14) | B35: шт. | C35: ='По осям'!AJ35 | D35: ='По осям'!AM35 | E35: ='По осям'!AP35 | F35: ='По осям'!AJ81 | G35: ='По осям'!AM81 | H35: ='По осям'!AP81 | I35: ='По осям'!AJ127 | J35: ='По осям'!AM127 | K35: ='По осям'!AP127 | L35: =SUM(C35:K35)
A36: Анкерная шайба АШ-2 (16) | B36: шт. | C36: ='По осям'!AJ36 | D36: ='По осям'!AM36 | E36: ='По осям'!AP36 | F36: ='По осям'!AJ82 | G36: ='По осям'!AM82 | H36: ='По осям'!AP82 | I36: ='По осям'!AJ128 | J36: ='По осям'!AM128 | K36: ='По осям'!AP128 | L36: =SUM(C36:K36)
A37: Анкерная шайба АШ-3 (18) | B37: шт. | C37: ='По осям'!AJ37 | D37: ='По осям'!AM37 | E37: ='По осям'!AP37 | F37: ='По осям'!AJ83 | G37: ='По осям'!AM83 | H37: ='По осям'!AP83 | I37: ='По осям'!AJ129 | J37: ='По осям'!AM129 | K37: ='По осям'!AP129 | L37: =SUM(C37:K37)
A38: Анкерная шайба АШ-4 (20) | B38: шт. | C38: ='По осям'!AJ38 | D38: ='По осям'!AM38 | E38: ='По осям'!AP38 | F38: ='По осям'!AJ84 | G38: ='По осям'!AM84 | H38: ='По осям'!AP84 | I38: ='По осям'!AJ130 | J38: ='По осям'!AM130 | K38: ='По осям'!AP130 | L38: =SUM(C38:K38)
A39: Анкерная шайба АШ-5 (22) | B39: шт. | C39: ='По осям'!AJ39 | D39: ='По осям'!AM39 | E39: ='По осям'!AP39 | F39: ='По осям'!AJ85 | G39: ='По осям'!AM85 | H39: ='По осям'!AP85 | I39: ='По осям'!AJ131 | J39: ='По осям'!AM131 | K39: ='По осям'!AP131 | L39: =SUM(C39:K39)
A40: Анкерная шайба АШ-6 (25) | B40: шт. | C40: ='По осям'!AJ40 | D40: ='По осям'!AM40 | E40: ='По осям'!AP40 | F40: ='По осям'!AJ86 | G40: ='По осям'!AM86 | H40: ='По осям'!AP86 | I40: ='По осям'!AJ132 | J40: ='По осям'!AM132 | K40: ='По осям'!AP132 | L40: =SUM(C40:K40)
A41: Анкерная шайба АШ-7 (28) | B41: шт. | C41: ='По осям'!AJ41 | D41: ='По осям'!AM41 | E41: ='По осям'!AP41 | F41: ='По осям'!AJ87 | G41: ='По осям'!AM87 | H41: ='По осям'!AP87 | I41: ='По осям'!AJ133 | J41: ='По осям'!AM133 | K41: ='По осям'!AP133 | L41: =SUM(C41:K41)
A42: Анкерная шайба АШ-8 (32) | B42: шт. | C42: ='По осям'!AJ42 | D42: ='По осям'!AM42 | E42: ='По осям'!AP42 | F42: ='По осям'!AJ88 | G42: ='По осям'!AM88 | H42: ='По осям'!AP88 | I42: ='По осям'!AJ134 | J42: ='По осям'!AM134 | K42: ='По осям'!AP134 | L42: =SUM(C42:K42)
A43: Ванночка d32 (стыков ванной сваркой) | B43: шт. | C43: ='По осям'!AJ43 | D43: ='По осям'!AM43 | E43: ='По осям'!AP43 | F43: ='По осям'!AJ89 | G43: ='По осям'!AM89 | H43: ='По осям'!AP89 | I43: ='По осям'!AJ135 | J43: ='По осям'!AM135 | K43: ='По осям'!AP135 | L43: =SUM(C43:K43)
A44: Ванночка d28 (стыков ванной сваркой) | B44: шт. | C44: ='По осям'!AJ44 | D44: ='По осям'!AM44 | E44: ='По осям'!AP44 | F44: ='По осям'!AJ90 | G44: ='По осям'!AM90 | H44: ='По осям'!AP90 | I44: ='По осям'!AJ136 | J44: ='По осям'!AM136 | K44: ='По осям'!AP136 | L44: =SUM(C44:K44)
A45: Ванночка d25 (стыков ванной сваркой) | B45: шт. | C45: ='По осям'!AJ45 | D45: ='По осям'!AM45 | E45: ='По осям'!AP45 | F45: ='По осям'!AJ91 | G45: ='По осям'!AM91 | H45: ='По осям'!AP91 | I45: ='По осям'!AJ137 | J45: ='По осям'!AM137 | K45: ='По осям'!AP137 | L45: =SUM(C45:K45)
A46: Ванночка d22 (стыков ванной сваркой) | B46: шт. | C46: ='По осям'!AJ46 | D46: ='По осям'!AM46 | E46: ='По осям'!AP46 | F46: ='По осям'!AJ92 | G46: ='По осям'!AM92 | H46: ='По осям'!AP92 | I46: ='По осям'!AJ138 | J46: ='По осям'!AM138 | K46: ='По осям'!AP138 | L46: =SUM(C46:K46)
A47: Ванночка d20 (стыков ванной сваркой) | B47: шт. | C47: ='По осям'!AJ47 | D47: ='По осям'!AM47 | E47: ='По осям'!AP47 | F47: ='По осям'!AJ93 | G47: ='По осям'!AM93 | H47: ='По осям'!AP93 | I47: ='По осям'!AJ139 | J47: ='По осям'!AM139 | K47: ='По осям'!AP139 | L47: =SUM(C47:K47)
A49: Примечания:
A50: 1. Колонки этажей — чистая проектная масса (с нахлёстами, где они нужны), без запаса. «Итого × К зап» — с коэффициентом из листа «Исходные» (1,07, как в вашем шаблоне).
A51: 2. Заказ — по фактическому раскрою под прутки 11,7 м поэтажно (лист «Раскрой 11,7м»); при совместном заказе этажей прутков меньше (там же, колонка «Справочно»).
A52: 3. Сетки-гребёнки С-1 отнесены к «плите, балкам, ригелям». Лестница: 1 этаж — марши 1, 2, площадка 1.920, Лрм-1; 2 этаж — марши 3, 4, площадка 5.800, Лрм-2; 3 этаж — марши 5, 6, площадка 9.400, Лрм-2.
A53: 4. Сомнительные места и принятые допущения — лист «Проверки».

Sheet По осям
A1: Блок 14, ул. Токомбаева — подсчёт арматуры по осям: 1–3 этаж (м.п. → кг) | AJ1: К зап | AK1: К зап бетон
A2: м.п. = SUMIFS из «Ведомости» (этаж, Ø, класс, колонка); Всего = м.п. × кг/м × К зап (как в шаблоне); чистая масса без запаса — отдельной строкой | AJ2: =Исходные!$B$14 | AK2: =Исходные!$B$15
A4: 1 ЭТАЖ | B4: Рамы | S4: Балки | V4: Перекрытие | AB4: Сетки С-1 | AC4: Лестничный марш | AJ4: Колонны, диафрагмы | AM4: Ригели, балки, плита, С-1 | AP4: Лестницы
A5: На отметке -0.050…+3.950 | B5: По оси А | C5: По оси А | D5: По оси А | E5: По оси А | F5: По оси Б | G5: По оси Б | H5: По оси В | I5: По оси В | J5: По оси Г | K5: По оси Г | L5: По оси Г | M5: По оси Г | N5: По оси Г | O5: По оси 1/5 | P5: По оси 2 | Q5: По оси 3 | R5: По оси 4 | S5: Основная | T5: Хомуты | U5: Допник | V5: Основная | W5: Хомуты | X5: Отверстия | Y5: Допник | AA5: Край | AB5: С-1 | AC5: Л1 | AD5: Л2 | AE5: Площадка | AF5: Рама | AG5: Итого: | AH5: Масса ед. кг | AI5: Всего | AJ5: Итого: | AK5: Масса ед. кг | AL5: Всего | AM5: Итого: | AN5: Масса ед. кг | AO5: Всего | AP5: Итого: | AQ5: Масса ед. кг | AR5: Всего
A6: (1 этаж) | B6: Дм-1 | C6: Дм-2 | D6: К 1-1 (3) | E6: Ригель 4-4 | F6: К 1-1 (5) | G6: Ригель 4-4 | H6: К 1-1 (5) | I6: Ригель 4-4 | J6: К 1-1 (2) | K6: Дм-3 | L6: Дм-4 | M6: Дм-5 | N6: Ригель 4-4 | O6: Ригель 5-5 (×2) | P6: Ригель 5-5 | Q6: Ригель 5-5 | R6: Ригель 5-5 | U6: Ø18 L=1200 | W6: Ф-1, шп. | Y6: Низ | Z6: Верх | AA6: сеч.6-6 | AB6: 200 шт | AC6: марш 1 | AD6: марш 2 | AE6: отм. 1.920 | AF6: Лрм-1 | AG6: (м.п.) | AI6: кг | AJ6: (м.п.) | AL6: кг | AM6: (м.п.) | AO6: кг | AP6: (м.п.) | AR6: кг
A7: Арматура, (м.п.)
A8: Диаметр 32 А500С, L=м.п. | B8: =SUMIFS(Ведомость!$N$5:$N$1270,Ведомость!$H$5:$H$1270,32,Ведомость!$I$5:$I$1270,"А500С",Ведомость!$V$5:$V$1270,"Дм-1",Ведомость!$W$5:$W$1270,1) | C8: =SUMIFS(Ведомость!$N$5:$N$1270,Ведомость!$H$5:$H$1270,32,Ведомость!$I$5:$I$1270,"А500С",Ведомость!$V$5:$V$1270,"Дм-2",Ведомость!$W$5:$W$1270,1) | D8: =SUMIFS(Ведомость!$N$5:$N$1270,Ведомость!$H$5:$H$1270,32,Ведомость!$I$5:$I$1270,"А500С",Ведомость!$V$5:$V$1270,"К-А",Ведомость!$W$5:$W$1270,1) | E8: =SUMIFS(Ведомость!$N$5:$N$1270,Ведомость!$H$5:$H$1270,32,Ведомость!$I$5:$I$1270,"А500С",Ведомость!$V$5:$V$1270,"Р-А",Ведомость!$W$5:$W$1270,1) | F8: =SUMIFS(Ведомость!$N$5:$N$1270,Ведомость!$H$5:$H$1270,32,Ведомость!$I$5:$I$1270,"А500С",Ведомость!$V$5:$V$1270,"К-Б",Ведомость!$W$5:$W$1270,1) | G8: =SUMIFS(Ведомость!$N$5:$N$1270,Ведомость!$H$5:$H$1270,32,Ведомость!$I$5:$I$1270,"А500С",Ведомость!$V$5:$V$1270,"Р-Б",Ведомость!$W$5:$W$1270,1) | H8: =SUMIFS(Ведомость!$N$5:$N$1270,Ведомость!$H$5:$H$1270,32,Ведомость!$I$5:$I$1270,"А500С",Ведомость!$V$5:$V$1270,"К-В",Ведомость!$W$5:$W$1270,1) | I8: =SUMIFS(Ведомость!$N$5:$N$1270,Ведомость!$H$5:$H$1270,32,Ведомость!$I$5:$I$1270,"А500С",Ведомость!$V$5:$V$1270,"Р-В",Ведомость!$W$5:$W$1270,1) | J8: =SUMIFS(Ведомость!$N$5:$N$1270,Ведомость!$H$5:$H$1270,32,Ведомость!$I$5:$I$1270,"А500С",Ведомость!$V$5:$V$1270,"К-Г",Ведомость!$W$5:$W$1270,1) | K8: =SUMIFS(Ведомость!$N$5:$N$1270,Ведомость!$H$5:$H$1270,32,Ведомость!$I$5:$I$1270,"А500С",Ведомость!$V$5:$V$1270,"Дм-3",Ведомость!$W$5:$W$1270,1) | L8: =SUMIFS(Ведомость!$N$5:$N$1270,Ведомость!$H$5:$H$1270,32,Ведомость!$I$5:$I$1270,"А500С",Ведомость!$V$5:$V$1270,"Дм-4",Ведомость!$W$5:$W$1270,1) | M8: =SUMIFS(Ведомость!$N$5:$N$1270,Ведомость!$H$5:$H$1270,32,Ведомость!$I$5:$I$1270,"А500С",Ведомость!$V$5:$V$1270,"Дм-5",Ведомость!$W$5:$W$1270,1) | N8: =SUMIFS(Ведомость!$N$5:$N$1270,Ведомость!$H$5:$H$1270,32,Ведомость!$I$5:$I$1270,"А500С",Ведомость!$V$5:$V$1270,"Р-Г",Ведомость!$W$5:$W$1270,1) | O8: =SUMIFS(Ведомость!$N$5:$N$1270,Ведомость!$H$5:$H$1270,32,Ведомость!$I$5:$I$1270,"А500С",Ведомость!$V$5:$V$1270,"Р-1, 5",Ведомость!$W$5:$W$1270,1) | P8: =SUMIFS(Ведомость!$N$5:$N$1270,Ведомость!$H$5:$H$1270,32,Ведомость!$I$5:$I$1270,"А500С",Ведомость!$V$5:$V$1270,"Р-2",Ведомость!$W$5:$W$1270,1) | Q8: =SUMIFS(Ведомость!$N$5:$N$1270,Ведомость!$H$5:$H$1270,32,Ведомость!$I$5:$I$1270,"А500С",Ведомость!$V$5:$V$1270,"Р-3",Ведомость!$W$5:$W$1270,1) | R8: =SUMIFS(Ведомость!$N$5:$N$1270,Ведомость!$H$5:$H$1270,32,Ведомость!$I$5:$I$1270,"А500С",Ведомость!$V$5:$V$1270,"Р-4",Ведомость!$W$5:$W$1270,1) | S8: =SUMIFS(Ведомость!$N$5:$N$1270,Ведомость!$H$5:$H$1270,32,Ведомость!$I$5:$I$1270,"А500С",Ведомость!$V$5:$V$1270,"Б-основная",Ведомость!$W$5:$W$1270,1) | T8: =SUMIFS(Ведомость!$N$5:$N$1270,Ведомость!$H$5:$H$1270,32,Ведомость!$I$5:$I$1270,"А500С",Ведомость!$V$5:$V$1270,"Б-хомуты",Ведомость!$W$5:$W$1270,1) | U8: =SUMIFS(Ведомость!$N$5:$N$1270,Ведомость!$H$5:$H$1270,32,Ведомость!$I$5:$I$1270,"А500С",Ведомость!$V$5:$V$1270,"Б-допник",Ведомость!$W$5:$W$1270,1) | V8: =SUMIFS(Ведомость!$N$5:$N$1270,Ведомость!$H$5:$H$1270,32,Ведомость!$I$5:$I$1270,"А500С",Ведомость!$V$5:$V$1270,"П-сетка",Ведомость!$W$5:$W$1270,1) | W8: =SUMIFS(Ведомость!$N$5:$N$1270,Ведомость!$H$5:$H$1270,32,Ведомость!$I$5:$I$1270,"А500С",Ведомость!$V$5:$V$1270,"П-фикс",Ведомость!$W$5:$W$1270,1) | X8: =SUMIFS(Ведомость!$N$5:$N$1270,Ведомость!$H$5:$H$1270,32,Ведомость!$I$5:$I$1270,"А500С",Ведомость!$V$5:$V$1270,"П-отв",Ведомость!$W$5:$W$1270,1) | Y8: =SUMIFS(Ведомость!$N$5:$N$1270,Ведомость!$H$5:$H$1270,32,Ведомость!$I$5:$I$1270,"А500С",Ведомость!$V$5:$V$1270,"П-доп-низ",Ведомость!$W$5:$W$1270,1) | Z8: =SUMIFS(Ведомость!$N$5:$N$1270,Ведомость!$H$5:$H$1270,32,Ведомость!$I$5:$I$1270,"А500С",Ведомость!$V$5:$V$1270,"П-доп-верх",Ведомость!$W$5:$W$1270,1) | AA8: =SUMIFS(Ведомость!$N$5:$N$1270,Ведомость!$H$5:$H$1270,32,Ведомость!$I$5:$I$1270,"А500С",Ведомость!$V$5:$V$1270,"П-край",Ведомость!$W$5:$W$1270,1) | AB8: =SUMIFS(Ведомость!$N$5:$N$1270,Ведомость!$H$5:$H$1270,32,Ведомость!$I$5:$I$1270,"А500С",Ведомость!$V$5:$V$1270,"С-1",Ведомость!$W$5:$W$1270,1) | AC8: =SUMIFS(Ведомость!$N$5:$N$1270,Ведомость!$H$5:$H$1270,32,Ведомость!$I$5:$I$1270,"А500С",Ведомость!$V$5:$V$1270,"Л1",Ведомость!$W$5:$W$1270,1) | AD8: =SUMIFS(Ведомость!$N$5:$N$1270,Ведомость!$H$5:$H$1270,32,Ведомость!$I$5:$I$1270,"А500С",Ведомость!$V$5:$V$1270,"Л2",Ведомость!$W$5:$W$1270,1) | AE8: =SUMIFS(Ведомость!$N$5:$N$1270,Ведомость!$H$5:$H$1270,32,Ведомость!$I$5:$I$1270,"А500С",Ведомость!$V$5:$V$1270,"Л-пл",Ведомость!$W$5:$W$1270,1) | AF8: =SUMIFS(Ведомость!$N$5:$N$1270,Ведомость!$H$5:$H$1270,32,Ведомость!$I$5:$I$1270,"А500С",Ведомость!$V$5:$V$1270,"Л-рама",Ведомость!$W$5:$W$1270,1) | AG8: =SUM(B8:AF8) | AH8: =IFERROR(INDEX(Исходные!$B$19:$B$31,MATCH(32,Исходные!$A$19:$A$31,0)),0) | AI8: =AG8*AH8*$AJ$2 | AJ8: =SUM(B8:D8,F8,H8,J8:M8) | AK8: =AH8 | AL8: =AJ8*AK8*$AJ$2 | AM8: =SUM(E8,G8,I8,N8:AB8) | AN8: =AH8 | AO8: =AM8*AN8*$AJ$2 | AP8: =SUM(AC8:AF8) | AQ8: =AH8 | AR8: =AP8*AQ8*$AJ$2
A9: Диаметр 28 А500С, L=м.п. | B9: =SUMIFS(Ведомость!$N$5:$N$1270,Ведомость!$H$5:$H$1270,28,Ведомость!$I$5:$I$1270,"А500С",Ведомость!$V$5:$V$1270,"Дм-1",Ведомость!$W$5:$W$1270,1) | C9: =SUMIFS(Ведомость!$N$5:$N$1270,Ведомость!$H$5:$H$1270,28,Ведомость!$I$5:$I$1270,"А500С",Ведомость!$V$5:$V$1270,"Дм-2",Ведомость!$W$5:$W$1270,1) | D9: =SUMIFS(Ведомость!$N$5:$N$1270,Ведомость!$H$5:$H$1270,28,Ведомость!$I$5:$I$1270,"А500С",Ведомость!$V$5:$V$1270,"К-А",Ведомость!$W$5:$W$1270,1) | E9: =SUMIFS(Ведомость!$N$5:$N$1270,Ведомость!$H$5:$H$1270,28,Ведомость!$I$5:$I$1270,"А500С",Ведомость!$V$5:$V$1270,"Р-А",Ведомость!$W$5:$W$1270,1) | F9: =SUMIFS(Ведомость!$N$5:$N$1270,Ведомость!$H$5:$H$1270,28,Ведомость!$I$5:$I$1270,"А500С",Ведомость!$V$5:$V$1270,"К-Б",Ведомость!$W$5:$W$1270,1) | G9: =SUMIFS(Ведомость!$N$5:$N$1270,Ведомость!$H$5:$H$1270,28,Ведомость!$I$5:$I$1270,"А500С",Ведомость!$V$5:$V$1270,"Р-Б",Ведомость!$W$5:$W$1270,1) | H9: =SUMIFS(Ведомость!$N$5:$N$1270,Ведомость!$H$5:$H$1270,28,Ведомость!$I$5:$I$1270,"А500С",Ведомость!$V$5:$V$1270,"К-В",Ведомость!$W$5:$W$1270,1) | I9: =SUMIFS(Ведомость!$N$5:$N$1270,Ведомость!$H$5:$H$1270,28,Ведомость!$I$5:$I$1270,"А500С",Ведомость!$V$5:$V$1270,"Р-В",Ведомость!$W$5:$W$1270,1) | J9: =SUMIFS(Ведомость!$N$5:$N$1270,Ведомость!$H$5:$H$1270,28,Ведомость!$I$5:$I$1270,"А500С",Ведомость!$V$5:$V$1270,"К-Г",Ведомость!$W$5:$W$1270,1) | K9: =SUMIFS(Ведомость!$N$5:$N$1270,Ведомость!$H$5:$H$1270,28,Ведомость!$I$5:$I$1270,"А500С",Ведомость!$V$5:$V$1270,"Дм-3",Ведомость!$W$5:$W$1270,1) | L9: =SUMIFS(Ведомость!$N$5:$N$1270,Ведомость!$H$5:$H$1270,28,Ведомость!$I$5:$I$1270,"А500С",Ведомость!$V$5:$V$1270,"Дм-4",Ведомость!$W$5:$W$1270,1) | M9: =SUMIFS(Ведомость!$N$5:$N$1270,Ведомость!$H$5:$H$1270,28,Ведомость!$I$5:$I$1270,"А500С",Ведомость!$V$5:$V$1270,"Дм-5",Ведомость!$W$5:$W$1270,1) | N9: =SUMIFS(Ведомость!$N$5:$N$1270,Ведомость!$H$5:$H$1270,28,Ведомость!$I$5:$I$1270,"А500С",Ведомость!$V$5:$V$1270,"Р-Г",Ведомость!$W$5:$W$1270,1) | O9: =SUMIFS(Ведомость!$N$5:$N$1270,Ведомость!$H$5:$H$1270,28,Ведомость!$I$5:$I$1270,"А500С",Ведомость!$V$5:$V$1270,"Р-1, 5",Ведомость!$W$5:$W$1270,1) | P9: =SUMIFS(Ведомость!$N$5:$N$1270,Ведомость!$H$5:$H$1270,28,Ведомость!$I$5:$I$1270,"А500С",Ведомость!$V$5:$V$1270,"Р-2",Ведомость!$W$5:$W$1270,1) | Q9: =SUMIFS(Ведомость!$N$5:$N$1270,Ведомость!$H$5:$H$1270,28,Ведомость!$I$5:$I$1270,"А500С",Ведомость!$V$5:$V$1270,"Р-3",Ведомость!$W$5:$W$1270,1) | R9: =SUMIFS(Ведомость!$N$5:$N$1270,Ведомость!$H$5:$H$1270,28,Ведомость!$I$5:$I$1270,"А500С",Ведомость!$V$5:$V$1270,"Р-4",Ведомость!$W$5:$W$1270,1) | S9: =SUMIFS(Ведомость!$N$5:$N$1270,Ведомость!$H$5:$H$1270,28,Ведомость!$I$5:$I$1270,"А500С",Ведомость!$V$5:$V$1270,"Б-основная",Ведомость!$W$5:$W$1270,1) | T9: =SUMIFS(Ведомость!$N$5:$N$1270,Ведомость!$H$5:$H$1270,28,Ведомость!$I$5:$I$1270,"А500С",Ведомость!$V$5:$V$1270,"Б-хомуты",Ведомость!$W$5:$W$1270,1) | U9: =SUMIFS(Ведомость!$N$5:$N$1270,Ведомость!$H$5:$H$1270,28,Ведомость!$I$5:$I$1270,"А500С",Ведомость!$V$5:$V$1270,"Б-допник",Ведомость!$W$5:$W$1270,1) | V9: =SUMIFS(Ведомость!$N$5:$N$1270,Ведомость!$H$5:$H$1270,28,Ведомость!$I$5:$I$1270,"А500С",Ведомость!$V$5:$V$1270,"П-сетка",Ведомость!$W$5:$W$1270,1) | W9: =SUMIFS(Ведомость!$N$5:$N$1270,Ведомость!$H$5:$H$1270,28,Ведомость!$I$5:$I$1270,"А500С",Ведомость!$V$5:$V$1270,"П-фикс",Ведомость!$W$5:$W$1270,1) | X9: =SUMIFS(Ведомость!$N$5:$N$1270,Ведомость!$H$5:$H$1270,28,Ведомость!$I$5:$I$1270,"А500С",Ведомость!$V$5:$V$1270,"П-отв",Ведомость!$W$5:$W$1270,1) | Y9: =SUMIFS(Ведомость!$N$5:$N$1270,Ведомость!$H$5:$H$1270,28,Ведомость!$I$5:$I$1270,"А500С",Ведомость!$V$5:$V$1270,"П-доп-низ",Ведомость!$W$5:$W$1270,1) | Z9: =SUMIFS(Ведомость!$N$5:$N$1270,Ведомость!$H$5:$H$1270,28,Ведомость!$I$5:$I$1270,"А500С",Ведомость!$V$5:$V$1270,"П-доп-верх",Ведомость!$W$5:$W$1270,1) | AA9: =SUMIFS(Ведомость!$N$5:$N$1270,Ведомость!$H$5:$H$1270,28,Ведомость!$I$5:$I$1270,"А500С",Ведомость!$V$5:$V$1270,"П-край",Ведомость!$W$5:$W$1270,1) | AB9: =SUMIFS(Ведомость!$N$5:$N$1270,Ведомость!$H$5:$H$1270,28,Ведомость!$I$5:$I$1270,"А500С",Ведомость!$V$5:$V$1270,"С-1",Ведомость!$W$5:$W$1270,1) | AC9: =SUMIFS(Ведомость!$N$5:$N$1270,Ведомость!$H$5:$H$1270,28,Ведомость!$I$5:$I$1270,"А500С",Ведомость!$V$5:$V$1270,"Л1",Ведомость!$W$5:$W$1270,1) | AD9: =SUMIFS(Ведомость!$N$5:$N$1270,Ведомость!$H$5:$H$1270,28,Ведомость!$I$5:$I$1270,"А500С",Ведомость!$V$5:$V$1270,"Л2",Ведомость!$W$5:$W$1270,1) | AE9: =SUMIFS(Ведомость!$N$5:$N$1270,Ведомость!$H$5:$H$1270,28,Ведомость!$I$5:$I$1270,"А500С",Ведомость!$V$5:$V$1270,"Л-пл",Ведомость!$W$5:$W$1270,1) | AF9: =SUMIFS(Ведомость!$N$5:$N$1270,Ведомость!$H$5:$H$1270,28,Ведомость!$I$5:$I$1270,"А500С",Ведомость!$V$5:$V$1270,"Л-рама",Ведомость!$W$5:$W$1270,1) | AG9: =SUM(B9:AF9) | AH9: =IFERROR(INDEX(Исходные!$B$19:$B$31,MATCH(28,Исходные!$A$19:$A$31,0)),0) | AI9: =AG9*AH9*$AJ$2 | AJ9: =SUM(B9:D9,F9,H9,J9:M9) | AK9: =AH9 | AL9: =AJ9*AK9*$AJ$2 | AM9: =SUM(E9,G9,I9,N9:AB9) | AN9: =AH9 | AO9: =AM9*AN9*$AJ$2 | AP9: =SUM(AC9:AF9) | AQ9: =AH9 | AR9: =AP9*AQ9*$AJ$2
A10: Диаметр 25 А500С, L=м.п. | B10: =SUMIFS(Ведомость!$N$5:$N$1270,Ведомость!$H$5:$H$1270,25,Ведомость!$I$5:$I$1270,"А500С",Ведомость!$V$5:$V$1270,"Дм-1",Ведомость!$W$5:$W$1270,1) | C10: =SUMIFS(Ведомость!$N$5:$N$1270,Ведомость!$H$5:$H$1270,25,Ведомость!$I$5:$I$1270,"А500С",Ведомость!$V$5:$V$1270,"Дм-2",Ведомость!$W$5:$W$1270,1) | D10: =SUMIFS(Ведомость!$N$5:$N$1270,Ведомость!$H$5:$H$1270,25,Ведомость!$I$5:$I$1270,"А500С",Ведомость!$V$5:$V$1270,"К-А",Ведомость!$W$5:$W$1270,1) | E10: =SUMIFS(Ведомость!$N$5:$N$1270,Ведомость!$H$5:$H$1270,25,Ведомость!$I$5:$I$1270,"А500С",Ведомость!$V$5:$V$1270,"Р-А",Ведомость!$W$5:$W$1270,1) | F10: =SUMIFS(Ведомость!$N$5:$N$1270,Ведомость!$H$5:$H$1270,25,Ведомость!$I$5:$I$1270,"А500С",Ведомость!$V$5:$V$1270,"К-Б",Ведомость!$W$5:$W$1270,1) | G10: =SUMIFS(Ведомость!$N$5:$N$1270,Ведомость!$H$5:$H$1270,25,Ведомость!$I$5:$I$1270,"А500С",Ведомость!$V$5:$V$1270,"Р-Б",Ведомость!$W$5:$W$1270,1) | H10: =SUMIFS(Ведомость!$N$5:$N$1270,Ведомость!$H$5:$H$1270,25,Ведомость!$I$5:$I$1270,"А500С",Ведомость!$V$5:$V$1270,"К-В",Ведомость!$W$5:$W$1270,1) | I10: =SUMIFS(Ведомость!$N$5:$N$1270,Ведомость!$H$5:$H$1270,25,Ведомость!$I$5:$I$1270,"А500С",Ведомость!$V$5:$V$1270,"Р-В",Ведомость!$W$5:$W$1270,1) | J10: =SUMIFS(Ведомость!$N$5:$N$1270,Ведомость!$H$5:$H$1270,25,Ведомость!$I$5:$I$1270,"А500С",Ведомость!$V$5:$V$1270,"К-Г",Ведомость!$W$5:$W$1270,1) | K10: =SUMIFS(Ведомость!$N$5:$N$1270,Ведомость!$H$5:$H$1270,25,Ведомость!$I$5:$I$1270,"А500С",Ведомость!$V$5:$V$1270,"Дм-3",Ведомость!$W$5:$W$1270,1) | L10: =SUMIFS(Ведомость!$N$5:$N$1270,Ведомость!$H$5:$H$1270,25,Ведомость!$I$5:$I$1270,"А500С",Ведомость!$V$5:$V$1270,"Дм-4",Ведомость!$W$5:$W$1270,1) | M10: =SUMIFS(Ведомость!$N$5:$N$1270,Ведомость!$H$5:$H$1270,25,Ведомость!$I$5:$I$1270,"А500С",Ведомость!$V$5:$V$1270,"Дм-5",Ведомость!$W$5:$W$1270,1) | N10: =SUMIFS(Ведомость!$N$5:$N$1270,Ведомость!$H$5:$H$1270,25,Ведомость!$I$5:$I$1270,"А500С",Ведомость!$V$5:$V$1270,"Р-Г",Ведомость!$W$5:$W$1270,1) | O10: =SUMIFS(Ведомость!$N$5:$N$1270,Ведомость!$H$5:$H$1270,25,Ведомость!$I$5:$I$1270,"А500С",Ведомость!$V$5:$V$1270,"Р-1, 5",Ведомость!$W$5:$W$1270,1) | P10: =SUMIFS(Ведомость!$N$5:$N$1270,Ведомость!$H$5:$H$1270,25,Ведомость!$I$5:$I$1270,"А500С",Ведомость!$V$5:$V$1270,"Р-2",Ведомость!$W$5:$W$1270,1) | Q10: =SUMIFS(Ведомость!$N$5:$N$1270,Ведомость!$H$5:$H$1270,25,Ведомость!$I$5:$I$1270,"А500С",Ведомость!$V$5:$V$1270,"Р-3",Ведомость!$W$5:$W$1270,1) | R10: =SUMIFS(Ведомость!$N$5:$N$1270,Ведомость!$H$5:$H$1270,25,Ведомость!$I$5:$I$1270,"А500С",Ведомость!$V$5:$V$1270,"Р-4",Ведомость!$W$5:$W$1270,1) | S10: =SUMIFS(Ведомость!$N$5:$N$1270,Ведомость!$H$5:$H$1270,25,Ведомость!$I$5:$I$1270,"А500С",Ведомость!$V$5:$V$1270,"Б-основная",Ведомость!$W$5:$W$1270,1) | T10: =SUMIFS(Ведомость!$N$5:$N$1270,Ведомость!$H$5:$H$1270,25,Ведомость!$I$5:$I$1270,"А500С",Ведомость!$V$5:$V$1270,"Б-хомуты",Ведомость!$W$5:$W$1270,1) | U10: =SUMIFS(Ведомость!$N$5:$N$1270,Ведомость!$H$5:$H$1270,25,Ведомость!$I$5:$I$1270,"А500С",Ведомость!$V$5:$V$1270,"Б-допник",Ведомость!$W$5:$W$1270,1) | V10: =SUMIFS(Ведомость!$N$5:$N$1270,Ведомость!$H$5:$H$1270,25,Ведомость!$I$5:$I$1270,"А500С",Ведомость!$V$5:$V$1270,"П-сетка",Ведомость!$W$5:$W$1270,1) | W10: =SUMIFS(Ведомость!$N$5:$N$1270,Ведомость!$H$5:$H$1270,25,Ведомость!$I$5:$I$1270,"А500С",Ведомость!$V$5:$V$1270,"П-фикс",Ведомость!$W$5:$W$1270,1) | X10: =SUMIFS(Ведомость!$N$5:$N$1270,Ведомость!$H$5:$H$1270,25,Ведомость!$I$5:$I$1270,"А500С",Ведомость!$V$5:$V$1270,"П-отв",Ведомость!$W$5:$W$1270,1) | Y10: =SUMIFS(Ведомость!$N$5:$N$1270,Ведомость!$H$5:$H$1270,25,Ведомость!$I$5:$I$1270,"А500С",Ведомость!$V$5:$V$1270,"П-доп-низ",Ведомость!$W$5:$W$1270,1) | Z10: =SUMIFS(Ведомость!$N$5:$N$1270,Ведомость!$H$5:$H$1270,25,Ведомость!$I$5:$I$1270,"А500С",Ведомость!$V$5:$V$1270,"П-доп-верх",Ведомость!$W$5:$W$1270,1) | AA10: =SUMIFS(Ведомость!$N$5:$N$1270,Ведомость!$H$5:$H$1270,25,Ведомость!$I$5:$I$1270,"А500С",Ведомость!$V$5:$V$1270,"П-край",Ведомость!$W$5:$W$1270,1) | AB10: =SUMIFS(Ведомость!$N$5:$N$1270,Ведомость!$H$5:$H$1270,25,Ведомость!$I$5:$I$1270,"А500С",Ведомость!$V$5:$V$1270,"С-1",Ведомость!$W$5:$W$1270,1) | AC10: =SUMIFS(Ведомость!$N$5:$N$1270,Ведомость!$H$5:$H$1270,25,Ведомость!$I$5:$I$1270,"А500С",Ведомость!$V$5:$V$1270,"Л1",Ведомость!$W$5:$W$1270,1) | AD10: =SUMIFS(Ведомость!$N$5:$N$1270,Ведомость!$H$5:$H$1270,25,Ведомость!$I$5:$I$1270,"А500С",Ведомость!$V$5:$V$1270,"Л2",Ведомость!$W$5:$W$1270,1) | AE10: =SUMIFS(Ведомость!$N$5:$N$1270,Ведомость!$H$5:$H$1270,25,Ведомость!$I$5:$I$1270,"А500С",Ведомость!$V$5:$V$1270,"Л-пл",Ведомость!$W$5:$W$1270,1) | AF10: =SUMIFS(Ведомость!$N$5:$N$1270,Ведомость!$H$5:$H$1270,25,Ведомость!$I$5:$I$1270,"А500С",Ведомость!$V$5:$V$1270,"Л-рама",Ведомость!$W$5:$W$1270,1) | AG10: =SUM(B10:AF10) | AH10: =IFERROR(INDEX(Исходные!$B$19:$B$31,MATCH(25,Исходные!$A$19:$A$31,0)),0) | AI10: =AG10*AH10*$AJ$2 | AJ10: =SUM(B10:D10,F10,H10,J10:M10) | AK10: =AH10 | AL10: =AJ10*AK10*$AJ$2 | AM10: =SUM(E10,G10,I10,N10:AB10) | AN10: =AH10 | AO10: =AM10*AN10*$AJ$2 | AP10: =SUM(AC10:AF10) | AQ10: =AH10 | AR10: =AP10*AQ10*$AJ$2
A11: Диаметр 22 А500С, L=м.п. | B11: =SUMIFS(Ведомость!$N$5:$N$1270,Ведомость!$H$5:$H$1270,22,Ведомость!$I$5:$I$1270,"А500С",Ведомость!$V$5:$V$1270,"Дм-1",Ведомость!$W$5:$W$1270,1) | C11: =SUMIFS(Ведомость!$N$5:$N$1270,Ведомость!$H$5:$H$1270,22,Ведомость!$I$5:$I$1270,"А500С",Ведомость!$V$5:$V$1270,"Дм-2",Ведомость!$W$5:$W$1270,1) | D11: =SUMIFS(Ведомость!$N$5:$N$1270,Ведомость!$H$5:$H$1270,22,Ведомость!$I$5:$I$1270,"А500С",Ведомость!$V$5:$V$1270,"К-А",Ведомость!$W$5:$W$1270,1) | E11: =SUMIFS(Ведомость!$N$5:$N$1270,Ведомость!$H$5:$H$1270,22,Ведомость!$I$5:$I$1270,"А500С",Ведомость!$V$5:$V$1270,"Р-А",Ведомость!$W$5:$W$1270,1) | F11: =SUMIFS(Ведомость!$N$5:$N$1270,Ведомость!$H$5:$H$1270,22,Ведомость!$I$5:$I$1270,"А500С",Ведомость!$V$5:$V$1270,"К-Б",Ведомость!$W$5:$W$1270,1) | G11: =SUMIFS(Ведомость!$N$5:$N$1270,Ведомость!$H$5:$H$1270,22,Ведомость!$I$5:$I$1270,"А500С",Ведомость!$V$5:$V$1270,"Р-Б",Ведомость!$W$5:$W$1270,1) | H11: =SUMIFS(Ведомость!$N$5:$N$1270,Ведомость!$H$5:$H$1270,22,Ведомость!$I$5:$I$1270,"А500С",Ведомость!$V$5:$V$1270,"К-В",Ведомость!$W$5:$W$1270,1) | I11: =SUMIFS(Ведомость!$N$5:$N$1270,Ведомость!$H$5:$H$1270,22,Ведомость!$I$5:$I$1270,"А500С",Ведомость!$V$5:$V$1270,"Р-В",Ведомость!$W$5:$W$1270,1) | J11: =SUMIFS(Ведомость!$N$5:$N$1270,Ведомость!$H$5:$H$1270,22,Ведомость!$I$5:$I$1270,"А500С",Ведомость!$V$5:$V$1270,"К-Г",Ведомость!$W$5:$W$1270,1) | K11: =SUMIFS(Ведомость!$N$5:$N$1270,Ведомость!$H$5:$H$1270,22,Ведомость!$I$5:$I$1270,"А500С",Ведомость!$V$5:$V$1270,"Дм-3",Ведомость!$W$5:$W$1270,1) | L11: =SUMIFS(Ведомость!$N$5:$N$1270,Ведомость!$H$5:$H$1270,22,Ведомость!$I$5:$I$1270,"А500С",Ведомость!$V$5:$V$1270,"Дм-4",Ведомость!$W$5:$W$1270,1) | M11: =SUMIFS(Ведомость!$N$5:$N$1270,Ведомость!$H$5:$H$1270,22,Ведомость!$I$5:$I$1270,"А500С",Ведомость!$V$5:$V$1270,"Дм-5",Ведомость!$W$5:$W$1270,1) | N11: =SUMIFS(Ведомость!$N$5:$N$1270,Ведомость!$H$5:$H$1270,22,Ведомость!$I$5:$I$1270,"А500С",Ведомость!$V$5:$V$1270,"Р-Г",Ведомость!$W$5:$W$1270,1) | O11: =SUMIFS(Ведомость!$N$5:$N$1270,Ведомость!$H$5:$H$1270,22,Ведомость!$I$5:$I$1270,"А500С",Ведомость!$V$5:$V$1270,"Р-1, 5",Ведомость!$W$5:$W$1270,1) | P11: =SUMIFS(Ведомость!$N$5:$N$1270,Ведомость!$H$5:$H$1270,22,Ведомость!$I$5:$I$1270,"А500С",Ведомость!$V$5:$V$1270,"Р-2",Ведомость!$W$5:$W$1270,1) | Q11: =SUMIFS(Ведомость!$N$5:$N$1270,Ведомость!$H$5:$H$1270,22,Ведомость!$I$5:$I$1270,"А500С",Ведомость!$V$5:$V$1270,"Р-3",Ведомость!$W$5:$W$1270,1) | R11: =SUMIFS(Ведомость!$N$5:$N$1270,Ведомость!$H$5:$H$1270,22,Ведомость!$I$5:$I$1270,"А500С",Ведомость!$V$5:$V$1270,"Р-4",Ведомость!$W$5:$W$1270,1) | S11: =SUMIFS(Ведомость!$N$5:$N$1270,Ведомость!$H$5:$H$1270,22,Ведомость!$I$5:$I$1270,"А500С",Ведомость!$V$5:$V$1270,"Б-основная",Ведомость!$W$5:$W$1270,1) | T11: =SUMIFS(Ведомость!$N$5:$N$1270,Ведомость!$H$5:$H$1270,22,Ведомость!$I$5:$I$1270,"А500С",Ведомость!$V$5:$V$1270,"Б-хомуты",Ведомость!$W$5:$W$1270,1) | U11: =SUMIFS(Ведомость!$N$5:$N$1270,Ведомость!$H$5:$H$1270,22,Ведомость!$I$5:$I$1270,"А500С",Ведомость!$V$5:$V$1270,"Б-допник",Ведомость!$W$5:$W$1270,1) | V11: =SUMIFS(Ведомость!$N$5:$N$1270,Ведомость!$H$5:$H$1270,22,Ведомость!$I$5:$I$1270,"А500С",Ведомость!$V$5:$V$1270,"П-сетка",Ведомость!$W$5:$W$1270,1) | W11: =SUMIFS(Ведомость!$N$5:$N$1270,Ведомость!$H$5:$H$1270,22,Ведомость!$I$5:$I$1270,"А500С",Ведомость!$V$5:$V$1270,"П-фикс",Ведомость!$W$5:$W$1270,1) | X11: =SUMIFS(Ведомость!$N$5:$N$1270,Ведомость!$H$5:$H$1270,22,Ведомость!$I$5:$I$1270,"А500С",Ведомость!$V$5:$V$1270,"П-отв",Ведомость!$W$5:$W$1270,1) | Y11: =SUMIFS(Ведомость!$N$5:$N$1270,Ведомость!$H$5:$H$1270,22,Ведомость!$I$5:$I$1270,"А500С",Ведомость!$V$5:$V$1270,"П-доп-низ",Ведомость!$W$5:$W$1270,1) | Z11: =SUMIFS(Ведомость!$N$5:$N$1270,Ведомость!$H$5:$H$1270,22,Ведомость!$I$5:$I$1270,"А500С",Ведомость!$V$5:$V$1270,"П-доп-верх",Ведомость!$W$5:$W$1270,1) | AA11: =SUMIFS(Ведомость!$N$5:$N$1270,Ведомость!$H$5:$H$1270,22,Ведомость!$I$5:$I$1270,"А500С",Ведомость!$V$5:$V$1270,"П-край",Ведомость!$W$5:$W$1270,1) | AB11: =SUMIFS(Ведомость!$N$5:$N$1270,Ведомость!$H$5:$H$1270,22,Ведомость!$I$5:$I$1270,"А500С",Ведомость!$V$5:$V$1270,"С-1",Ведомость!$W$5:$W$1270,1) | AC11: =SUMIFS(Ведомость!$N$5:$N$1270,Ведомость!$H$5:$H$1270,22,Ведомость!$I$5:$I$1270,"А500С",Ведомость!$V$5:$V$1270,"Л1",Ведомость!$W$5:$W$1270,1) | AD11: =SUMIFS(Ведомость!$N$5:$N$1270,Ведомость!$H$5:$H$1270,22,Ведомость!$I$5:$I$1270,"А500С",Ведомость!$V$5:$V$1270,"Л2",Ведомость!$W$5:$W$1270,1) | AE11: =SUMIFS(Ведомость!$N$5:$N$1270,Ведомость!$H$5:$H$1270,22,Ведомость!$I$5:$I$1270,"А500С",Ведомость!$V$5:$V$1270,"Л-пл",Ведомость!$W$5:$W$1270,1) | AF11: =SUMIFS(Ведомость!$N$5:$N$1270,Ведомость!$H$5:$H$1270,22,Ведомость!$I$5:$I$1270,"А500С",Ведомость!$V$5:$V$1270,"Л-рама",Ведомость!$W$5:$W$1270,1) | AG11: =SUM(B11:AF11) | AH11: =IFERROR(INDEX(Исходные!$B$19:$B$31,MATCH(22,Исходные!$A$19:$A$31,0)),0) | AI11: =AG11*AH11*$AJ$2 | AJ11: =SUM(B11:D11,F11,H11,J11:M11) | AK11: =AH11 | AL11: =AJ11*AK11*$AJ$2 | AM11: =SUM(E11,G11,I11,N11:AB11) | AN11: =AH11 | AO11: =AM11*AN11*$AJ$2 | AP11: =SUM(AC11:AF11) | AQ11: =AH11 | AR11: =AP11*AQ11*$AJ$2
A12: Диаметр 20 А500С, L=м.п. | B12: =SUMIFS(Ведомость!$N$5:$N$1270,Ведомость!$H$5:$H$1270,20,Ведомость!$I$5:$I$1270,"А500С",Ведомость!$V$5:$V$1270,"Дм-1",Ведомость!$W$5:$W$1270,1) | C12: =SUMIFS(Ведомость!$N$5:$N$1270,Ведомость!$H$5:$H$1270,20,Ведомость!$I$5:$I$1270,"А500С",Ведомость!$V$5:$V$1270,"Дм-2",Ведомость!$W$5:$W$1270,1) | D12: =SUMIFS(Ведомость!$N$5:$N$1270,Ведомость!$H$5:$H$1270,20,Ведомость!$I$5:$I$1270,"А500С",Ведомость!$V$5:$V$1270,"К-А",Ведомость!$W$5:$W$1270,1) | E12: =SUMIFS(Ведомость!$N$5:$N$1270,Ведомость!$H$5:$H$1270,20,Ведомость!$I$5:$I$1270,"А500С",Ведомость!$V$5:$V$1270,"Р-А",Ведомость!$W$5:$W$1270,1) | F12: =SUMIFS(Ведомость!$N$5:$N$1270,Ведомость!$H$5:$H$1270,20,Ведомость!$I$5:$I$1270,"А500С",Ведомость!$V$5:$V$1270,"К-Б",Ведомость!$W$5:$W$1270,1) | G12: =SUMIFS(Ведомость!$N$5:$N$1270,Ведомость!$H$5:$H$1270,20,Ведомость!$I$5:$I$1270,"А500С",Ведомость!$V$5:$V$1270,"Р-Б",Ведомость!$W$5:$W$1270,1) | H12: =SUMIFS(Ведомость!$N$5:$N$1270,Ведомость!$H$5:$H$1270,20,Ведомость!$I$5:$I$1270,"А500С",Ведомость!$V$5:$V$1270,"К-В",Ведомость!$W$5:$W$1270,1) | I12: =SUMIFS(Ведомость!$N$5:$N$1270,Ведомость!$H$5:$H$1270,20,Ведомость!$I$5:$I$1270,"А500С",Ведомость!$V$5:$V$1270,"Р-В",Ведомость!$W$5:$W$1270,1) | J12: =SUMIFS(Ведомость!$N$5:$N$1270,Ведомость!$H$5:$H$1270,20,Ведомость!$I$5:$I$1270,"А500С",Ведомость!$V$5:$V$1270,"К-Г",Ведомость!$W$5:$W$1270,1) | K12: =SUMIFS(Ведомость!$N$5:$N$1270,Ведомость!$H$5:$H$1270,20,Ведомость!$I$5:$I$1270,"А500С",Ведомость!$V$5:$V$1270,"Дм-3",Ведомость!$W$5:$W$1270,1) | L12: =SUMIFS(Ведомость!$N$5:$N$1270,Ведомость!$H$5:$H$1270,20,Ведомость!$I$5:$I$1270,"А500С",Ведомость!$V$5:$V$1270,"Дм-4",Ведомость!$W$5:$W$1270,1) | M12: =SUMIFS(Ведомость!$N$5:$N$1270,Ведомость!$H$5:$H$1270,20,Ведомость!$I$5:$I$1270,"А500С",Ведомость!$V$5:$V$1270,"Дм-5",Ведомость!$W$5:$W$1270,1) | N12: =SUMIFS(Ведомость!$N$5:$N$1270,Ведомость!$H$5:$H$1270,20,Ведомость!$I$5:$I$1270,"А500С",Ведомость!$V$5:$V$1270,"Р-Г",Ведомость!$W$5:$W$1270,1) | O12: =SUMIFS(Ведомость!$N$5:$N$1270,Ведомость!$H$5:$H$1270,20,Ведомость!$I$5:$I$1270,"А500С",Ведомость!$V$5:$V$1270,"Р-1, 5",Ведомость!$W$5:$W$1270,1) | P12: =SUMIFS(Ведомость!$N$5:$N$1270,Ведомость!$H$5:$H$1270,20,Ведомость!$I$5:$I$1270,"А500С",Ведомость!$V$5:$V$1270,"Р-2",Ведомость!$W$5:$W$1270,1) | Q12: =SUMIFS(Ведомость!$N$5:$N$1270,Ведомость!$H$5:$H$1270,20,Ведомость!$I$5:$I$1270,"А500С",Ведомость!$V$5:$V$1270,"Р-3",Ведомость!$W$5:$W$1270,1) | R12: =SUMIFS(Ведомость!$N$5:$N$1270,Ведомость!$H$5:$H$1270,20,Ведомость!$I$5:$I$1270,"А500С",Ведомость!$V$5:$V$1270,"Р-4",Ведомость!$W$5:$W$1270,1) | S12: =SUMIFS(Ведомость!$N$5:$N$1270,Ведомость!$H$5:$H$1270,20,Ведомость!$I$5:$I$1270,"А500С",Ведомость!$V$5:$V$1270,"Б-основная",Ведомость!$W$5:$W$1270,1) | T12: =SUMIFS(Ведомость!$N$5:$N$1270,Ведомость!$H$5:$H$1270,20,Ведомость!$I$5:$I$1270,"А500С",Ведомость!$V$5:$V$1270,"Б-хомуты",Ведомость!$W$5:$W$1270,1) | U12: =SUMIFS(Ведомость!$N$5:$N$1270,Ведомость!$H$5:$H$1270,20,Ведомость!$I$5:$I$1270,"А500С",Ведомость!$V$5:$V$1270,"Б-допник",Ведомость!$W$5:$W$1270,1) | V12: =SUMIFS(Ведомость!$N$5:$N$1270,Ведомость!$H$5:$H$1270,20,Ведомость!$I$5:$I$1270,"А500С",Ведомость!$V$5:$V$1270,"П-сетка",Ведомость!$W$5:$W$1270,1) | W12: =SUMIFS(Ведомость!$N$5:$N$1270,Ведомость!$H$5:$H$1270,20,Ведомость!$I$5:$I$1270,"А500С",Ведомость!$V$5:$V$1270,"П-фикс",Ведомость!$W$5:$W$1270,1) | X12: =SUMIFS(Ведомость!$N$5:$N$1270,Ведомость!$H$5:$H$1270,20,Ведомость!$I$5:$I$1270,"А500С",Ведомость!$V$5:$V$1270,"П-отв",Ведомость!$W$5:$W$1270,1) | Y12: =SUMIFS(Ведомость!$N$5:$N$1270,Ведомость!$H$5:$H$1270,20,Ведомость!$I$5:$I$1270,"А500С",Ведомость!$V$5:$V$1270,"П-доп-низ",Ведомость!$W$5:$W$1270,1) | Z12: =SUMIFS(Ведомость!$N$5:$N$1270,Ведомость!$H$5:$H$1270,20,Ведомость!$I$5:$I$1270,"А500С",Ведомость!$V$5:$V$1270,"П-доп-верх",Ведомость!$W$5:$W$1270,1) | AA12: =SUMIFS(Ведомость!$N$5:$N$1270,Ведомость!$H$5:$H$1270,20,Ведомость!$I$5:$I$1270,"А500С",Ведомость!$V$5:$V$1270,"П-край",Ведомость!$W$5:$W$1270,1) | AB12: =SUMIFS(Ведомость!$N$5:$N$1270,Ведомость!$H$5:$H$1270,20,Ведомость!$I$5:$I$1270,"А500С",Ведомость!$V$5:$V$1270,"С-1",Ведомость!$W$5:$W$1270,1) | AC12: =SUMIFS(Ведомость!$N$5:$N$1270,Ведомость!$H$5:$H$1270,20,Ведомость!$I$5:$I$1270,"А500С",Ведомость!$V$5:$V$1270,"Л1",Ведомость!$W$5:$W$1270,1) | AD12: =SUMIFS(Ведомость!$N$5:$N$1270,Ведомость!$H$5:$H$1270,20,Ведомость!$I$5:$I$1270,"А500С",Ведомость!$V$5:$V$1270,"Л2",Ведомость!$W$5:$W$1270,1) | AE12: =SUMIFS(Ведомость!$N$5:$N$1270,Ведомость!$H$5:$H$1270,20,Ведомость!$I$5:$I$1270,"А500С",Ведомость!$V$5:$V$1270,"Л-пл",Ведомость!$W$5:$W$1270,1) | AF12: =SUMIFS(Ведомость!$N$5:$N$1270,Ведомость!$H$5:$H$1270,20,Ведомость!$I$5:$I$1270,"А500С",Ведомость!$V$5:$V$1270,"Л-рама",Ведомость!$W$5:$W$1270,1) | AG12: =SUM(B12:AF12) | AH12: =IFERROR(INDEX(Исходные!$B$19:$B$31,MATCH(20,Исходные!$A$19:$A$31,0)),0) | AI12: =AG12*AH12*$AJ$2 | AJ12: =SUM(B12:D12,F12,H12,J12:M12) | AK12: =AH12 | AL12: =AJ12*AK12*$AJ$2 | AM12: =SUM(E12,G12,I12,N12:AB12) | AN12: =AH12 | AO12: =AM12*AN12*$AJ$2 | AP12: =SUM(AC12:AF12) | AQ12: =AH12 | AR12: =AP12*AQ12*$AJ$2
A13: Диаметр 18 А500С, L=м.п. | B13: =SUMIFS(Ведомость!$N$5:$N$1270,Ведомость!$H$5:$H$1270,18,Ведомость!$I$5:$I$1270,"А500С",Ведомость!$V$5:$V$1270,"Дм-1",Ведомость!$W$5:$W$1270,1) | C13: =SUMIFS(Ведомость!$N$5:$N$1270,Ведомость!$H$5:$H$1270,18,Ведомость!$I$5:$I$1270,"А500С",Ведомость!$V$5:$V$1270,"Дм-2",Ведомость!$W$5:$W$1270,1) | D13: =SUMIFS(Ведомость!$N$5:$N$1270,Ведомость!$H$5:$H$1270,18,Ведомость!$I$5:$I$1270,"А500С",Ведомость!$V$5:$V$1270,"К-А",Ведомость!$W$5:$W$1270,1) | E13: =SUMIFS(Ведомость!$N$5:$N$1270,Ведомость!$H$5:$H$1270,18,Ведомость!$I$5:$I$1270,"А500С",Ведомость!$V$5:$V$1270,"Р-А",Ведомость!$W$5:$W$1270,1) | F13: =SUMIFS(Ведомость!$N$5:$N$1270,Ведомость!$H$5:$H$1270,18,Ведомость!$I$5:$I$1270,"А500С",Ведомость!$V$5:$V$1270,"К-Б",Ведомость!$W$5:$W$1270,1) | G13: =SUMIFS(Ведомость!$N$5:$N$1270,Ведомость!$H$5:$H$1270,18,Ведомость!$I$5:$I$1270,"А500С",Ведомость!$V$5:$V$1270,"Р-Б",Ведомость!$W$5:$W$1270,1) | H13: =SUMIFS(Ведомость!$N$5:$N$1270,Ведомость!$H$5:$H$1270,18,Ведомость!$I$5:$I$1270,"А500С",Ведомость!$V$5:$V$1270,"К-В",Ведомость!$W$5:$W$1270,1) | I13: =SUMIFS(Ведомость!$N$5:$N$1270,Ведомость!$H$5:$H$1270,18,Ведомость!$I$5:$I$1270,"А500С",Ведомость!$V$5:$V$1270,"Р-В",Ведомость!$W$5:$W$1270,1) | J13: =SUMIFS(Ведомость!$N$5:$N$1270,Ведомость!$H$5:$H$1270,18,Ведомость!$I$5:$I$1270,"А500С",Ведомость!$V$5:$V$1270,"К-Г",Ведомость!$W$5:$W$1270,1) | K13: =SUMIFS(Ведомость!$N$5:$N$1270,Ведомость!$H$5:$H$1270,18,Ведомость!$I$5:$I$1270,"А500С",Ведомость!$V$5:$V$1270,"Дм-3",Ведомость!$W$5:$W$1270,1) | L13: =SUMIFS(Ведомость!$N$5:$N$1270,Ведомость!$H$5:$H$1270,18,Ведомость!$I$5:$I$1270,"А500С",Ведомость!$V$5:$V$1270,"Дм-4",Ведомость!$W$5:$W$1270,1) | M13: =SUMIFS(Ведомость!$N$5:$N$1270,Ведомость!$H$5:$H$1270,18,Ведомость!$I$5:$I$1270,"А500С",Ведомость!$V$5:$V$1270,"Дм-5",Ведомость!$W$5:$W$1270,1) | N13: =SUMIFS(Ведомость!$N$5:$N$1270,Ведомость!$H$5:$H$1270,18,Ведомость!$I$5:$I$1270,"А500С",Ведомость!$V$5:$V$1270,"Р-Г",Ведомость!$W$5:$W$1270,1) | O13: =SUMIFS(Ведомость!$N$5:$N$1270,Ведомость!$H$5:$H$1270,18,Ведомость!$I$5:$I$1270,"А500С",Ведомость!$V$5:$V$1270,"Р-1, 5",Ведомость!$W$5:$W$1270,1) | P13: =SUMIFS(Ведомость!$N$5:$N$1270,Ведомость!$H$5:$H$1270,18,Ведомость!$I$5:$I$1270,"А500С",Ведомость!$V$5:$V$1270,"Р-2",Ведомость!$W$5:$W$1270,1) | Q13: =SUMIFS(Ведомость!$N$5:$N$1270,Ведомость!$H$5:$H$1270,18,Ведомость!$I$5:$I$1270,"А500С",Ведомость!$V$5:$V$1270,"Р-3",Ведомость!$W$5:$W$1270,1) | R13: =SUMIFS(Ведомость!$N$5:$N$1270,Ведомость!$H$5:$H$1270,18,Ведомость!$I$5:$I$1270,"А500С",Ведомость!$V$5:$V$1270,"Р-4",Ведомость!$W$5:$W$1270,1) | S13: =SUMIFS(Ведомость!$N$5:$N$1270,Ведомость!$H$5:$H$1270,18,Ведомость!$I$5:$I$1270,"А500С",Ведомость!$V$5:$V$1270,"Б-основная",Ведомость!$W$5:$W$1270,1) | T13: =SUMIFS(Ведомость!$N$5:$N$1270,Ведомость!$H$5:$H$1270,18,Ведомость!$I$5:$I$1270,"А500С",Ведомость!$V$5:$V$1270,"Б-хомуты",Ведомость!$W$5:$W$1270,1) | U13: =SUMIFS(Ведомость!$N$5:$N$1270,Ведомость!$H$5:$H$1270,18,Ведомость!$I$5:$I$1270,"А500С",Ведомость!$V$5:$V$1270,"Б-допник",Ведомость!$W$5:$W$1270,1) | V13: =SUMIFS(Ведомость!$N$5:$N$1270,Ведомость!$H$5:$H$1270,18,Ведомость!$I$5:$I$1270,"А500С",Ведомость!$V$5:$V$1270,"П-сетка",Ведомость!$W$5:$W$1270,1) | W13: =SUMIFS(Ведомость!$N$5:$N$1270,Ведомость!$H$5:$H$1270,18,Ведомость!$I$5:$I$1270,"А500С",Ведомость!$V$5:$V$1270,"П-фикс",Ведомость!$W$5:$W$1270,1) | X13: =SUMIFS(Ведомость!$N$5:$N$1270,Ведомость!$H$5:$H$1270,18,Ведомость!$I$5:$I$1270,"А500С",Ведомость!$V$5:$V$1270,"П-отв",Ведомость!$W$5:$W$1270,1) | Y13: =SUMIFS(Ведомость!$N$5:$N$1270,Ведомость!$H$5:$H$1270,18,Ведомость!$I$5:$I$1270,"А500С",Ведомость!$V$5:$V$1270,"П-доп-низ",Ведомость!$W$5:$W$1270,1) | Z13: =SUMIFS(Ведомость!$N$5:$N$1270,Ведомость!$H$5:$H$1270,18,Ведомость!$I$5:$I$1270,"А500С",Ведомость!$V$5:$V$1270,"П-доп-верх",Ведомость!$W$5:$W$1270,1) | AA13: =SUMIFS(Ведомость!$N$5:$N$1270,Ведомость!$H$5:$H$1270,18,Ведомость!$I$5:$I$1270,"А500С",Ведомость!$V$5:$V$1270,"П-край",Ведомость!$W$5:$W$1270,1) | AB13: =SUMIFS(Ведомость!$N$5:$N$1270,Ведомость!$H$5:$H$1270,18,Ведомость!$I$5:$I$1270,"А500С",Ведомость!$V$5:$V$1270,"С-1",Ведомость!$W$5:$W$1270,1) | AC13: =SUMIFS(Ведомость!$N$5:$N$1270,Ведомость!$H$5:$H$1270,18,Ведомость!$I$5:$I$1270,"А500С",Ведомость!$V$5:$V$1270,"Л1",Ведомость!$W$5:$W$1270,1) | AD13: =SUMIFS(Ведомость!$N$5:$N$1270,Ведомость!$H$5:$H$1270,18,Ведомость!$I$5:$I$1270,"А500С",Ведомость!$V$5:$V$1270,"Л2",Ведомость!$W$5:$W$1270,1) | AE13: =SUMIFS(Ведомость!$N$5:$N$1270,Ведомость!$H$5:$H$1270,18,Ведомость!$I$5:$I$1270,"А500С",Ведомость!$V$5:$V$1270,"Л-пл",Ведомость!$W$5:$W$1270,1) | AF13: =SUMIFS(Ведомость!$N$5:$N$1270,Ведомость!$H$5:$H$1270,18,Ведомость!$I$5:$I$1270,"А500С",Ведомость!$V$5:$V$1270,"Л-рама",Ведомость!$W$5:$W$1270,1) | AG13: =SUM(B13:AF13) | AH13: =IFERROR(INDEX(Исходные!$B$19:$B$31,MATCH(18,Исходные!$A$19:$A$31,0)),0) | AI13: =AG13*AH13*$AJ$2 | AJ13: =SUM(B13:D13,F13,H13,J13:M13) | AK13: =AH13 | AL13: =AJ13*AK13*$AJ$2 | AM13: =SUM(E13,G13,I13,N13:AB13) | AN13: =AH13 | AO13: =AM13*AN13*$AJ$2 | AP13: =SUM(AC13:AF13) | AQ13: =AH13 | AR13: =AP13*AQ13*$AJ$2
A14: Диаметр 16 А500С, L=м.п. | B14: =SUMIFS(Ведомость!$N$5:$N$1270,Ведомость!$H$5:$H$1270,16,Ведомость!$I$5:$I$1270,"А500С",Ведомость!$V$5:$V$1270,"Дм-1",Ведомость!$W$5:$W$1270,1) | C14: =SUMIFS(Ведомость!$N$5:$N$1270,Ведомость!$H$5:$H$1270,16,Ведомость!$I$5:$I$1270,"А500С",Ведомость!$V$5:$V$1270,"Дм-2",Ведомость!$W$5:$W$1270,1) | D14: =SUMIFS(Ведомость!$N$5:$N$1270,Ведомость!$H$5:$H$1270,16,Ведомость!$I$5:$I$1270,"А500С",Ведомость!$V$5:$V$1270,"К-А",Ведомость!$W$5:$W$1270,1) | E14: =SUMIFS(Ведомость!$N$5:$N$1270,Ведомость!$H$5:$H$1270,16,Ведомость!$I$5:$I$1270,"А500С",Ведомость!$V$5:$V$1270,"Р-А",Ведомость!$W$5:$W$1270,1) | F14: =SUMIFS(Ведомость!$N$5:$N$1270,Ведомость!$H$5:$H$1270,16,Ведомость!$I$5:$I$1270,"А500С",Ведомость!$V$5:$V$1270,"К-Б",Ведомость!$W$5:$W$1270,1) | G14: =SUMIFS(Ведомость!$N$5:$N$1270,Ведомость!$H$5:$H$1270,16,Ведомость!$I$5:$I$1270,"А500С",Ведомость!$V$5:$V$1270,"Р-Б",Ведомость!$W$5:$W$1270,1) | H14: =SUMIFS(Ведомость!$N$5:$N$1270,Ведомость!$H$5:$H$1270,16,Ведомость!$I$5:$I$1270,"А500С",Ведомость!$V$5:$V$1270,"К-В",Ведомость!$W$5:$W$1270,1) | I14: =SUMIFS(Ведомость!$N$5:$N$1270,Ведомость!$H$5:$H$1270,16,Ведомость!$I$5:$I$1270,"А500С",Ведомость!$V$5:$V$1270,"Р-В",Ведомость!$W$5:$W$1270,1) | J14: =SUMIFS(Ведомость!$N$5:$N$1270,Ведомость!$H$5:$H$1270,16,Ведомость!$I$5:$I$1270,"А500С",Ведомость!$V$5:$V$1270,"К-Г",Ведомость!$W$5:$W$1270,1) | K14: =SUMIFS(Ведомость!$N$5:$N$1270,Ведомость!$H$5:$H$1270,16,Ведомость!$I$5:$I$1270,"А500С",Ведомость!$V$5:$V$1270,"Дм-3",Ведомость!$W$5:$W$1270,1) | L14: =SUMIFS(Ведомость!$N$5:$N$1270,Ведомость!$H$5:$H$1270,16,Ведомость!$I$5:$I$1270,"А500С",Ведомость!$V$5:$V$1270,"Дм-4",Ведомость!$W$5:$W$1270,1) | M14: =SUMIFS(Ведомость!$N$5:$N$1270,Ведомость!$H$5:$H$1270,16,Ведомость!$I$5:$I$1270,"А500С",Ведомость!$V$5:$V$1270,"Дм-5",Ведомость!$W$5:$W$1270,1) | N14: =SUMIFS(Ведомость!$N$5:$N$1270,Ведомость!$H$5:$H$1270,16,Ведомость!$I$5:$I$1270,"А500С",Ведомость!$V$5:$V$1270,"Р-Г",Ведомость!$W$5:$W$1270,1) | O14: =SUMIFS(Ведомость!$N$5:$N$1270,Ведомость!$H$5:$H$1270,16,Ведомость!$I$5:$I$1270,"А500С",Ведомость!$V$5:$V$1270,"Р-1, 5",Ведомость!$W$5:$W$1270,1) | P14: =SUMIFS(Ведомость!$N$5:$N$1270,Ведомость!$H$5:$H$1270,16,Ведомость!$I$5:$I$1270,"А500С",Ведомость!$V$5:$V$1270,"Р-2",Ведомость!$W$5:$W$1270,1) | Q14: =SUMIFS(Ведомость!$N$5:$N$1270,Ведомость!$H$5:$H$1270,16,Ведомость!$I$5:$I$1270,"А500С",Ведомость!$V$5:$V$1270,"Р-3",Ведомость!$W$5:$W$1270,1) | R14: =SUMIFS(Ведомость!$N$5:$N$1270,Ведомость!$H$5:$H$1270,16,Ведомость!$I$5:$I$1270,"А500С",Ведомость!$V$5:$V$1270,"Р-4",Ведомость!$W$5:$W$1270,1) | S14: =SUMIFS(Ведомость!$N$5:$N$1270,Ведомость!$H$5:$H$1270,16,Ведомость!$I$5:$I$1270,"А500С",Ведомость!$V$5:$V$1270,"Б-основная",Ведомость!$W$5:$W$1270,1) | T14: =SUMIFS(Ведомость!$N$5:$N$1270,Ведомость!$H$5:$H$1270,16,Ведомость!$I$5:$I$1270,"А500С",Ведомость!$V$5:$V$1270,"Б-хомуты",Ведомость!$W$5:$W$1270,1) | U14: =SUMIFS(Ведомость!$N$5:$N$1270,Ведомость!$H$5:$H$1270,16,Ведомость!$I$5:$I$1270,"А500С",Ведомость!$V$5:$V$1270,"Б-допник",Ведомость!$W$5:$W$1270,1) | V14: =SUMIFS(Ведомость!$N$5:$N$1270,Ведомость!$H$5:$H$1270,16,Ведомость!$I$5:$I$1270,"А500С",Ведомость!$V$5:$V$1270,"П-сетка",Ведомость!$W$5:$W$1270,1) | W14: =SUMIFS(Ведомость!$N$5:$N$1270,Ведомость!$H$5:$H$1270,16,Ведомость!$I$5:$I$1270,"А500С",Ведомость!$V$5:$V$1270,"П-фикс",Ведомость!$W$5:$W$1270,1) | X14: =SUMIFS(Ведомость!$N$5:$N$1270,Ведомость!$H$5:$H$1270,16,Ведомость!$I$5:$I$1270,"А500С",Ведомость!$V$5:$V$1270,"П-отв",Ведомость!$W$5:$W$1270,1) | Y14: =SUMIFS(Ведомость!$N$5:$N$1270,Ведомость!$H$5:$H$1270,16,Ведомость!$I$5:$I$1270,"А500С",Ведомость!$V$5:$V$1270,"П-доп-низ",Ведомость!$W$5:$W$1270,1) | Z14: =SUMIFS(Ведомость!$N$5:$N$1270,Ведомость!$H$5:$H$1270,16,Ведомость!$I$5:$I$1270,"А500С",Ведомость!$V$5:$V$1270,"П-доп-верх",Ведомость!$W$5:$W$1270,1) | AA14: =SUMIFS(Ведомость!$N$5:$N$1270,Ведомость!$H$5:$H$1270,16,Ведомость!$I$5:$I$1270,"А500С",Ведомость!$V$5:$V$1270,"П-край",Ведомость!$W$5:$W$1270,1) | AB14: =SUMIFS(Ведомость!$N$5:$N$1270,Ведомость!$H$5:$H$1270,16,Ведомость!$I$5:$I$1270,"А500С",Ведомость!$V$5:$V$1270,"С-1",Ведомость!$W$5:$W$1270,1) | AC14: =SUMIFS(Ведомость!$N$5:$N$1270,Ведомость!$H$5:$H$1270,16,Ведомость!$I$5:$I$1270,"А500С",Ведомость!$V$5:$V$1270,"Л1",Ведомость!$W$5:$W$1270,1) | AD14: =SUMIFS(Ведомость!$N$5:$N$1270,Ведомость!$H$5:$H$1270,16,Ведомость!$I$5:$I$1270,"А500С",Ведомость!$V$5:$V$1270,"Л2",Ведомость!$W$5:$W$1270,1) | AE14: =SUMIFS(Ведомость!$N$5:$N$1270,Ведомость!$H$5:$H$1270,16,Ведомость!$I$5:$I$1270,"А500С",Ведомость!$V$5:$V$1270,"Л-пл",Ведомость!$W$5:$W$1270,1) | AF14: =SUMIFS(Ведомость!$N$5:$N$1270,Ведомость!$H$5:$H$1270,16,Ведомость!$I$5:$I$1270,"А500С",Ведомость!$V$5:$V$1270,"Л-рама",Ведомость!$W$5:$W$1270,1) | AG14: =SUM(B14:AF14) | AH14: =IFERROR(INDEX(Исходные!$B$19:$B$31,MATCH(16,Исходные!$A$19:$A$31,0)),0) | AI14: =AG14*AH14*$AJ$2 | AJ14: =SUM(B14:D14,F14,H14,J14:M14) | AK14: =AH14 | AL14: =AJ14*AK14*$AJ$2 | AM14: =SUM(E14,G14,I14,N14:AB14) | AN14: =AH14 | AO14: =AM14*AN14*$AJ$2 | AP14: =SUM(AC14:AF14) | AQ14: =AH14 | AR14: =AP14*AQ14*$AJ$2
A15: Диаметр 14 А500С, L=м.п. | B15: =SUMIFS(Ведомость!$N$5:$N$1270,Ведомость!$H$5:$H$1270,14,Ведомость!$I$5:$I$1270,"А500С",Ведомость!$V$5:$V$1270,"Дм-1",Ведомость!$W$5:$W$1270,1) | C15: =SUMIFS(Ведомость!$N$5:$N$1270,Ведомость!$H$5:$H$1270,14,Ведомость!$I$5:$I$1270,"А500С",Ведомость!$V$5:$V$1270,"Дм-2",Ведомость!$W$5:$W$1270,1) | D15: =SUMIFS(Ведомость!$N$5:$N$1270,Ведомость!$H$5:$H$1270,14,Ведомость!$I$5:$I$1270,"А500С",Ведомость!$V$5:$V$1270,"К-А",Ведомость!$W$5:$W$1270,1) | E15: =SUMIFS(Ведомость!$N$5:$N$1270,Ведомость!$H$5:$H$1270,14,Ведомость!$I$5:$I$1270,"А500С",Ведомость!$V$5:$V$1270,"Р-А",Ведомость!$W$5:$W$1270,1) | F15: =SUMIFS(Ведомость!$N$5:$N$1270,Ведомость!$H$5:$H$1270,14,Ведомость!$I$5:$I$1270,"А500С",Ведомость!$V$5:$V$1270,"К-Б",Ведомость!$W$5:$W$1270,1) | G15: =SUMIFS(Ведомость!$N$5:$N$1270,Ведомость!$H$5:$H$1270,14,Ведомость!$I$5:$I$1270,"А500С",Ведомость!$V$5:$V$1270,"Р-Б",Ведомость!$W$5:$W$1270,1) | H15: =SUMIFS(Ведомость!$N$5:$N$1270,Ведомость!$H$5:$H$1270,14,Ведомость!$I$5:$I$1270,"А500С",Ведомость!$V$5:$V$1270,"К-В",Ведомость!$W$5:$W$1270,1) | I15: =SUMIFS(Ведомость!$N$5:$N$1270,Ведомость!$H$5:$H$1270,14,Ведомость!$I$5:$I$1270,"А500С",Ведомость!$V$5:$V$1270,"Р-В",Ведомость!$W$5:$W$1270,1) | J15: =SUMIFS(Ведомость!$N$5:$N$1270,Ведомость!$H$5:$H$1270,14,Ведомость!$I$5:$I$1270,"А500С",Ведомость!$V$5:$V$1270,"К-Г",Ведомость!$W$5:$W$1270,1) | K15: =SUMIFS(Ведомость!$N$5:$N$1270,Ведомость!$H$5:$H$1270,14,Ведомость!$I$5:$I$1270,"А500С",Ведомость!$V$5:$V$1270,"Дм-3",Ведомость!$W$5:$W$1270,1) | L15: =SUMIFS(Ведомость!$N$5:$N$1270,Ведомость!$H$5:$H$1270,14,Ведомость!$I$5:$I$1270,"А500С",Ведомость!$V$5:$V$1270,"Дм-4",Ведомость!$W$5:$W$1270,1) | M15: =SUMIFS(Ведомость!$N$5:$N$1270,Ведомость!$H$5:$H$1270,14,Ведомость!$I$5:$I$1270,"А500С",Ведомость!$V$5:$V$1270,"Дм-5",Ведомость!$W$5:$W$1270,1) | N15: =SUMIFS(Ведомость!$N$5:$N$1270,Ведомость!$H$5:$H$1270,14,Ведомость!$I$5:$I$1270,"А500С",Ведомость!$V$5:$V$1270,"Р-Г",Ведомость!$W$5:$W$1270,1) | O15: =SUMIFS(Ведомость!$N$5:$N$1270,Ведомость!$H$5:$H$1270,14,Ведомость!$I$5:$I$1270,"А500С",Ведомость!$V$5:$V$1270,"Р-1, 5",Ведомость!$W$5:$W$1270,1) | P15: =SUMIFS(Ведомость!$N$5:$N$1270,Ведомость!$H$5:$H$1270,14,Ведомость!$I$5:$I$1270,"А500С",Ведомость!$V$5:$V$1270,"Р-2",Ведомость!$W$5:$W$1270,1) | Q15: =SUMIFS(Ведомость!$N$5:$N$1270,Ведомость!$H$5:$H$1270,14,Ведомость!$I$5:$I$1270,"А500С",Ведомость!$V$5:$V$1270,"Р-3",Ведомость!$W$5:$W$1270,1) | R15: =SUMIFS(Ведомость!$N$5:$N$1270,Ведомость!$H$5:$H$1270,14,Ведомость!$I$5:$I$1270,"А500С",Ведомость!$V$5:$V$1270,"Р-4",Ведомость!$W$5:$W$1270,1) | S15: =SUMIFS(Ведомость!$N$5:$N$1270,Ведомость!$H$5:$H$1270,14,Ведомость!$I$5:$I$1270,"А500С",Ведомость!$V$5:$V$1270,"Б-основная",Ведомость!$W$5:$W$1270,1) | T15: =SUMIFS(Ведомость!$N$5:$N$1270,Ведомость!$H$5:$H$1270,14,Ведомость!$I$5:$I$1270,"А500С",Ведомость!$V$5:$V$1270,"Б-хомуты",Ведомость!$W$5:$W$1270,1) | U15: =SUMIFS(Ведомость!$N$5:$N$1270,Ведомость!$H$5:$H$1270,14,Ведомость!$I$5:$I$1270,"А500С",Ведомость!$V$5:$V$1270,"Б-допник",Ведомость!$W$5:$W$1270,1) | V15: =SUMIFS(Ведомость!$N$5:$N$1270,Ведомость!$H$5:$H$1270,14,Ведомость!$I$5:$I$1270,"А500С",Ведомость!$V$5:$V$1270,"П-сетка",Ведомость!$W$5:$W$1270,1) | W15: =SUMIFS(Ведомость!$N$5:$N$1270,Ведомость!$H$5:$H$1270,14,Ведомость!$I$5:$I$1270,"А500С",Ведомость!$V$5:$V$1270,"П-фикс",Ведомость!$W$5:$W$1270,1) | X15: =SUMIFS(Ведомость!$N$5:$N$1270,Ведомость!$H$5:$H$1270,14,Ведомость!$I$5:$I$1270,"А500С",Ведомость!$V$5:$V$1270,"П-отв",Ведомость!$W$5:$W$1270,1) | Y15: =SUMIFS(Ведомость!$N$5:$N$1270,Ведомость!$H$5:$H$1270,14,Ведомость!$I$5:$I$1270,"А500С",Ведомость!$V$5:$V$1270,"П-доп-низ",Ведомость!$W$5:$W$1270,1) | Z15: =SUMIFS(Ведомость!$N$5:$N$1270,Ведомость!$H$5:$H$1270,14,Ведомость!$I$5:$I$1270,"А500С",Ведомость!$V$5:$V$1270,"П-доп-верх",Ведомость!$W$5:$W$1270,1) | AA15: =SUMIFS(Ведомость!$N$5:$N$1270,Ведомость!$H$5:$H$1270,14,Ведомость!$I$5:$I$1270,"А500С",Ведомость!$V$5:$V$1270,"П-край",Ведомость!$W$5:$W$1270,1) | AB15: =SUMIFS(Ведомость!$N$5:$N$1270,Ведомость!$H$5:$H$1270,14,Ведомость!$I$5:$I$1270,"А500С",Ведомость!$V$5:$V$1270,"С-1",Ведомость!$W$5:$W$1270,1) | AC15: =SUMIFS(Ведомость!$N$5:$N$1270,Ведомость!$H$5:$H$1270,14,Ведомость!$I$5:$I$1270,"А500С",Ведомость!$V$5:$V$1270,"Л1",Ведомость!$W$5:$W$1270,1) | AD15: =SUMIFS(Ведомость!$N$5:$N$1270,Ведомость!$H$5:$H$1270,14,Ведомость!$I$5:$I$1270,"А500С",Ведомость!$V$5:$V$1270,"Л2",Ведомость!$W$5:$W$1270,1) | AE15: =SUMIFS(Ведомость!$N$5:$N$1270,Ведомость!$H$5:$H$1270,14,Ведомость!$I$5:$I$1270,"А500С",Ведомость!$V$5:$V$1270,"Л-пл",Ведомость!$W$5:$W$1270,1) | AF15: =SUMIFS(Ведомость!$N$5:$N$1270,Ведомость!$H$5:$H$1270,14,Ведомость!$I$5:$I$1270,"А500С",Ведомость!$V$5:$V$1270,"Л-рама",Ведомость!$W$5:$W$1270,1) | AG15: =SUM(B15:AF15) | AH15: =IFERROR(INDEX(Исходные!$B$19:$B$31,MATCH(14,Исходные!$A$19:$A$31,0)),0) | AI15: =AG15*AH15*$AJ$2 | AJ15: =SUM(B15:D15,F15,H15,J15:M15) | AK15: =AH15 | AL15: =AJ15*AK15*$AJ$2 | AM15: =SUM(E15,G15,I15,N15:AB15) | AN15: =AH15 | AO15: =AM15*AN15*$AJ$2 | AP15: =SUM(AC15:AF15) | AQ15: =AH15 | AR15: =AP15*AQ15*$AJ$2
A16: Диаметр 12 А500С, L=м.п. | B16: =SUMIFS(Ведомость!$N$5:$N$1270,Ведомость!$H$5:$H$1270,12,Ведомость!$I$5:$I$1270,"А500С",Ведомость!$V$5:$V$1270,"Дм-1",Ведомость!$W$5:$W$1270,1) | C16: =SUMIFS(Ведомость!$N$5:$N$1270,Ведомость!$H$5:$H$1270,12,Ведомость!$I$5:$I$1270,"А500С",Ведомость!$V$5:$V$1270,"Дм-2",Ведомость!$W$5:$W$1270,1) | D16: =SUMIFS(Ведомость!$N$5:$N$1270,Ведомость!$H$5:$H$1270,12,Ведомость!$I$5:$I$1270,"А500С",Ведомость!$V$5:$V$1270,"К-А",Ведомость!$W$5:$W$1270,1) | E16: =SUMIFS(Ведомость!$N$5:$N$1270,Ведомость!$H$5:$H$1270,12,Ведомость!$I$5:$I$1270,"А500С",Ведомость!$V$5:$V$1270,"Р-А",Ведомость!$W$5:$W$1270,1) | F16: =SUMIFS(Ведомость!$N$5:$N$1270,Ведомость!$H$5:$H$1270,12,Ведомость!$I$5:$I$1270,"А500С",Ведомость!$V$5:$V$1270,"К-Б",Ведомость!$W$5:$W$1270,1) | G16: =SUMIFS(Ведомость!$N$5:$N$1270,Ведомость!$H$5:$H$1270,12,Ведомость!$I$5:$I$1270,"А500С",Ведомость!$V$5:$V$1270,"Р-Б",Ведомость!$W$5:$W$1270,1) | H16: =SUMIFS(Ведомость!$N$5:$N$1270,Ведомость!$H$5:$H$1270,12,Ведомость!$I$5:$I$1270,"А500С",Ведомость!$V$5:$V$1270,"К-В",Ведомость!$W$5:$W$1270,1) | I16: =SUMIFS(Ведомость!$N$5:$N$1270,Ведомость!$H$5:$H$1270,12,Ведомость!$I$5:$I$1270,"А500С",Ведомость!$V$5:$V$1270,"Р-В",Ведомость!$W$5:$W$1270,1) | J16: =SUMIFS(Ведомость!$N$5:$N$1270,Ведомость!$H$5:$H$1270,12,Ведомость!$I$5:$I$1270,"А500С",Ведомость!$V$5:$V$1270,"К-Г",Ведомость!$W$5:$W$1270,1) | K16: =SUMIFS(Ведомость!$N$5:$N$1270,Ведомость!$H$5:$H$1270,12,Ведомость!$I$5:$I$1270,"А500С",Ведомость!$V$5:$V$1270,"Дм-3",Ведомость!$W$5:$W$1270,1) | L16: =SUMIFS(Ведомость!$N$5:$N$1270,Ведомость!$H$5:$H$1270,12,Ведомость!$I$5:$I$1270,"А500С",Ведомость!$V$5:$V$1270,"Дм-4",Ведомость!$W$5:$W$1270,1) | M16: =SUMIFS(Ведомость!$N$5:$N$1270,Ведомость!$H$5:$H$1270,12,Ведомость!$I$5:$I$1270,"А500С",Ведомость!$V$5:$V$1270,"Дм-5",Ведомость!$W$5:$W$1270,1) | N16: =SUMIFS(Ведомость!$N$5:$N$1270,Ведомость!$H$5:$H$1270,12,Ведомость!$I$5:$I$1270,"А500С",Ведомость!$V$5:$V$1270,"Р-Г",Ведомость!$W$5:$W$1270,1) | O16: =SUMIFS(Ведомость!$N$5:$N$1270,Ведомость!$H$5:$H$1270,12,Ведомость!$I$5:$I$1270,"А500С",Ведомость!$V$5:$V$1270,"Р-1, 5",Ведомость!$W$5:$W$1270,1) | P16: =SUMIFS(Ведомость!$N$5:$N$1270,Ведомость!$H$5:$H$1270,12,Ведомость!$I$5:$I$1270,"А500С",Ведомость!$V$5:$V$1270,"Р-2",Ведомость!$W$5:$W$1270,1) | Q16: =SUMIFS(Ведомость!$N$5:$N$1270,Ведомость!$H$5:$H$1270,12,Ведомость!$I$5:$I$1270,"А500С",Ведомость!$V$5:$V$1270,"Р-3",Ведомость!$W$5:$W$1270,1) | R16: =SUMIFS(Ведомость!$N$5:$N$1270,Ведомость!$H$5:$H$1270,12,Ведомость!$I$5:$I$1270,"А500С",Ведомость!$V$5:$V$1270,"Р-4",Ведомость!$W$5:$W$1270,1) | S16: =SUMIFS(Ведомость!$N$5:$N$1270,Ведомость!$H$5:$H$1270,12,Ведомость!$I$5:$I$1270,"А500С",Ведомость!$V$5:$V$1270,"Б-основная",Ведомость!$W$5:$W$1270,1) | T16: =SUMIFS(Ведомость!$N$5:$N$1270,Ведомость!$H$5:$H$1270,12,Ведомость!$I$5:$I$1270,"А500С",Ведомость!$V$5:$V$1270,"Б-хомуты",Ведомость!$W$5:$W$1270,1) | U16: =SUMIFS(Ведомость!$N$5:$N$1270,Ведомость!$H$5:$H$1270,12,Ведомость!$I$5:$I$1270,"А500С",Ведомость!$V$5:$V$1270,"Б-допник",Ведомость!$W$5:$W$1270,1) | V16: =SUMIFS(Ведомость!$N$5:$N$1270,Ведомость!$H$5:$H$1270,12,Ведомость!$I$5:$I$1270,"А500С",Ведомость!$V$5:$V$1270,"П-сетка",Ведомость!$W$5:$W$1270,1) | W16: =SUMIFS(Ведомость!$N$5:$N$1270,Ведомость!$H$5:$H$1270,12,Ведомость!$I$5:$I$1270,"А500С",Ведомость!$V$5:$V$1270,"П-фикс",Ведомость!$W$5:$W$1270,1) | X16: =SUMIFS(Ведомость!$N$5:$N$1270,Ведомость!$H$5:$H$1270,12,Ведомость!$I$5:$I$1270,"А500С",Ведомость!$V$5:$V$1270,"П-отв",Ведомость!$W$5:$W$1270,1) | Y16: =SUMIFS(Ведомость!$N$5:$N$1270,Ведомость!$H$5:$H$1270,12,Ведомость!$I$5:$I$1270,"А500С",Ведомость!$V$5:$V$1270,"П-доп-низ",Ведомость!$W$5:$W$1270,1) | Z16: =SUMIFS(Ведомость!$N$5:$N$1270,Ведомость!$H$5:$H$1270,12,Ведомость!$I$5:$I$1270,"А500С",Ведомость!$V$5:$V$1270,"П-доп-верх",Ведомость!$W$5:$W$1270,1) | AA16: =SUMIFS(Ведомость!$N$5:$N$1270,Ведомость!$H$5:$H$1270,12,Ведомость!$I$5:$I$1270,"А500С",Ведомость!$V$5:$V$1270,"П-край",Ведомость!$W$5:$W$1270,1) | AB16: =SUMIFS(Ведомость!$N$5:$N$1270,Ведомость!$H$5:$H$1270,12,Ведомость!$I$5:$I$1270,"А500С",Ведомость!$V$5:$V$1270,"С-1",Ведомость!$W$5:$W$1270,1) | AC16: =SUMIFS(Ведомость!$N$5:$N$1270,Ведомость!$H$5:$H$1270,12,Ведомость!$I$5:$I$1270,"А500С",Ведомость!$V$5:$V$1270,"Л1",Ведомость!$W$5:$W$1270,1) | AD16: =SUMIFS(Ведомость!$N$5:$N$1270,Ведомость!$H$5:$H$1270,12,Ведомость!$I$5:$I$1270,"А500С",Ведомость!$V$5:$V$1270,"Л2",Ведомость!$W$5:$W$1270,1) | AE16: =SUMIFS(Ведомость!$N$5:$N$1270,Ведомость!$H$5:$H$1270,12,Ведомость!$I$5:$I$1270,"А500С",Ведомость!$V$5:$V$1270,"Л-пл",Ведомость!$W$5:$W$1270,1) | AF16: =SUMIFS(Ведомость!$N$5:$N$1270,Ведомость!$H$5:$H$1270,12,Ведомость!$I$5:$I$1270,"А500С",Ведомость!$V$5:$V$1270,"Л-рама",Ведомость!$W$5:$W$1270,1) | AG16: =SUM(B16:AF16) | AH16: =IFERROR(INDEX(Исходные!$B$19:$B$31,MATCH(12,Исходные!$A$19:$A$31,0)),0) | AI16: =AG16*AH16*$AJ$2 | AJ16: =SUM(B16:D16,F16,H16,J16:M16) | AK16: =AH16 | AL16: =AJ16*AK16*$AJ$2 | AM16: =SUM(E16,G16,I16,N16:AB16) | AN16: =AH16 | AO16: =AM16*AN16*$AJ$2 | AP16: =SUM(AC16:AF16) | AQ16: =AH16 | AR16: =AP16*AQ16*$AJ$2
A17: Диаметр 10 А500С, L=м.п. | B17: =SUMIFS(Ведомость!$N$5:$N$1270,Ведомость!$H$5:$H$1270,10,Ведомость!$I$5:$I$1270,"А500С",Ведомость!$V$5:$V$1270,"Дм-1",Ведомость!$W$5:$W$1270,1) | C17: =SUMIFS(Ведомость!$N$5:$N$1270,Ведомость!$H$5:$H$1270,10,Ведомость!$I$5:$I$1270,"А500С",Ведомость!$V$5:$V$1270,"Дм-2",Ведомость!$W$5:$W$1270,1) | D17: =SUMIFS(Ведомость!$N$5:$N$1270,Ведомость!$H$5:$H$1270,10,Ведомость!$I$5:$I$1270,"А500С",Ведомость!$V$5:$V$1270,"К-А",Ведомость!$W$5:$W$1270,1) | E17: =SUMIFS(Ведомость!$N$5:$N$1270,Ведомость!$H$5:$H$1270,10,Ведомость!$I$5:$I$1270,"А500С",Ведомость!$V$5:$V$1270,"Р-А",Ведомость!$W$5:$W$1270,1) | F17: =SUMIFS(Ведомость!$N$5:$N$1270,Ведомость!$H$5:$H$1270,10,Ведомость!$I$5:$I$1270,"А500С",Ведомость!$V$5:$V$1270,"К-Б",Ведомость!$W$5:$W$1270,1) | G17: =SUMIFS(Ведомость!$N$5:$N$1270,Ведомость!$H$5:$H$1270,10,Ведомость!$I$5:$I$1270,"А500С",Ведомость!$V$5:$V$1270,"Р-Б",Ведомость!$W$5:$W$1270,1) | H17: =SUMIFS(Ведомость!$N$5:$N$1270,Ведомость!$H$5:$H$1270,10,Ведомость!$I$5:$I$1270,"А500С",Ведомость!$V$5:$V$1270,"К-В",Ведомость!$W$5:$W$1270,1) | I17: =SUMIFS(Ведомость!$N$5:$N$1270,Ведомость!$H$5:$H$1270,10,Ведомость!$I$5:$I$1270,"А500С",Ведомость!$V$5:$V$1270,"Р-В",Ведомость!$W$5:$W$1270,1) | J17: =SUMIFS(Ведомость!$N$5:$N$1270,Ведомость!$H$5:$H$1270,10,Ведомость!$I$5:$I$1270,"А500С",Ведомость!$V$5:$V$1270,"К-Г",Ведомость!$W$5:$W$1270,1) | K17: =SUMIFS(Ведомость!$N$5:$N$1270,Ведомость!$H$5:$H$1270,10,Ведомость!$I$5:$I$1270,"А500С",Ведомость!$V$5:$V$1270,"Дм-3",Ведомость!$W$5:$W$1270,1) | L17: =SUMIFS(Ведомость!$N$5:$N$1270,Ведомость!$H$5:$H$1270,10,Ведомость!$I$5:$I$1270,"А500С",Ведомость!$V$5:$V$1270,"Дм-4",Ведомость!$W$5:$W$1270,1) | M17: =SUMIFS(Ведомость!$N$5:$N$1270,Ведомость!$H$5:$H$1270,10,Ведомость!$I$5:$I$1270,"А500С",Ведомость!$V$5:$V$1270,"Дм-5",Ведомость!$W$5:$W$1270,1) | N17: =SUMIFS(Ведомость!$N$5:$N$1270,Ведомость!$H$5:$H$1270,10,Ведомость!$I$5:$I$1270,"А500С",Ведомость!$V$5:$V$1270,"Р-Г",Ведомость!$W$5:$W$1270,1) | O17: =SUMIFS(Ведомость!$N$5:$N$1270,Ведомость!$H$5:$H$1270,10,Ведомость!$I$5:$I$1270,"А500С",Ведомость!$V$5:$V$1270,"Р-1, 5",Ведомость!$W$5:$W$1270,1) | P17: =SUMIFS(Ведомость!$N$5:$N$1270,Ведомость!$H$5:$H$1270,10,Ведомость!$I$5:$I$1270,"А500С",Ведомость!$V$5:$V$1270,"Р-2",Ведомость!$W$5:$W$1270,1) | Q17: =SUMIFS(Ведомость!$N$5:$N$1270,Ведомость!$H$5:$H$1270,10,Ведомость!$I$5:$I$1270,"А500С",Ведомость!$V$5:$V$1270,"Р-3",Ведомость!$W$5:$W$1270,1) | R17: =SUMIFS(Ведомость!$N$5:$N$1270,Ведомость!$H$5:$H$1270,10,Ведомость!$I$5:$I$1270,"А500С",Ведомость!$V$5:$V$1270,"Р-4",Ведомость!$W$5:$W$1270,1) | S17: =SUMIFS(Ведомость!$N$5:$N$1270,Ведомость!$H$5:$H$1270,10,Ведомость!$I$5:$I$1270,"А500С",Ведомость!$V$5:$V$1270,"Б-основная",Ведомость!$W$5:$W$1270,1) | T17: =SUMIFS(Ведомость!$N$5:$N$1270,Ведомость!$H$5:$H$1270,10,Ведомость!$I$5:$I$1270,"А500С",Ведомость!$V$5:$V$1270,"Б-хомуты",Ведомость!$W$5:$W$1270,1) | U17: =SUMIFS(Ведомость!$N$5:$N$1270,Ведомость!$H$5:$H$1270,10,Ведомость!$I$5:$I$1270,"А500С",Ведомость!$V$5:$V$1270,"Б-допник",Ведомость!$W$5:$W$1270,1) | V17: =SUMIFS(Ведомость!$N$5:$N$1270,Ведомость!$H$5:$H$1270,10,Ведомость!$I$5:$I$1270,"А500С",Ведомость!$V$5:$V$1270,"П-сетка",Ведомость!$W$5:$W$1270,1) | W17: =SUMIFS(Ведомость!$N$5:$N$1270,Ведомость!$H$5:$H$1270,10,Ведомость!$I$5:$I$1270,"А500С",Ведомость!$V$5:$V$1270,"П-фикс",Ведомость!$W$5:$W$1270,1) | X17: =SUMIFS(Ведомость!$N$5:$N$1270,Ведомость!$H$5:$H$1270,10,Ведомость!$I$5:$I$1270,"А500С",Ведомость!$V$5:$V$1270,"П-отв",Ведомость!$W$5:$W$1270,1) | Y17: =SUMIFS(Ведомость!$N$5:$N$1270,Ведомость!$H$5:$H$1270,10,Ведомость!$I$5:$I$1270,"А500С",Ведомость!$V$5:$V$1270,"П-доп-низ",Ведомость!$W$5:$W$1270,1) | Z17: =SUMIFS(Ведомость!$N$5:$N$1270,Ведомость!$H$5:$H$1270,10,Ведомость!$I$5:$I$1270,"А500С",Ведомость!$V$5:$V$1270,"П-доп-верх",Ведомость!$W$5:$W$1270,1) | AA17: =SUMIFS(Ведомость!$N$5:$N$1270,Ведомость!$H$5:$H$1270,10,Ведомость!$I$5:$I$1270,"А500С",Ведомость!$V$5:$V$1270,"П-край",Ведомость!$W$5:$W$1270,1) | AB17: =SUMIFS(Ведомость!$N$5:$N$1270,Ведомость!$H$5:$H$1270,10,Ведомость!$I$5:$I$1270,"А500С",Ведомость!$V$5:$V$1270,"С-1",Ведомость!$W$5:$W$1270,1) | AC17: =SUMIFS(Ведомость!$N$5:$N$1270,Ведомость!$H$5:$H$1270,10,Ведомость!$I$5:$I$1270,"А500С",Ведомость!$V$5:$V$1270,"Л1",Ведомость!$W$5:$W$1270,1) | AD17: =SUMIFS(Ведомость!$N$5:$N$1270,Ведомость!$H$5:$H$1270,10,Ведомость!$I$5:$I$1270,"А500С",Ведомость!$V$5:$V$1270,"Л2",Ведомость!$W$5:$W$1270,1) | AE17: =SUMIFS(Ведомость!$N$5:$N$1270,Ведомость!$H$5:$H$1270,10,Ведомость!$I$5:$I$1270,"А500С",Ведомость!$V$5:$V$1270,"Л-пл",Ведомость!$W$5:$W$1270,1) | AF17: =SUMIFS(Ведомость!$N$5:$N$1270,Ведомость!$H$5:$H$1270,10,Ведомость!$I$5:$I$1270,"А500С",Ведомость!$V$5:$V$1270,"Л-рама",Ведомость!$W$5:$W$1270,1) | AG17: =SUM(B17:AF17) | AH17: =IFERROR(INDEX(Исходные!$B$19:$B$31,MATCH(10,Исходные!$A$19:$A$31,0)),0) | AI17: =AG17*AH17*$AJ$2 | AJ17: =SUM(B17:D17,F17,H17,J17:M17) | AK17: =AH17 | AL17: =AJ17*AK17*$AJ$2 | AM17: =SUM(E17,G17,I17,N17:AB17) | AN17: =AH17 | AO17: =AM17*AN17*$AJ$2 | AP17: =SUM(AC17:AF17) | AQ17: =AH17 | AR17: =AP17*AQ17*$AJ$2
A18: Диаметр 8 А500С, L=м.п. | B18: =SUMIFS(Ведомость!$N$5:$N$1270,Ведомость!$H$5:$H$1270,8,Ведомость!$I$5:$I$1270,"А500С",Ведомость!$V$5:$V$1270,"Дм-1",Ведомость!$W$5:$W$1270,1) | C18: =SUMIFS(Ведомость!$N$5:$N$1270,Ведомость!$H$5:$H$1270,8,Ведомость!$I$5:$I$1270,"А500С",Ведомость!$V$5:$V$1270,"Дм-2",Ведомость!$W$5:$W$1270,1) | D18: =SUMIFS(Ведомость!$N$5:$N$1270,Ведомость!$H$5:$H$1270,8,Ведомость!$I$5:$I$1270,"А500С",Ведомость!$V$5:$V$1270,"К-А",Ведомость!$W$5:$W$1270,1) | E18: =SUMIFS(Ведомость!$N$5:$N$1270,Ведомость!$H$5:$H$1270,8,Ведомость!$I$5:$I$1270,"А500С",Ведомость!$V$5:$V$1270,"Р-А",Ведомость!$W$5:$W$1270,1) | F18: =SUMIFS(Ведомость!$N$5:$N$1270,Ведомость!$H$5:$H$1270,8,Ведомость!$I$5:$I$1270,"А500С",Ведомость!$V$5:$V$1270,"К-Б",Ведомость!$W$5:$W$1270,1) | G18: =SUMIFS(Ведомость!$N$5:$N$1270,Ведомость!$H$5:$H$1270,8,Ведомость!$I$5:$I$1270,"А500С",Ведомость!$V$5:$V$1270,"Р-Б",Ведомость!$W$5:$W$1270,1) | H18: =SUMIFS(Ведомость!$N$5:$N$1270,Ведомость!$H$5:$H$1270,8,Ведомость!$I$5:$I$1270,"А500С",Ведомость!$V$5:$V$1270,"К-В",Ведомость!$W$5:$W$1270,1) | I18: =SUMIFS(Ведомость!$N$5:$N$1270,Ведомость!$H$5:$H$1270,8,Ведомость!$I$5:$I$1270,"А500С",Ведомость!$V$5:$V$1270,"Р-В",Ведомость!$W$5:$W$1270,1) | J18: =SUMIFS(Ведомость!$N$5:$N$1270,Ведомость!$H$5:$H$1270,8,Ведомость!$I$5:$I$1270,"А500С",Ведомость!$V$5:$V$1270,"К-Г",Ведомость!$W$5:$W$1270,1) | K18: =SUMIFS(Ведомость!$N$5:$N$1270,Ведомость!$H$5:$H$1270,8,Ведомость!$I$5:$I$1270,"А500С",Ведомость!$V$5:$V$1270,"Дм-3",Ведомость!$W$5:$W$1270,1) | L18: =SUMIFS(Ведомость!$N$5:$N$1270,Ведомость!$H$5:$H$1270,8,Ведомость!$I$5:$I$1270,"А500С",Ведомость!$V$5:$V$1270,"Дм-4",Ведомость!$W$5:$W$1270,1) | M18: =SUMIFS(Ведомость!$N$5:$N$1270,Ведомость!$H$5:$H$1270,8,Ведомость!$I$5:$I$1270,"А500С",Ведомость!$V$5:$V$1270,"Дм-5",Ведомость!$W$5:$W$1270,1) | N18: =SUMIFS(Ведомость!$N$5:$N$1270,Ведомость!$H$5:$H$1270,8,Ведомость!$I$5:$I$1270,"А500С",Ведомость!$V$5:$V$1270,"Р-Г",Ведомость!$W$5:$W$1270,1) | O18: =SUMIFS(Ведомость!$N$5:$N$1270,Ведомость!$H$5:$H$1270,8,Ведомость!$I$5:$I$1270,"А500С",Ведомость!$V$5:$V$1270,"Р-1, 5",Ведомость!$W$5:$W$1270,1) | P18: =SUMIFS(Ведомость!$N$5:$N$1270,Ведомость!$H$5:$H$1270,8,Ведомость!$I$5:$I$1270,"А500С",Ведомость!$V$5:$V$1270,"Р-2",Ведомость!$W$5:$W$1270,1) | Q18: =SUMIFS(Ведомость!$N$5:$N$1270,Ведомость!$H$5:$H$1270,8,Ведомость!$I$5:$I$1270,"А500С",Ведомость!$V$5:$V$1270,"Р-3",Ведомость!$W$5:$W$1270,1) | R18: =SUMIFS(Ведомость!$N$5:$N$1270,Ведомость!$H$5:$H$1270,8,Ведомость!$I$5:$I$1270,"А500С",Ведомость!$V$5:$V$1270,"Р-4",Ведомость!$W$5:$W$1270,1) | S18: =SUMIFS(Ведомость!$N$5:$N$1270,Ведомость!$H$5:$H$1270,8,Ведомость!$I$5:$I$1270,"А500С",Ведомость!$V$5:$V$1270,"Б-основная",Ведомость!$W$5:$W$1270,1) | T18: =SUMIFS(Ведомость!$N$5:$N$1270,Ведомость!$H$5:$H$1270,8,Ведомость!$I$5:$I$1270,"А500С",Ведомость!$V$5:$V$1270,"Б-хомуты",Ведомость!$W$5:$W$1270,1) | U18: =SUMIFS(Ведомость!$N$5:$N$1270,Ведомость!$H$5:$H$1270,8,Ведомость!$I$5:$I$1270,"А500С",Ведомость!$V$5:$V$1270,"Б-допник",Ведомость!$W$5:$W$1270,1) | V18: =SUMIFS(Ведомость!$N$5:$N$1270,Ведомость!$H$5:$H$1270,8,Ведомость!$I$5:$I$1270,"А500С",Ведомость!$V$5:$V$1270,"П-сетка",Ведомость!$W$5:$W$1270,1) | W18: =SUMIFS(Ведомость!$N$5:$N$1270,Ведомость!$H$5:$H$1270,8,Ведомость!$I$5:$I$1270,"А500С",Ведомость!$V$5:$V$1270,"П-фикс",Ведомость!$W$5:$W$1270,1) | X18: =SUMIFS(Ведомость!$N$5:$N$1270,Ведомость!$H$5:$H$1270,8,Ведомость!$I$5:$I$1270,"А500С",Ведомость!$V$5:$V$1270,"П-отв",Ведомость!$W$5:$W$1270,1) | Y18: =SUMIFS(Ведомость!$N$5:$N$1270,Ведомость!$H$5:$H$1270,8,Ведомость!$I$5:$I$1270,"А500С",Ведомость!$V$5:$V$1270,"П-доп-низ",Ведомость!$W$5:$W$1270,1) | Z18: =SUMIFS(Ведомость!$N$5:$N$1270,Ведомость!$H$5:$H$1270,8,Ведомость!$I$5:$I$1270,"А500С",Ведомость!$V$5:$V$1270,"П-доп-верх",Ведомость!$W$5:$W$1270,1) | AA18: =SUMIFS(Ведомость!$N$5:$N$1270,Ведомость!$H$5:$H$1270,8,Ведомость!$I$5:$I$1270,"А500С",Ведомость!$V$5:$V$1270,"П-край",Ведомость!$W$5:$W$1270,1) | AB18: =SUMIFS(Ведомость!$N$5:$N$1270,Ведомость!$H$5:$H$1270,8,Ведомость!$I$5:$I$1270,"А500С",Ведомость!$V$5:$V$1270,"С-1",Ведомость!$W$5:$W$1270,1) | AC18: =SUMIFS(Ведомость!$N$5:$N$1270,Ведомость!$H$5:$H$1270,8,Ведомость!$I$5:$I$1270,"А500С",Ведомость!$V$5:$V$1270,"Л1",Ведомость!$W$5:$W$1270,1) | AD18: =SUMIFS(Ведомость!$N$5:$N$1270,Ведомость!$H$5:$H$1270,8,Ведомость!$I$5:$I$1270,"А500С",Ведомость!$V$5:$V$1270,"Л2",Ведомость!$W$5:$W$1270,1) | AE18: =SUMIFS(Ведомость!$N$5:$N$1270,Ведомость!$H$5:$H$1270,8,Ведомость!$I$5:$I$1270,"А500С",Ведомость!$V$5:$V$1270,"Л-пл",Ведомость!$W$5:$W$1270,1) | AF18: =SUMIFS(Ведомость!$N$5:$N$1270,Ведомость!$H$5:$H$1270,8,Ведомость!$I$5:$I$1270,"А500С",Ведомость!$V$5:$V$1270,"Л-рама",Ведомость!$W$5:$W$1270,1) | AG18: =SUM(B18:AF18) | AH18: =IFERROR(INDEX(Исходные!$B$19:$B$31,MATCH(8,Исходные!$A$19:$A$31,0)),0) | AI18: =AG18*AH18*$AJ$2 | AJ18: =SUM(B18:D18,F18,H18,J18:M18) | AK18: =AH18 | AL18: =AJ18*AK18*$AJ$2 | AM18: =SUM(E18,G18,I18,N18:AB18) | AN18: =AH18 | AO18: =AM18*AN18*$AJ$2 | AP18: =SUM(AC18:AF18) | AQ18: =AH18 | AR18: =AP18*AQ18*$AJ$2
A19: Диаметр 16 А240, L=м.п. | B19: =SUMIFS(Ведомость!$N$5:$N$1270,Ведомость!$H$5:$H$1270,16,Ведомость!$I$5:$I$1270,"А240",Ведомость!$V$5:$V$1270,"Дм-1",Ведомость!$W$5:$W$1270,1) | C19: =SUMIFS(Ведомость!$N$5:$N$1270,Ведомость!$H$5:$H$1270,16,Ведомость!$I$5:$I$1270,"А240",Ведомость!$V$5:$V$1270,"Дм-2",Ведомость!$W$5:$W$1270,1) | D19: =SUMIFS(Ведомость!$N$5:$N$1270,Ведомость!$H$5:$H$1270,16,Ведомость!$I$5:$I$1270,"А240",Ведомость!$V$5:$V$1270,"К-А",Ведомость!$W$5:$W$1270,1) | E19: =SUMIFS(Ведомость!$N$5:$N$1270,Ведомость!$H$5:$H$1270,16,Ведомость!$I$5:$I$1270,"А240",Ведомость!$V$5:$V$1270,"Р-А",Ведомость!$W$5:$W$1270,1) | F19: =SUMIFS(Ведомость!$N$5:$N$1270,Ведомость!$H$5:$H$1270,16,Ведомость!$I$5:$I$1270,"А240",Ведомость!$V$5:$V$1270,"К-Б",Ведомость!$W$5:$W$1270,1) | G19: =SUMIFS(Ведомость!$N$5:$N$1270,Ведомость!$H$5:$H$1270,16,Ведомость!$I$5:$I$1270,"А240",Ведомость!$V$5:$V$1270,"Р-Б",Ведомость!$W$5:$W$1270,1) | H19: =SUMIFS(Ведомость!$N$5:$N$1270,Ведомость!$H$5:$H$1270,16,Ведомость!$I$5:$I$1270,"А240",Ведомость!$V$5:$V$1270,"К-В",Ведомость!$W$5:$W$1270,1) | I19: =SUMIFS(Ведомость!$N$5:$N$1270,Ведомость!$H$5:$H$1270,16,Ведомость!$I$5:$I$1270,"А240",Ведомость!$V$5:$V$1270,"Р-В",Ведомость!$W$5:$W$1270,1) | J19: =SUMIFS(Ведомость!$N$5:$N$1270,Ведомость!$H$5:$H$1270,16,Ведомость!$I$5:$I$1270,"А240",Ведомость!$V$5:$V$1270,"К-Г",Ведомость!$W$5:$W$1270,1) | K19: =SUMIFS(Ведомость!$N$5:$N$1270,Ведомость!$H$5:$H$1270,16,Ведомость!$I$5:$I$1270,"А240",Ведомость!$V$5:$V$1270,"Дм-3",Ведомость!$W$5:$W$1270,1) | L19: =SUMIFS(Ведомость!$N$5:$N$1270,Ведомость!$H$5:$H$1270,16,Ведомость!$I$5:$I$1270,"А240",Ведомость!$V$5:$V$1270,"Дм-4",Ведомость!$W$5:$W$1270,1) | M19: =SUMIFS(Ведомость!$N$5:$N$1270,Ведомость!$H$5:$H$1270,16,Ведомость!$I$5:$I$1270,"А240",Ведомость!$V$5:$V$1270,"Дм-5",Ведомость!$W$5:$W$1270,1) | N19: =SUMIFS(Ведомость!$N$5:$N$1270,Ведомость!$H$5:$H$1270,16,Ведомость!$I$5:$I$1270,"А240",Ведомость!$V$5:$V$1270,"Р-Г",Ведомость!$W$5:$W$1270,1) | O19: =SUMIFS(Ведомость!$N$5:$N$1270,Ведомость!$H$5:$H$1270,16,Ведомость!$I$5:$I$1270,"А240",Ведомость!$V$5:$V$1270,"Р-1, 5",Ведомость!$W$5:$W$1270,1) | P19: =SUMIFS(Ведомость!$N$5:$N$1270,Ведомость!$H$5:$H$1270,16,Ведомость!$I$5:$I$1270,"А240",Ведомость!$V$5:$V$1270,"Р-2",Ведомость!$W$5:$W$1270,1) | Q19: =SUMIFS(Ведомость!$N$5:$N$1270,Ведомость!$H$5:$H$1270,16,Ведомость!$I$5:$I$1270,"А240",Ведомость!$V$5:$V$1270,"Р-3",Ведомость!$W$5:$W$1270,1) | R19: =SUMIFS(Ведомость!$N$5:$N$1270,Ведомость!$H$5:$H$1270,16,Ведомость!$I$5:$I$1270,"А240",Ведомость!$V$5:$V$1270,"Р-4",Ведомость!$W$5:$W$1270,1) | S19: =SUMIFS(Ведомость!$N$5:$N$1270,Ведомость!$H$5:$H$1270,16,Ведомость!$I$5:$I$1270,"А240",Ведомость!$V$5:$V$1270,"Б-основная",Ведомость!$W$5:$W$1270,1) | T19: =SUMIFS(Ведомость!$N$5:$N$1270,Ведомость!$H$5:$H$1270,16,Ведомость!$I$5:$I$1270,"А240",Ведомость!$V$5:$V$1270,"Б-хомуты",Ведомость!$W$5:$W$1270,1) | U19: =SUMIFS(Ведомость!$N$5:$N$1270,Ведомость!$H$5:$H$1270,16,Ведомость!$I$5:$I$1270,"А240",Ведомость!$V$5:$V$1270,"Б-допник",Ведомость!$W$5:$W$1270,1) | V19: =SUMIFS(Ведомость!$N$5:$N$1270,Ведомость!$H$5:$H$1270,16,Ведомость!$I$5:$I$1270,"А240",Ведомость!$V$5:$V$1270,"П-сетка",Ведомость!$W$5:$W$1270,1) | W19: =SUMIFS(Ведомость!$N$5:$N$1270,Ведомость!$H$5:$H$1270,16,Ведомость!$I$5:$I$1270,"А240",Ведомость!$V$5:$V$1270,"П-фикс",Ведомость!$W$5:$W$1270,1) | X19: =SUMIFS(Ведомость!$N$5:$N$1270,Ведомость!$H$5:$H$1270,16,Ведомость!$I$5:$I$1270,"А240",Ведомость!$V$5:$V$1270,"П-отв",Ведомость!$W$5:$W$1270,1) | Y19: =SUMIFS(Ведомость!$N$5:$N$1270,Ведомость!$H$5:$H$1270,16,Ведомость!$I$5:$I$1270,"А240",Ведомость!$V$5:$V$1270,"П-доп-низ",Ведомость!$W$5:$W$1270,1) | Z19: =SUMIFS(Ведомость!$N$5:$N$1270,Ведомость!$H$5:$H$1270,16,Ведомость!$I$5:$I$1270,"А240",Ведомость!$V$5:$V$1270,"П-доп-верх",Ведомость!$W$5:$W$1270,1) | AA19: =SUMIFS(Ведомость!$N$5:$N$1270,Ведомость!$H$5:$H$1270,16,Ведомость!$I$5:$I$1270,"А240",Ведомость!$V$5:$V$1270,"П-край",Ведомость!$W$5:$W$1270,1) | AB19: =SUMIFS(Ведомость!$N$5:$N$1270,Ведомость!$H$5:$H$1270,16,Ведомость!$I$5:$I$1270,"А240",Ведомость!$V$5:$V$1270,"С-1",Ведомость!$W$5:$W$1270,1) | AC19: =SUMIFS(Ведомость!$N$5:$N$1270,Ведомость!$H$5:$H$1270,16,Ведомость!$I$5:$I$1270,"А240",Ведомость!$V$5:$V$1270,"Л1",Ведомость!$W$5:$W$1270,1) | AD19: =SUMIFS(Ведомость!$N$5:$N$1270,Ведомость!$H$5:$H$1270,16,Ведомость!$I$5:$I$1270,"А240",Ведомость!$V$5:$V$1270,"Л2",Ведомость!$W$5:$W$1270,1) | AE19: =SUMIFS(Ведомость!$N$5:$N$1270,Ведомость!$H$5:$H$1270,16,Ведомость!$I$5:$I$1270,"А240",Ведомость!$V$5:$V$1270,"Л-пл",Ведомость!$W$5:$W$1270,1) | AF19: =SUMIFS(Ведомость!$N$5:$N$1270,Ведомость!$H$5:$H$1270,16,Ведомость!$I$5:$I$1270,"А240",Ведомость!$V$5:$V$1270,"Л-рама",Ведомость!$W$5:$W$1270,1) | AG19: =SUM(B19:AF19) | AH19: =IFERROR(INDEX(Исходные!$B$19:$B$31,MATCH(16,Исходные!$A$19:$A$31,0)),0) | AI19: =AG19*AH19*$AJ$2 | AJ19: =SUM(B19:D19,F19,H19,J19:M19) | AK19: =AH19 | AL19: =AJ19*AK19*$AJ$2 | AM19: =SUM(E19,G19,I19,N19:AB19) | AN19: =AH19 | AO19: =AM19*AN19*$AJ$2 | AP19: =SUM(AC19:AF19) | AQ19: =AH19 | AR19: =AP19*AQ19*$AJ$2
A20: Диаметр 12 А240, L=м.п. | B20: =SUMIFS(Ведомость!$N$5:$N$1270,Ведомость!$H$5:$H$1270,12,Ведомость!$I$5:$I$1270,"А240",Ведомость!$V$5:$V$1270,"Дм-1",Ведомость!$W$5:$W$1270,1) | C20: =SUMIFS(Ведомость!$N$5:$N$1270,Ведомость!$H$5:$H$1270,12,Ведомость!$I$5:$I$1270,"А240",Ведомость!$V$5:$V$1270,"Дм-2",Ведомость!$W$5:$W$1270,1) | D20: =SUMIFS(Ведомость!$N$5:$N$1270,Ведомость!$H$5:$H$1270,12,Ведомость!$I$5:$I$1270,"А240",Ведомость!$V$5:$V$1270,"К-А",Ведомость!$W$5:$W$1270,1) | E20: =SUMIFS(Ведомость!$N$5:$N$1270,Ведомость!$H$5:$H$1270,12,Ведомость!$I$5:$I$1270,"А240",Ведомость!$V$5:$V$1270,"Р-А",Ведомость!$W$5:$W$1270,1) | F20: =SUMIFS(Ведомость!$N$5:$N$1270,Ведомость!$H$5:$H$1270,12,Ведомость!$I$5:$I$1270,"А240",Ведомость!$V$5:$V$1270,"К-Б",Ведомость!$W$5:$W$1270,1) | G20: =SUMIFS(Ведомость!$N$5:$N$1270,Ведомость!$H$5:$H$1270,12,Ведомость!$I$5:$I$1270,"А240",Ведомость!$V$5:$V$1270,"Р-Б",Ведомость!$W$5:$W$1270,1) | H20: =SUMIFS(Ведомость!$N$5:$N$1270,Ведомость!$H$5:$H$1270,12,Ведомость!$I$5:$I$1270,"А240",Ведомость!$V$5:$V$1270,"К-В",Ведомость!$W$5:$W$1270,1) | I20: =SUMIFS(Ведомость!$N$5:$N$1270,Ведомость!$H$5:$H$1270,12,Ведомость!$I$5:$I$1270,"А240",Ведомость!$V$5:$V$1270,"Р-В",Ведомость!$W$5:$W$1270,1) | J20: =SUMIFS(Ведомость!$N$5:$N$1270,Ведомость!$H$5:$H$1270,12,Ведомость!$I$5:$I$1270,"А240",Ведомость!$V$5:$V$1270,"К-Г",Ведомость!$W$5:$W$1270,1) | K20: =SUMIFS(Ведомость!$N$5:$N$1270,Ведомость!$H$5:$H$1270,12,Ведомость!$I$5:$I$1270,"А240",Ведомость!$V$5:$V$1270,"Дм-3",Ведомость!$W$5:$W$1270,1) | L20: =SUMIFS(Ведомость!$N$5:$N$1270,Ведомость!$H$5:$H$1270,12,Ведомость!$I$5:$I$1270,"А240",Ведомость!$V$5:$V$1270,"Дм-4",Ведомость!$W$5:$W$1270,1) | M20: =SUMIFS(Ведомость!$N$5:$N$1270,Ведомость!$H$5:$H$1270,12,Ведомость!$I$5:$I$1270,"А240",Ведомость!$V$5:$V$1270,"Дм-5",Ведомость!$W$5:$W$1270,1) | N20: =SUMIFS(Ведомость!$N$5:$N$1270,Ведомость!$H$5:$H$1270,12,Ведомость!$I$5:$I$1270,"А240",Ведомость!$V$5:$V$1270,"Р-Г",Ведомость!$W$5:$W$1270,1) | O20: =SUMIFS(Ведомость!$N$5:$N$1270,Ведомость!$H$5:$H$1270,12,Ведомость!$I$5:$I$1270,"А240",Ведомость!$V$5:$V$1270,"Р-1, 5",Ведомость!$W$5:$W$1270,1) | P20: =SUMIFS(Ведомость!$N$5:$N$1270,Ведомость!$H$5:$H$1270,12,Ведомость!$I$5:$I$1270,"А240",Ведомость!$V$5:$V$1270,"Р-2",Ведомость!$W$5:$W$1270,1) | Q20: =SUMIFS(Ведомость!$N$5:$N$1270,Ведомость!$H$5:$H$1270,12,Ведомость!$I$5:$I$1270,"А240",Ведомость!$V$5:$V$1270,"Р-3",Ведомость!$W$5:$W$1270,1) | R20: =SUMIFS(Ведомость!$N$5:$N$1270,Ведомость!$H$5:$H$1270,12,Ведомость!$I$5:$I$1270,"А240",Ведомость!$V$5:$V$1270,"Р-4",Ведомость!$W$5:$W$1270,1) | S20: =SUMIFS(Ведомость!$N$5:$N$1270,Ведомость!$H$5:$H$1270,12,Ведомость!$I$5:$I$1270,"А240",Ведомость!$V$5:$V$1270,"Б-основная",Ведомость!$W$5:$W$1270,1) | T20: =SUMIFS(Ведомость!$N$5:$N$1270,Ведомость!$H$5:$H$1270,12,Ведомость!$I$5:$I$1270,"А240",Ведомость!$V$5:$V$1270,"Б-хомуты",Ведомость!$W$5:$W$1270,1) | U20: =SUMIFS(Ведомость!$N$5:$N$1270,Ведомость!$H$5:$H$1270,12,Ведомость!$I$5:$I$1270,"А240",Ведомость!$V$5:$V$1270,"Б-допник",Ведомость!$W$5:$W$1270,1) | V20: =SUMIFS(Ведомость!$N$5:$N$1270,Ведомость!$H$5:$H$1270,12,Ведомость!$I$5:$I$1270,"А240",Ведомость!$V$5:$V$1270,"П-сетка",Ведомость!$W$5:$W$1270,1) | W20: =SUMIFS(Ведомость!$N$5:$N$1270,Ведомость!$H$5:$H$1270,12,Ведомость!$I$5:$I$1270,"А240",Ведомость!$V$5:$V$1270,"П-фикс",Ведомость!$W$5:$W$1270,1) | X20: =SUMIFS(Ведомость!$N$5:$N$1270,Ведомость!$H$5:$H$1270,12,Ведомость!$I$5:$I$1270,"А240",Ведомость!$V$5:$V$1270,"П-отв",Ведомость!$W$5:$W$1270,1) | Y20: =SUMIFS(Ведомость!$N$5:$N$1270,Ведомость!$H$5:$H$1270,12,Ведомость!$I$5:$I$1270,"А240",Ведомость!$V$5:$V$1270,"П-доп-низ",Ведомость!$W$5:$W$1270,1) | Z20: =SUMIFS(Ведомость!$N$5:$N$1270,Ведомость!$H$5:$H$1270,12,Ведомость!$I$5:$I$1270,"А240",Ведомость!$V$5:$V$1270,"П-доп-верх",Ведомость!$W$5:$W$1270,1) | AA20: =SUMIFS(Ведомость!$N$5:$N$1270,Ведомость!$H$5:$H$1270,12,Ведомость!$I$5:$I$1270,"А240",Ведомость!$V$5:$V$1270,"П-край",Ведомость!$W$5:$W$1270,1) | AB20: =SUMIFS(Ведомость!$N$5:$N$1270,Ведомость!$H$5:$H$1270,12,Ведомость!$I$5:$I$1270,"А240",Ведомость!$V$5:$V$1270,"С-1",Ведомость!$W$5:$W$1270,1) | AC20: =SUMIFS(Ведомость!$N$5:$N$1270,Ведомость!$H$5:$H$1270,12,Ведомость!$I$5:$I$1270,"А240",Ведомость!$V$5:$V$1270,"Л1",Ведомость!$W$5:$W$1270,1) | AD20: =SUMIFS(Ведомость!$N$5:$N$1270,Ведомость!$H$5:$H$1270,12,Ведомость!$I$5:$I$1270,"А240",Ведомость!$V$5:$V$1270,"Л2",Ведомость!$W$5:$W$1270,1) | AE20: =SUMIFS(Ведомость!$N$5:$N$1270,Ведомость!$H$5:$H$1270,12,Ведомость!$I$5:$I$1270,"А240",Ведомость!$V$5:$V$1270,"Л-пл",Ведомость!$W$5:$W$1270,1) | AF20: =SUMIFS(Ведомость!$N$5:$N$1270,Ведомость!$H$5:$H$1270,12,Ведомость!$I$5:$I$1270,"А240",Ведомость!$V$5:$V$1270,"Л-рама",Ведомость!$W$5:$W$1270,1) | AG20: =SUM(B20:AF20) | AH20: =IFERROR(INDEX(Исходные!$B$19:$B$31,MATCH(12,Исходные!$A$19:$A$31,0)),0) | AI20: =AG20*AH20*$AJ$2 | AJ20: =SUM(B20:D20,F20,H20,J20:M20) | AK20: =AH20 | AL20: =AJ20*AK20*$AJ$2 | AM20: =SUM(E20,G20,I20,N20:AB20) | AN20: =AH20 | AO20: =AM20*AN20*$AJ$2 | AP20: =SUM(AC20:AF20) | AQ20: =AH20 | AR20: =AP20*AQ20*$AJ$2
A21: Диаметр 10 А240, L=м.п. | B21: =SUMIFS(Ведомость!$N$5:$N$1270,Ведомость!$H$5:$H$1270,10,Ведомость!$I$5:$I$1270,"А240",Ведомость!$V$5:$V$1270,"Дм-1",Ведомость!$W$5:$W$1270,1) | C21: =SUMIFS(Ведомость!$N$5:$N$1270,Ведомость!$H$5:$H$1270,10,Ведомость!$I$5:$I$1270,"А240",Ведомость!$V$5:$V$1270,"Дм-2",Ведомость!$W$5:$W$1270,1) | D21: =SUMIFS(Ведомость!$N$5:$N$1270,Ведомость!$H$5:$H$1270,10,Ведомость!$I$5:$I$1270,"А240",Ведомость!$V$5:$V$1270,"К-А",Ведомость!$W$5:$W$1270,1) | E21: =SUMIFS(Ведомость!$N$5:$N$1270,Ведомость!$H$5:$H$1270,10,Ведомость!$I$5:$I$1270,"А240",Ведомость!$V$5:$V$1270,"Р-А",Ведомость!$W$5:$W$1270,1) | F21: =SUMIFS(Ведомость!$N$5:$N$1270,Ведомость!$H$5:$H$1270,10,Ведомость!$I$5:$I$1270,"А240",Ведомость!$V$5:$V$1270,"К-Б",Ведомость!$W$5:$W$1270,1) | G21: =SUMIFS(Ведомость!$N$5:$N$1270,Ведомость!$H$5:$H$1270,10,Ведомость!$I$5:$I$1270,"А240",Ведомость!$V$5:$V$1270,"Р-Б",Ведомость!$W$5:$W$1270,1) | H21: =SUMIFS(Ведомость!$N$5:$N$1270,Ведомость!$H$5:$H$1270,10,Ведомость!$I$5:$I$1270,"А240",Ведомость!$V$5:$V$1270,"К-В",Ведомость!$W$5:$W$1270,1) | I21: =SUMIFS(Ведомость!$N$5:$N$1270,Ведомость!$H$5:$H$1270,10,Ведомость!$I$5:$I$1270,"А240",Ведомость!$V$5:$V$1270,"Р-В",Ведомость!$W$5:$W$1270,1) | J21: =SUMIFS(Ведомость!$N$5:$N$1270,Ведомость!$H$5:$H$1270,10,Ведомость!$I$5:$I$1270,"А240",Ведомость!$V$5:$V$1270,"К-Г",Ведомость!$W$5:$W$1270,1) | K21: =SUMIFS(Ведомость!$N$5:$N$1270,Ведомость!$H$5:$H$1270,10,Ведомость!$I$5:$I$1270,"А240",Ведомость!$V$5:$V$1270,"Дм-3",Ведомость!$W$5:$W$1270,1) | L21: =SUMIFS(Ведомость!$N$5:$N$1270,Ведомость!$H$5:$H$1270,10,Ведомость!$I$5:$I$1270,"А240",Ведомость!$V$5:$V$1270,"Дм-4",Ведомость!$W$5:$W$1270,1) | M21: =SUMIFS(Ведомость!$N$5:$N$1270,Ведомость!$H$5:$H$1270,10,Ведомость!$I$5:$I$1270,"А240",Ведомость!$V$5:$V$1270,"Дм-5",Ведомость!$W$5:$W$1270,1) | N21: =SUMIFS(Ведомость!$N$5:$N$1270,Ведомость!$H$5:$H$1270,10,Ведомость!$I$5:$I$1270,"А240",Ведомость!$V$5:$V$1270,"Р-Г",Ведомость!$W$5:$W$1270,1) | O21: =SUMIFS(Ведомость!$N$5:$N$1270,Ведомость!$H$5:$H$1270,10,Ведомость!$I$5:$I$1270,"А240",Ведомость!$V$5:$V$1270,"Р-1, 5",Ведомость!$W$5:$W$1270,1) | P21: =SUMIFS(Ведомость!$N$5:$N$1270,Ведомость!$H$5:$H$1270,10,Ведомость!$I$5:$I$1270,"А240",Ведомость!$V$5:$V$1270,"Р-2",Ведомость!$W$5:$W$1270,1) | Q21: =SUMIFS(Ведомость!$N$5:$N$1270,Ведомость!$H$5:$H$1270,10,Ведомость!$I$5:$I$1270,"А240",Ведомость!$V$5:$V$1270,"Р-3",Ведомость!$W$5:$W$1270,1) | R21: =SUMIFS(Ведомость!$N$5:$N$1270,Ведомость!$H$5:$H$1270,10,Ведомость!$I$5:$I$1270,"А240",Ведомость!$V$5:$V$1270,"Р-4",Ведомость!$W$5:$W$1270,1) | S21: =SUMIFS(Ведомость!$N$5:$N$1270,Ведомость!$H$5:$H$1270,10,Ведомость!$I$5:$I$1270,"А240",Ведомость!$V$5:$V$1270,"Б-основная",Ведомость!$W$5:$W$1270,1) | T21: =SUMIFS(Ведомость!$N$5:$N$1270,Ведомость!$H$5:$H$1270,10,Ведомость!$I$5:$I$1270,"А240",Ведомость!$V$5:$V$1270,"Б-хомуты",Ведомость!$W$5:$W$1270,1) | U21: =SUMIFS(Ведомость!$N$5:$N$1270,Ведомость!$H$5:$H$1270,10,Ведомость!$I$5:$I$1270,"А240",Ведомость!$V$5:$V$1270,"Б-допник",Ведомость!$W$5:$W$1270,1) | V21: =SUMIFS(Ведомость!$N$5:$N$1270,Ведомость!$H$5:$H$1270,10,Ведомость!$I$5:$I$1270,"А240",Ведомость!$V$5:$V$1270,"П-сетка",Ведомость!$W$5:$W$1270,1) | W21: =SUMIFS(Ведомость!$N$5:$N$1270,Ведомость!$H$5:$H$1270,10,Ведомость!$I$5:$I$1270,"А240",Ведомость!$V$5:$V$1270,"П-фикс",Ведомость!$W$5:$W$1270,1) | X21: =SUMIFS(Ведомость!$N$5:$N$1270,Ведомость!$H$5:$H$1270,10,Ведомость!$I$5:$I$1270,"А240",Ведомость!$V$5:$V$1270,"П-отв",Ведомость!$W$5:$W$1270,1) | Y21: =SUMIFS(Ведомость!$N$5:$N$1270,Ведомость!$H$5:$H$1270,10,Ведомость!$I$5:$I$1270,"А240",Ведомость!$V$5:$V$1270,"П-доп-низ",Ведомость!$W$5:$W$1270,1) | Z21: =SUMIFS(Ведомость!$N$5:$N$1270,Ведомость!$H$5:$H$1270,10,Ведомость!$I$5:$I$1270,"А240",Ведомость!$V$5:$V$1270,"П-доп-верх",Ведомость!$W$5:$W$1270,1) | AA21: =SUMIFS(Ведомость!$N$5:$N$1270,Ведомость!$H$5:$H$1270,10,Ведомость!$I$5:$I$1270,"А240",Ведомость!$V$5:$V$1270,"П-край",Ведомость!$W$5:$W$1270,1) | AB21: =SUMIFS(Ведомость!$N$5:$N$1270,Ведомость!$H$5:$H$1270,10,Ведомость!$I$5:$I$1270,"А240",Ведомость!$V$5:$V$1270,"С-1",Ведомость!$W$5:$W$1270,1) | AC21: =SUMIFS(Ведомость!$N$5:$N$1270,Ведомость!$H$5:$H$1270,10,Ведомость!$I$5:$I$1270,"А240",Ведомость!$V$5:$V$1270,"Л1",Ведомость!$W$5:$W$1270,1) | AD21: =SUMIFS(Ведомость!$N$5:$N$1270,Ведомость!$H$5:$H$1270,10,Ведомость!$I$5:$I$1270,"А240",Ведомость!$V$5:$V$1270,"Л2",Ведомость!$W$5:$W$1270,1) | AE21: =SUMIFS(Ведомость!$N$5:$N$1270,Ведомость!$H$5:$H$1270,10,Ведомость!$I$5:$I$1270,"А240",Ведомость!$V$5:$V$1270,"Л-пл",Ведомость!$W$5:$W$1270,1) | AF21: =SUMIFS(Ведомость!$N$5:$N$1270,Ведомость!$H$5:$H$1270,10,Ведомость!$I$5:$I$1270,"А240",Ведомость!$V$5:$V$1270,"Л-рама",Ведомость!$W$5:$W$1270,1) | AG21: =SUM(B21:AF21) | AH21: =IFERROR(INDEX(Исходные!$B$19:$B$31,MATCH(10,Исходные!$A$19:$A$31,0)),0) | AI21: =AG21*AH21*$AJ$2 | AJ21: =SUM(B21:D21,F21,H21,J21:M21) | AK21: =AH21 | AL21: =AJ21*AK21*$AJ$2 | AM21: =SUM(E21,G21,I21,N21:AB21) | AN21: =AH21 | AO21: =AM21*AN21*$AJ$2 | AP21: =SUM(AC21:AF21) | AQ21: =AH21 | AR21: =AP21*AQ21*$AJ$2
A22: Диаметр 8 А240, L=м.п. | B22: =SUMIFS(Ведомость!$N$5:$N$1270,Ведомость!$H$5:$H$1270,8,Ведомость!$I$5:$I$1270,"А240",Ведомость!$V$5:$V$1270,"Дм-1",Ведомость!$W$5:$W$1270,1) | C22: =SUMIFS(Ведомость!$N$5:$N$1270,Ведомость!$H$5:$H$1270,8,Ведомость!$I$5:$I$1270,"А240",Ведомость!$V$5:$V$1270,"Дм-2",Ведомость!$W$5:$W$1270,1) | D22: =SUMIFS(Ведомость!$N$5:$N$1270,Ведомость!$H$5:$H$1270,8,Ведомость!$I$5:$I$1270,"А240",Ведомость!$V$5:$V$1270,"К-А",Ведомость!$W$5:$W$1270,1) | E22: =SUMIFS(Ведомость!$N$5:$N$1270,Ведомость!$H$5:$H$1270,8,Ведомость!$I$5:$I$1270,"А240",Ведомость!$V$5:$V$1270,"Р-А",Ведомость!$W$5:$W$1270,1) | F22: =SUMIFS(Ведомость!$N$5:$N$1270,Ведомость!$H$5:$H$1270,8,Ведомость!$I$5:$I$1270,"А240",Ведомость!$V$5:$V$1270,"К-Б",Ведомость!$W$5:$W$1270,1) | G22: =SUMIFS(Ведомость!$N$5:$N$1270,Ведомость!$H$5:$H$1270,8,Ведомость!$I$5:$I$1270,"А240",Ведомость!$V$5:$V$1270,"Р-Б",Ведомость!$W$5:$W$1270,1) | H22: =SUMIFS(Ведомость!$N$5:$N$1270,Ведомость!$H$5:$H$1270,8,Ведомость!$I$5:$I$1270,"А240",Ведомость!$V$5:$V$1270,"К-В",Ведомость!$W$5:$W$1270,1) | I22: =SUMIFS(Ведомость!$N$5:$N$1270,Ведомость!$H$5:$H$1270,8,Ведомость!$I$5:$I$1270,"А240",Ведомость!$V$5:$V$1270,"Р-В",Ведомость!$W$5:$W$1270,1) | J22: =SUMIFS(Ведомость!$N$5:$N$1270,Ведомость!$H$5:$H$1270,8,Ведомость!$I$5:$I$1270,"А240",Ведомость!$V$5:$V$1270,"К-Г",Ведомость!$W$5:$W$1270,1) | K22: =SUMIFS(Ведомость!$N$5:$N$1270,Ведомость!$H$5:$H$1270,8,Ведомость!$I$5:$I$1270,"А240",Ведомость!$V$5:$V$1270,"Дм-3",Ведомость!$W$5:$W$1270,1) | L22: =SUMIFS(Ведомость!$N$5:$N$1270,Ведомость!$H$5:$H$1270,8,Ведомость!$I$5:$I$1270,"А240",Ведомость!$V$5:$V$1270,"Дм-4",Ведомость!$W$5:$W$1270,1) | M22: =SUMIFS(Ведомость!$N$5:$N$1270,Ведомость!$H$5:$H$1270,8,Ведомость!$I$5:$I$1270,"А240",Ведомость!$V$5:$V$1270,"Дм-5",Ведомость!$W$5:$W$1270,1) | N22: =SUMIFS(Ведомость!$N$5:$N$1270,Ведомость!$H$5:$H$1270,8,Ведомость!$I$5:$I$1270,"А240",Ведомость!$V$5:$V$1270,"Р-Г",Ведомость!$W$5:$W$1270,1) | O22: =SUMIFS(Ведомость!$N$5:$N$1270,Ведомость!$H$5:$H$1270,8,Ведомость!$I$5:$I$1270,"А240",Ведомость!$V$5:$V$1270,"Р-1, 5",Ведомость!$W$5:$W$1270,1) | P22: =SUMIFS(Ведомость!$N$5:$N$1270,Ведомость!$H$5:$H$1270,8,Ведомость!$I$5:$I$1270,"А240",Ведомость!$V$5:$V$1270,"Р-2",Ведомость!$W$5:$W$1270,1) | Q22: =SUMIFS(Ведомость!$N$5:$N$1270,Ведомость!$H$5:$H$1270,8,Ведомость!$I$5:$I$1270,"А240",Ведомость!$V$5:$V$1270,"Р-3",Ведомость!$W$5:$W$1270,1) | R22: =SUMIFS(Ведомость!$N$5:$N$1270,Ведомость!$H$5:$H$1270,8,Ведомость!$I$5:$I$1270,"А240",Ведомость!$V$5:$V$1270,"Р-4",Ведомость!$W$5:$W$1270,1) | S22: =SUMIFS(Ведомость!$N$5:$N$1270,Ведомость!$H$5:$H$1270,8,Ведомость!$I$5:$I$1270,"А240",Ведомость!$V$5:$V$1270,"Б-основная",Ведомость!$W$5:$W$1270,1) | T22: =SUMIFS(Ведомость!$N$5:$N$1270,Ведомость!$H$5:$H$1270,8,Ведомость!$I$5:$I$1270,"А240",Ведомость!$V$5:$V$1270,"Б-хомуты",Ведомость!$W$5:$W$1270,1) | U22: =SUMIFS(Ведомость!$N$5:$N$1270,Ведомость!$H$5:$H$1270,8,Ведомость!$I$5:$I$1270,"А240",Ведомость!$V$5:$V$1270,"Б-допник",Ведомость!$W$5:$W$1270,1) | V22: =SUMIFS(Ведомость!$N$5:$N$1270,Ведомость!$H$5:$H$1270,8,Ведомость!$I$5:$I$1270,"А240",Ведомость!$V$5:$V$1270,"П-сетка",Ведомость!$W$5:$W$1270,1) | W22: =SUMIFS(Ведомость!$N$5:$N$1270,Ведомость!$H$5:$H$1270,8,Ведомость!$I$5:$I$1270,"А240",Ведомость!$V$5:$V$1270,"П-фикс",Ведомость!$W$5:$W$1270,1) | X22: =SUMIFS(Ведомость!$N$5:$N$1270,Ведомость!$H$5:$H$1270,8,Ведомость!$I$5:$I$1270,"А240",Ведомость!$V$5:$V$1270,"П-отв",Ведомость!$W$5:$W$1270,1) | Y22: =SUMIFS(Ведомость!$N$5:$N$1270,Ведомость!$H$5:$H$1270,8,Ведомость!$I$5:$I$1270,"А240",Ведомость!$V$5:$V$1270,"П-доп-низ",Ведомость!$W$5:$W$1270,1) | Z22: =SUMIFS(Ведомость!$N$5:$N$1270,Ведомость!$H$5:$H$1270,8,Ведомость!$I$5:$I$1270,"А240",Ведомость!$V$5:$V$1270,"П-доп-верх",Ведомость!$W$5:$W$1270,1) | AA22: =SUMIFS(Ведомость!$N$5:$N$1270,Ведомость!$H$5:$H$1270,8,Ведомость!$I$5:$I$1270,"А240",Ведомость!$V$5:$V$1270,"П-край",Ведомость!$W$5:$W$1270,1) | AB22: =SUMIFS(Ведомость!$N$5:$N$1270,Ведомость!$H$5:$H$1270,8,Ведомость!$I$5:$I$1270,"А240",Ведомость!$V$5:$V$1270,"С-1",Ведомость!$W$5:$W$1270,1) | AC22: =SUMIFS(Ведомость!$N$5:$N$1270,Ведомость!$H$5:$H$1270,8,Ведомость!$I$5:$I$1270,"А240",Ведомость!$V$5:$V$1270,"Л1",Ведомость!$W$5:$W$1270,1) | AD22: =SUMIFS(Ведомость!$N$5:$N$1270,Ведомость!$H$5:$H$1270,8,Ведомость!$I$5:$I$1270,"А240",Ведомость!$V$5:$V$1270,"Л2",Ведомость!$W$5:$W$1270,1) | AE22: =SUMIFS(Ведомость!$N$5:$N$1270,Ведомость!$H$5:$H$1270,8,Ведомость!$I$5:$I$1270,"А240",Ведомость!$V$5:$V$1270,"Л-пл",Ведомость!$W$5:$W$1270,1) | AF22: =SUMIFS(Ведомость!$N$5:$N$1270,Ведомость!$H$5:$H$1270,8,Ведомость!$I$5:$I$1270,"А240",Ведомость!$V$5:$V$1270,"Л-рама",Ведомость!$W$5:$W$1270,1) | AG22: =SUM(B22:AF22) | AH22: =IFERROR(INDEX(Исходные!$B$19:$B$31,MATCH(8,Исходные!$A$19:$A$31,0)),0) | AI22: =AG22*AH22*$AJ$2 | AJ22: =SUM(B22:D22,F22,H22,J22:M22) | AK22: =AH22 | AL22: =AJ22*AK22*$AJ$2 | AM22: =SUM(E22,G22,I22,N22:AB22) | AN22: =AH22 | AO22: =AM22*AN22*$AJ$2 | AP22: =SUM(AC22:AF22) | AQ22: =AH22 | AR22: =AP22*AQ22*$AJ$2
A23: Диаметр 6 А240, L=м.п. | B23: =SUMIFS(Ведомость!$N$5:$N$1270,Ведомость!$H$5:$H$1270,6,Ведомость!$I$5:$I$1270,"А240",Ведомость!$V$5:$V$1270,"Дм-1",Ведомость!$W$5:$W$1270,1) | C23: =SUMIFS(Ведомость!$N$5:$N$1270,Ведомость!$H$5:$H$1270,6,Ведомость!$I$5:$I$1270,"А240",Ведомость!$V$5:$V$1270,"Дм-2",Ведомость!$W$5:$W$1270,1) | D23: =SUMIFS(Ведомость!$N$5:$N$1270,Ведомость!$H$5:$H$1270,6,Ведомость!$I$5:$I$1270,"А240",Ведомость!$V$5:$V$1270,"К-А",Ведомость!$W$5:$W$1270,1) | E23: =SUMIFS(Ведомость!$N$5:$N$1270,Ведомость!$H$5:$H$1270,6,Ведомость!$I$5:$I$1270,"А240",Ведомость!$V$5:$V$1270,"Р-А",Ведомость!$W$5:$W$1270,1) | F23: =SUMIFS(Ведомость!$N$5:$N$1270,Ведомость!$H$5:$H$1270,6,Ведомость!$I$5:$I$1270,"А240",Ведомость!$V$5:$V$1270,"К-Б",Ведомость!$W$5:$W$1270,1) | G23: =SUMIFS(Ведомость!$N$5:$N$1270,Ведомость!$H$5:$H$1270,6,Ведомость!$I$5:$I$1270,"А240",Ведомость!$V$5:$V$1270,"Р-Б",Ведомость!$W$5:$W$1270,1) | H23: =SUMIFS(Ведомость!$N$5:$N$1270,Ведомость!$H$5:$H$1270,6,Ведомость!$I$5:$I$1270,"А240",Ведомость!$V$5:$V$1270,"К-В",Ведомость!$W$5:$W$1270,1) | I23: =SUMIFS(Ведомость!$N$5:$N$1270,Ведомость!$H$5:$H$1270,6,Ведомость!$I$5:$I$1270,"А240",Ведомость!$V$5:$V$1270,"Р-В",Ведомость!$W$5:$W$1270,1) | J23: =SUMIFS(Ведомость!$N$5:$N$1270,Ведомость!$H$5:$H$1270,6,Ведомость!$I$5:$I$1270,"А240",Ведомость!$V$5:$V$1270,"К-Г",Ведомость!$W$5:$W$1270,1) | K23: =SUMIFS(Ведомость!$N$5:$N$1270,Ведомость!$H$5:$H$1270,6,Ведомость!$I$5:$I$1270,"А240",Ведомость!$V$5:$V$1270,"Дм-3",Ведомость!$W$5:$W$1270,1) | L23: =SUMIFS(Ведомость!$N$5:$N$1270,Ведомость!$H$5:$H$1270,6,Ведомость!$I$5:$I$1270,"А240",Ведомость!$V$5:$V$1270,"Дм-4",Ведомость!$W$5:$W$1270,1) | M23: =SUMIFS(Ведомость!$N$5:$N$1270,Ведомость!$H$5:$H$1270,6,Ведомость!$I$5:$I$1270,"А240",Ведомость!$V$5:$V$1270,"Дм-5",Ведомость!$W$5:$W$1270,1) | N23: =SUMIFS(Ведомость!$N$5:$N$1270,Ведомость!$H$5:$H$1270,6,Ведомость!$I$5:$I$1270,"А240",Ведомость!$V$5:$V$1270,"Р-Г",Ведомость!$W$5:$W$1270,1) | O23: =SUMIFS(Ведомость!$N$5:$N$1270,Ведомость!$H$5:$H$1270,6,Ведомость!$I$5:$I$1270,"А240",Ведомость!$V$5:$V$1270,"Р-1, 5",Ведомость!$W$5:$W$1270,1) | P23: =SUMIFS(Ведомость!$N$5:$N$1270,Ведомость!$H$5:$H$1270,6,Ведомость!$I$5:$I$1270,"А240",Ведомость!$V$5:$V$1270,"Р-2",Ведомость!$W$5:$W$1270,1) | Q23: =SUMIFS(Ведомость!$N$5:$N$1270,Ведомость!$H$5:$H$1270,6,Ведомость!$I$5:$I$1270,"А240",Ведомость!$V$5:$V$1270,"Р-3",Ведомость!$W$5:$W$1270,1) | R23: =SUMIFS(Ведомость!$N$5:$N$1270,Ведомость!$H$5:$H$1270,6,Ведомость!$I$5:$I$1270,"А240",Ведомость!$V$5:$V$1270,"Р-4",Ведомость!$W$5:$W$1270,1) | S23: =SUMIFS(Ведомость!$N$5:$N$1270,Ведомость!$H$5:$H$1270,6,Ведомость!$I$5:$I$1270,"А240",Ведомость!$V$5:$V$1270,"Б-основная",Ведомость!$W$5:$W$1270,1) | T23: =SUMIFS(Ведомость!$N$5:$N$1270,Ведомость!$H$5:$H$1270,6,Ведомость!$I$5:$I$1270,"А240",Ведомость!$V$5:$V$1270,"Б-хомуты",Ведомость!$W$5:$W$1270,1) | U23: =SUMIFS(Ведомость!$N$5:$N$1270,Ведомость!$H$5:$H$1270,6,Ведомость!$I$5:$I$1270,"А240",Ведомость!$V$5:$V$1270,"Б-допник",Ведомость!$W$5:$W$1270,1) | V23: =SUMIFS(Ведомость!$N$5:$N$1270,Ведомость!$H$5:$H$1270,6,Ведомость!$I$5:$I$1270,"А240",Ведомость!$V$5:$V$1270,"П-сетка",Ведомость!$W$5:$W$1270,1) | W23: =SUMIFS(Ведомость!$N$5:$N$1270,Ведомость!$H$5:$H$1270,6,Ведомость!$I$5:$I$1270,"А240",Ведомость!$V$5:$V$1270,"П-фикс",Ведомость!$W$5:$W$1270,1) | X23: =SUMIFS(Ведомость!$N$5:$N$1270,Ведомость!$H$5:$H$1270,6,Ведомость!$I$5:$I$1270,"А240",Ведомость!$V$5:$V$1270,"П-отв",Ведомость!$W$5:$W$1270,1) | Y23: =SUMIFS(Ведомость!$N$5:$N$1270,Ведомость!$H$5:$H$1270,6,Ведомость!$I$5:$I$1270,"А240",Ведомость!$V$5:$V$1270,"П-доп-низ",Ведомость!$W$5:$W$1270,1) | Z23: =SUMIFS(Ведомость!$N$5:$N$1270,Ведомость!$H$5:$H$1270,6,Ведомость!$I$5:$I$1270,"А240",Ведомость!$V$5:$V$1270,"П-доп-верх",Ведомость!$W$5:$W$1270,1) | AA23: =SUMIFS(Ведомость!$N$5:$N$1270,Ведомость!$H$5:$H$1270,6,Ведомость!$I$5:$I$1270,"А240",Ведомость!$V$5:$V$1270,"П-край",Ведомость!$W$5:$W$1270,1) | AB23: =SUMIFS(Ведомость!$N$5:$N$1270,Ведомость!$H$5:$H$1270,6,Ведомость!$I$5:$I$1270,"А240",Ведомость!$V$5:$V$1270,"С-1",Ведомость!$W$5:$W$1270,1) | AC23: =SUMIFS(Ведомость!$N$5:$N$1270,Ведомость!$H$5:$H$1270,6,Ведомость!$I$5:$I$1270,"А240",Ведомость!$V$5:$V$1270,"Л1",Ведомость!$W$5:$W$1270,1) | AD23: =SUMIFS(Ведомость!$N$5:$N$1270,Ведомость!$H$5:$H$1270,6,Ведомость!$I$5:$I$1270,"А240",Ведомость!$V$5:$V$1270,"Л2",Ведомость!$W$5:$W$1270,1) | AE23: =SUMIFS(Ведомость!$N$5:$N$1270,Ведомость!$H$5:$H$1270,6,Ведомость!$I$5:$I$1270,"А240",Ведомость!$V$5:$V$1270,"Л-пл",Ведомость!$W$5:$W$1270,1) | AF23: =SUMIFS(Ведомость!$N$5:$N$1270,Ведомость!$H$5:$H$1270,6,Ведомость!$I$5:$I$1270,"А240",Ведомость!$V$5:$V$1270,"Л-рама",Ведомость!$W$5:$W$1270,1) | AG23: =SUM(B23:AF23) | AH23: =IFERROR(INDEX(Исходные!$B$19:$B$31,MATCH(6,Исходные!$A$19:$A$31,0)),0) | AI23: =AG23*AH23*$AJ$2 | AJ23: =SUM(B23:D23,F23,H23,J23:M23) | AK23: =AH23 | AL23: =AJ23*AK23*$AJ$2 | AM23: =SUM(E23,G23,I23,N23:AB23) | AN23: =AH23 | AO23: =AM23*AN23*$AJ$2 | AP23: =SUM(AC23:AF23) | AQ23: =AH23 | AR23: =AP23*AQ23*$AJ$2
A24: Сетка Ø5 Вр-I 100×100, м² | B24: =SUMIFS(Ведомость!$K$5:$K$1270,Ведомость!$H$5:$H$1270,5,Ведомость!$I$5:$I$1270,"Вр-I",Ведомость!$V$5:$V$1270,"Дм-1",Ведомость!$W$5:$W$1270,1) | C24: =SUMIFS(Ведомость!$K$5:$K$1270,Ведомость!$H$5:$H$1270,5,Ведомость!$I$5:$I$1270,"Вр-I",Ведомость!$V$5:$V$1270,"Дм-2",Ведомость!$W$5:$W$1270,1) | D24: =SUMIFS(Ведомость!$K$5:$K$1270,Ведомость!$H$5:$H$1270,5,Ведомость!$I$5:$I$1270,"Вр-I",Ведомость!$V$5:$V$1270,"К-А",Ведомость!$W$5:$W$1270,1) | E24: =SUMIFS(Ведомость!$K$5:$K$1270,Ведомость!$H$5:$H$1270,5,Ведомость!$I$5:$I$1270,"Вр-I",Ведомость!$V$5:$V$1270,"Р-А",Ведомость!$W$5:$W$1270,1) | F24: =SUMIFS(Ведомость!$K$5:$K$1270,Ведомость!$H$5:$H$1270,5,Ведомость!$I$5:$I$1270,"Вр-I",Ведомость!$V$5:$V$1270,"К-Б",Ведомость!$W$5:$W$1270,1) | G24: =SUMIFS(Ведомость!$K$5:$K$1270,Ведомость!$H$5:$H$1270,5,Ведомость!$I$5:$I$1270,"Вр-I",Ведомость!$V$5:$V$1270,"Р-Б",Ведомость!$W$5:$W$1270,1) | H24: =SUMIFS(Ведомость!$K$5:$K$1270,Ведомость!$H$5:$H$1270,5,Ведомость!$I$5:$I$1270,"Вр-I",Ведомость!$V$5:$V$1270,"К-В",Ведомость!$W$5:$W$1270,1) | I24: =SUMIFS(Ведомость!$K$5:$K$1270,Ведомость!$H$5:$H$1270,5,Ведомость!$I$5:$I$1270,"Вр-I",Ведомость!$V$5:$V$1270,"Р-В",Ведомость!$W$5:$W$1270,1) | J24: =SUMIFS(Ведомость!$K$5:$K$1270,Ведомость!$H$5:$H$1270,5,Ведомость!$I$5:$I$1270,"Вр-I",Ведомость!$V$5:$V$1270,"К-Г",Ведомость!$W$5:$W$1270,1) | K24: =SUMIFS(Ведомость!$K$5:$K$1270,Ведомость!$H$5:$H$1270,5,Ведомость!$I$5:$I$1270,"Вр-I",Ведомость!$V$5:$V$1270,"Дм-3",Ведомость!$W$5:$W$1270,1) | L24: =SUMIFS(Ведомость!$K$5:$K$1270,Ведомость!$H$5:$H$1270,5,Ведомость!$I$5:$I$1270,"Вр-I",Ведомость!$V$5:$V$1270,"Дм-4",Ведомость!$W$5:$W$1270,1) | M24: =SUMIFS(Ведомость!$K$5:$K$1270,Ведомость!$H$5:$H$1270,5,Ведомость!$I$5:$I$1270,"Вр-I",Ведомость!$V$5:$V$1270,"Дм-5",Ведомость!$W$5:$W$1270,1) | N24: =SUMIFS(Ведомость!$K$5:$K$1270,Ведомость!$H$5:$H$1270,5,Ведомость!$I$5:$I$1270,"Вр-I",Ведомость!$V$5:$V$1270,"Р-Г",Ведомость!$W$5:$W$1270,1) | O24: =SUMIFS(Ведомость!$K$5:$K$1270,Ведомость!$H$5:$H$1270,5,Ведомость!$I$5:$I$1270,"Вр-I",Ведомость!$V$5:$V$1270,"Р-1, 5",Ведомость!$W$5:$W$1270,1) | P24: =SUMIFS(Ведомость!$K$5:$K$1270,Ведомость!$H$5:$H$1270,5,Ведомость!$I$5:$I$1270,"Вр-I",Ведомость!$V$5:$V$1270,"Р-2",Ведомость!$W$5:$W$1270,1) | Q24: =SUMIFS(Ведомость!$K$5:$K$1270,Ведомость!$H$5:$H$1270,5,Ведомость!$I$5:$I$1270,"Вр-I",Ведомость!$V$5:$V$1270,"Р-3",Ведомость!$W$5:$W$1270,1) | R24: =SUMIFS(Ведомость!$K$5:$K$1270,Ведомость!$H$5:$H$1270,5,Ведомость!$I$5:$I$1270,"Вр-I",Ведомость!$V$5:$V$1270,"Р-4",Ведомость!$W$5:$W$1270,1) | S24: =SUMIFS(Ведомость!$K$5:$K$1270,Ведомость!$H$5:$H$1270,5,Ведомость!$I$5:$I$1270,"Вр-I",Ведомость!$V$5:$V$1270,"Б-основная",Ведомость!$W$5:$W$1270,1) | T24: =SUMIFS(Ведомость!$K$5:$K$1270,Ведомость!$H$5:$H$1270,5,Ведомость!$I$5:$I$1270,"Вр-I",Ведомость!$V$5:$V$1270,"Б-хомуты",Ведомость!$W$5:$W$1270,1) | U24: =SUMIFS(Ведомость!$K$5:$K$1270,Ведомость!$H$5:$H$1270,5,Ведомость!$I$5:$I$1270,"Вр-I",Ведомость!$V$5:$V$1270,"Б-допник",Ведомость!$W$5:$W$1270,1) | V24: =SUMIFS(Ведомость!$K$5:$K$1270,Ведомость!$H$5:$H$1270,5,Ведомость!$I$5:$I$1270,"Вр-I",Ведомость!$V$5:$V$1270,"П-сетка",Ведомость!$W$5:$W$1270,1) | W24: =SUMIFS(Ведомость!$K$5:$K$1270,Ведомость!$H$5:$H$1270,5,Ведомость!$I$5:$I$1270,"Вр-I",Ведомость!$V$5:$V$1270,"П-фикс",Ведомость!$W$5:$W$1270,1) | X24: =SUMIFS(Ведомость!$K$5:$K$1270,Ведомость!$H$5:$H$1270,5,Ведомость!$I$5:$I$1270,"Вр-I",Ведомость!$V$5:$V$1270,"П-отв",Ведомость!$W$5:$W$1270,1) | Y24: =SUMIFS(Ведомость!$K$5:$K$1270,Ведомость!$H$5:$H$1270,5,Ведомость!$I$5:$I$1270,"Вр-I",Ведомость!$V$5:$V$1270,"П-доп-низ",Ведомость!$W$5:$W$1270,1) | Z24: =SUMIFS(Ведомость!$K$5:$K$1270,Ведомость!$H$5:$H$1270,5,Ведомость!$I$5:$I$1270,"Вр-I",Ведомость!$V$5:$V$1270,"П-доп-верх",Ведомость!$W$5:$W$1270,1) | AA24: =SUMIFS(Ведомость!$K$5:$K$1270,Ведомость!$H$5:$H$1270,5,Ведомость!$I$5:$I$1270,"Вр-I",Ведомость!$V$5:$V$1270,"П-край",Ведомость!$W$5:$W$1270,1) | AB24: =SUMIFS(Ведомость!$K$5:$K$1270,Ведомость!$H$5:$H$1270,5,Ведомость!$I$5:$I$1270,"Вр-I",Ведомость!$V$5:$V$1270,"С-1",Ведомость!$W$5:$W$1270,1) | AC24: =SUMIFS(Ведомость!$K$5:$K$1270,Ведомость!$H$5:$H$1270,5,Ведомость!$I$5:$I$1270,"Вр-I",Ведомость!$V$5:$V$1270,"Л1",Ведомость!$W$5:$W$1270,1) | AD24: =SUMIFS(Ведомость!$K$5:$K$1270,Ведомость!$H$5:$H$1270,5,Ведомость!$I$5:$I$1270,"Вр-I",Ведомость!$V$5:$V$1270,"Л2",Ведомость!$W$5:$W$1270,1) | AE24: =SUMIFS(Ведомость!$K$5:$K$1270,Ведомость!$H$5:$H$1270,5,Ведомость!$I$5:$I$1270,"Вр-I",Ведомость!$V$5:$V$1270,"Л-пл",Ведомость!$W$5:$W$1270,1) | AF24: =SUMIFS(Ведомость!$K$5:$K$1270,Ведомость!$H$5:$H$1270,5,Ведомость!$I$5:$I$1270,"Вр-I",Ведомость!$V$5:$V$1270,"Л-рама",Ведомость!$W$5:$W$1270,1) | AG24: =SUM(B24:AF24) | AH24: =Исходные!$B$32 | AI24: =AG24*AH24*$AJ$2 | AJ24: =SUM(B24:D24,F24,H24,J24:M24) | AK24: =AH24 | AL24: =AJ24*AK24*$AJ$2 | AM24: =SUM(E24,G24,I24,N24:AB24) | AN24: =AH24 | AO24: =AM24*AN24*$AJ$2 | AP24: =SUM(AC24:AF24) | AQ24: =AH24 | AR24: =AP24*AQ24*$AJ$2
A25: Масса чистая (без К зап), кг | B25: =SUMPRODUCT(B8:B24,$AH$8:$AH$24) | C25: =SUMPRODUCT(C8:C24,$AH$8:$AH$24) | D25: =SUMPRODUCT(D8:D24,$AH$8:$AH$24) | E25: =SUMPRODUCT(E8:E24,$AH$8:$AH$24) | F25: =SUMPRODUCT(F8:F24,$AH$8:$AH$24) | G25: =SUMPRODUCT(G8:G24,$AH$8:$AH$24) | H25: =SUMPRODUCT(H8:H24,$AH$8:$AH$24) | I25: =SUMPRODUCT(I8:I24,$AH$8:$AH$24) | ... AF25: =SUMPRODUCT(AF8:AF24,$AH$8:$AH$24) | AH25: Итого: | AI25: =SUMPRODUCT(AG8:AG24,AH8:AH24) | AK25: Итого: | AL25: =SUMPRODUCT(AJ8:AJ24,AK8:AK24) | AN25: Итого: | AO25: =SUMPRODUCT(AM8:AM24,AN8:AN24) | AQ25: Итого: | AR25: =SUMPRODUCT(AP8:AP24,AQ8:AQ24)
A26: Всего с К зап, кг | B26: =B25*$AJ$2 | C26: =C25*$AJ$2 | D26: =D25*$AJ$2 | E26: =E25*$AJ$2 | F26: =F25*$AJ$2 | G26: =G25*$AJ$2 | H26: =H25*$AJ$2 | I26: =I25*$AJ$2 | ... AF26: =AF25*$AJ$2 | AH26: Итого (кг): | AI26: =SUM(AI8:AI24) | AK26: Итого (кг): | AL26: =SUM(AL8:AL24) | AN26: Итого (кг): | AO26: =SUM(AO8:AO24) | AQ26: Итого (кг): | AR26: =SUM(AR8:AR24)
AH27: Итого (т): | AI27: =AI26/1000 | AK27: Итого (т): | AL27: =AL26/1000 | AN27: Итого (т): | AO27: =AO26/1000 | AQ27: Итого (т): | AR27: =AR26/1000
A28: Контроль: чистая масса = «Ведомость», 1 этаж | AI28: =ROUND(AI25-Ведомость!P1271,1) | AJ28: ← должно быть 0
A30: Бетон, (м3)
A31: Бетон В25, м3 | B31: =(0.6*0.6+2*0.7*0.4+1.7*0.4)*(4.0-0.12) | C31: =(0.6*0.6+0.7*0.4+1.7*0.4)*(4.0-0.12) | D31: =3*0.6*0.6*(4.0-0.12) | E31: =1*0.45*(0.6-0.12)*20.50 | F31: =5*0.6*0.6*(4.0-0.12) | G31: =1*0.45*(0.6-0.12)*22.60 | H31: =5*0.6*0.6*(4.0-0.12) | I31: =1*0.45*(0.6-0.12)*22.60 | J31: =2*0.6*0.6*(4.0-0.12) | K31: =(0.6*0.6+2*0.7*0.4+0.9*0.4)*(4.0-0.12) | L31: =(0.6*0.6+0.9*0.4)*(4.0-0.12) | M31: =(0.6*0.6+0.7*0.4+0.9*0.4)*(4.0-0.12) | N31: =1*0.45*(0.6-0.12)*19.80 | O31: =2*0.45*(0.6-0.12)*18.20 | P31: =1*0.45*(0.6-0.12)*15.80 | Q31: =1*0.45*(0.6-0.12)*18.20 | R31: =1*0.45*(0.6-0.12)*15.80 | S31: =137.85*0.3*(0.3-0.12)+6.05*0.3*(0.4-0.12)+11.71*0.2*(0.3-0.12)+35.75*0.25*(0.3-0.12) | V31: =542.03*0.12 | AC31: =SQRT(3.6^2+1.92^2)*1.25*0.15+12*0.3*0.16/2*1.25 | AD31: =SQRT(3.6^2+2.08^2)*1.25*0.15+13*0.3*0.16/2*1.25 | AE31: =1.4*2.89*0.15 | AF31: =0.3*0.3*(1.82-0.3+0.55)+0.3*0.3*2.255 | AG31: =SUM(B31:AF31) | AI31: =AG31*$AK$2 | AJ31: =SUM(B31:D31,F31,H31,J31:M31) | AL31: =AJ31*$AK$2 | AM31: =SUM(E31,G31,I31,N31:AB31) | AO31: =AM31*$AK$2 | AP31: =SUM(AC31:AF31) | AR31: =AP31*$AK$2
A32: Удельный расход (чистый), кг/м³ | AI32: =IF(AG31>0,AI25/AG31,0) | AL32: =IF(AJ31>0,AL25/AJ31,0) | AO32: =IF(AM31>0,AO25/AM31,0) | AR32: =IF(AP31>0,AR25/AP31,0)
A34: Прочие материалы, (шт.)
A35: АШ-1, д14, шт. | AG35: =SUM(B35:AF35) | AJ35: =SUM(B35:D35,F35,H35,J35:M35) | AM35: =SUM(E35,G35,I35,N35:AB35) | AP35: =SUM(AC35:AF35)
A36: АШ-2, д16, шт. | AG36: =SUM(B36:AF36) | AJ36: =SUM(B36:D36,F36,H36,J36:M36) | AM36: =SUM(E36,G36,I36,N36:AB36) | AP36: =SUM(AC36:AF36)
A37: АШ-3, д18, шт. | AG37: =SUM(B37:AF37) | AJ37: =SUM(B37:D37,F37,H37,J37:M37) | AM37: =SUM(E37,G37,I37,N37:AB37) | AP37: =SUM(AC37:AF37)
A38: АШ-4, д20, шт. | AG38: =SUM(B38:AF38) | AJ38: =SUM(B38:D38,F38,H38,J38:M38) | AM38: =SUM(E38,G38,I38,N38:AB38) | AP38: =SUM(AC38:AF38)
A39: АШ-5, д22, шт. | N39: 2 | AG39: =SUM(B39:AF39) | AJ39: =SUM(B39:D39,F39,H39,J39:M39) | AM39: =SUM(E39,G39,I39,N39:AB39) | AP39: =SUM(AC39:AF39)
A40: АШ-6, д25, шт. | E40: 4 | G40: 4 | I40: 2 | N40: 2 | O40: 4 | AC40: 18 | AF40: 16 | AG40: =SUM(B40:AF40) | AJ40: =SUM(B40:D40,F40,H40,J40:M40) | AM40: =SUM(E40,G40,I40,N40:AB40) | AP40: =SUM(AC40:AF40)
A41: АШ-7, д28, шт. | E41: 12 | G41: 8 | I41: 10 | N41: 10 | O41: 20 | P41: 8 | Q41: 10 | R41: 8 | AG41: =SUM(B41:AF41) | AJ41: =SUM(B41:D41,F41,H41,J41:M41) | AM41: =SUM(E41,G41,I41,N41:AB41) | AP41: =SUM(AC41:AF41)
A42: АШ-8, д32, шт. | P42: 2 | Q42: 2 | R42: 2 | AG42: =SUM(B42:AF42) | AJ42: =SUM(B42:D42,F42,H42,J42:M42) | AM42: =SUM(E42,G42,I42,N42:AB42) | AP42: =SUM(AC42:AF42)
A43: ВН32, шт. (стыки ванной сваркой) | B43: 4 | C43: 4 | D43: 12 | F43: 20 | H43: 20 | J43: 8 | K43: 4 | L43: 4 | M43: 4 | AG43: =SUM(B43:AF43) | AJ43: =SUM(B43:D43,F43,H43,J43:M43) | AM43: =SUM(E43,G43,I43,N43:AB43) | AP43: =SUM(AC43:AF43)
A44: ВН28, шт. (стыки ванной сваркой) | B44: 32 | C44: 22 | E44: 8 | G44: 8 | I44: 8 | K44: 22 | L44: 14 | M44: 14 | N44: 8 | O44: 8 | P44: 4 | Q44: 4 | R44: 4 | AG44: =SUM(B44:AF44) | AJ44: =SUM(B44:D44,F44,H44,J44:M44) | AM44: =SUM(E44,G44,I44,N44:AB44) | AP44: =SUM(AC44:AF44)
A45: ВН25, шт. (стыки ванной сваркой) | B45: 8 | C45: 8 | K45: 10 | M45: 10 | S45: 40 | AG45: =SUM(B45:AF45) | AJ45: =SUM(B45:D45,F45,H45,J45:M45) | AM45: =SUM(E45,G45,I45,N45:AB45) | AP45: =SUM(AC45:AF45)
A46: ВН22, шт. (стыки ванной сваркой) | C46: 16 | K46: 14 | M46: 6 | AG46: =SUM(B46:AF46) | AJ46: =SUM(B46:D46,F46,H46,J46:M46) | AM46: =SUM(E46,G46,I46,N46:AB46) | AP46: =SUM(AC46:AF46)
A47: ВН20, шт. (стыки ванной сваркой) | B47: 16 | C47: 4 | D47: 24 | F47: 40 | H47: 40 | J47: 16 | K47: 8 | L47: 10 | M47: 8 | AG47: =SUM(B47:AF47) | AJ47: =SUM(B47:D47,F47,H47,J47:M47) | AM47: =SUM(E47,G47,I47,N47:AB47) | AP47: =SUM(AC47:AF47)
A50: 2 ЭТАЖ | B50: Рамы | S50: Балки | V50: Перекрытие | AB50: Сетки С-1 | AC50: Лестничный марш | AJ50: Колонны, диафрагмы | AM50: Ригели, балки, плита, С-1 | AP50: Лестницы
A51: На отметке +3.950…+7.550 | B51: По оси А | C51: По оси А | D51: По оси А | E51: По оси А | F51: По оси Б | G51: По оси Б | H51: По оси В | I51: По оси В | J51: По оси Г | K51: По оси Г | L51: По оси Г | M51: По оси Г | N51: По оси Г | O51: По оси 1/5 | P51: По оси 2 | Q51: По оси 3 | R51: По оси 4 | S51: Основная | T51: Хомуты | U51: Допник | V51: Основная | W51: Хомуты | X51: Отверстия | Y51: Допник | AA51: Край | AB51: С-1 | AC51: Л1 | AD51: Л2 | AE51: Площадка | AF51: Рама | AG51: Итого: | AH51: Масса ед. кг | AI51: Всего | AJ51: Итого: | AK51: Масса ед. кг | AL51: Всего | AM51: Итого: | AN51: Масса ед. кг | AO51: Всего | AP51: Итого: | AQ51: Масса ед. кг | AR51: Всего
A52: (2 этаж) | B52: Дм-1 | C52: Дм-2 | D52: К 2-2 (3) | E52: Ригель 4-4 | F52: К 2-2 (5) | G52: Ригель 4-4 | H52: К 2-2 (5) | I52: Ригель 4-4 | J52: К 2-2 (2) | K52: Дм-3 | L52: Дм-4 | M52: Дм-5 | N52: Ригель 4-4 | O52: Ригель 5-5 (×2) | P52: Ригель 5-5 | Q52: Ригель 5-5 | R52: Ригель 5-5 | U52: Ø18 L=1200 | W52: Ф-1, шп. | Y52: Низ | Z52: Верх | AA52: сеч.6-6 | AB52: 200 шт | AC52: марш 3 | AD52: марш 4 | AE52: отм. 5.800 | AF52: Лрм-2 | AG52: (м.п.) | AI52: кг | AJ52: (м.п.) | AL52: кг | AM52: (м.п.) | AO52: кг | AP52: (м.п.) | AR52: кг
A53: Арматура, (м.п.)
A54: Диаметр 32 А500С, L=м.п. | B54: =SUMIFS(Ведомость!$N$5:$N$1270,Ведомость!$H$5:$H$1270,32,Ведомость!$I$5:$I$1270,"А500С",Ведомость!$V$5:$V$1270,"Дм-1",Ведомость!$W$5:$W$1270,2) | C54: =SUMIFS(Ведомость!$N$5:$N$1270,Ведомость!$H$5:$H$1270,32,Ведомость!$I$5:$I$1270,"А500С",Ведомость!$V$5:$V$1270,"Дм-2",Ведомость!$W$5:$W$1270,2) | D54: =SUMIFS(Ведомость!$N$5:$N$1270,Ведомость!$H$5:$H$1270,32,Ведомость!$I$5:$I$1270,"А500С",Ведомость!$V$5:$V$1270,"К-А",Ведомость!$W$5:$W$1270,2) | E54: =SUMIFS(Ведомость!$N$5:$N$1270,Ведомость!$H$5:$H$1270,32,Ведомость!$I$5:$I$1270,"А500С",Ведомость!$V$5:$V$1270,"Р-А",Ведомость!$W$5:$W$1270,2) | F54: =SUMIFS(Ведомость!$N$5:$N$1270,Ведомость!$H$5:$H$1270,32,Ведомость!$I$5:$I$1270,"А500С",Ведомость!$V$5:$V$1270,"К-Б",Ведомость!$W$5:$W$1270,2) | G54: =SUMIFS(Ведомость!$N$5:$N$1270,Ведомость!$H$5:$H$1270,32,Ведомость!$I$5:$I$1270,"А500С",Ведомость!$V$5:$V$1270,"Р-Б",Ведомость!$W$5:$W$1270,2) | H54: =SUMIFS(Ведомость!$N$5:$N$1270,Ведомость!$H$5:$H$1270,32,Ведомость!$I$5:$I$1270,"А500С",Ведомость!$V$5:$V$1270,"К-В",Ведомость!$W$5:$W$1270,2) | I54: =SUMIFS(Ведомость!$N$5:$N$1270,Ведомость!$H$5:$H$1270,32,Ведомость!$I$5:$I$1270,"А500С",Ведомость!$V$5:$V$1270,"Р-В",Ведомость!$W$5:$W$1270,2) | J54: =SUMIFS(Ведомость!$N$5:$N$1270,Ведомость!$H$5:$H$1270,32,Ведомость!$I$5:$I$1270,"А500С",Ведомость!$V$5:$V$1270,"К-Г",Ведомость!$W$5:$W$1270,2) | K54: =SUMIFS(Ведомость!$N$5:$N$1270,Ведомость!$H$5:$H$1270,32,Ведомость!$I$5:$I$1270,"А500С",Ведомость!$V$5:$V$1270,"Дм-3",Ведомость!$W$5:$W$1270,2) | L54: =SUMIFS(Ведомость!$N$5:$N$1270,Ведомость!$H$5:$H$1270,32,Ведомость!$I$5:$I$1270,"А500С",Ведомость!$V$5:$V$1270,"Дм-4",Ведомость!$W$5:$W$1270,2) | M54: =SUMIFS(Ведомость!$N$5:$N$1270,Ведомость!$H$5:$H$1270,32,Ведомость!$I$5:$I$1270,"А500С",Ведомость!$V$5:$V$1270,"Дм-5",Ведомость!$W$5:$W$1270,2) | N54: =SUMIFS(Ведомость!$N$5:$N$1270,Ведомость!$H$5:$H$1270,32,Ведомость!$I$5:$I$1270,"А500С",Ведомость!$V$5:$V$1270,"Р-Г",Ведомость!$W$5:$W$1270,2) | O54: =SUMIFS(Ведомость!$N$5:$N$1270,Ведомость!$H$5:$H$1270,32,Ведомость!$I$5:$I$1270,"А500С",Ведомость!$V$5:$V$1270,"Р-1, 5",Ведомость!$W$5:$W$1270,2) | P54: =SUMIFS(Ведомость!$N$5:$N$1270,Ведомость!$H$5:$H$1270,32,Ведомость!$I$5:$I$1270,"А500С",Ведомость!$V$5:$V$1270,"Р-2",Ведомость!$W$5:$W$1270,2) | Q54: =SUMIFS(Ведомость!$N$5:$N$1270,Ведомость!$H$5:$H$1270,32,Ведомость!$I$5:$I$1270,"А500С",Ведомость!$V$5:$V$1270,"Р-3",Ведомость!$W$5:$W$1270,2) | R54: =SUMIFS(Ведомость!$N$5:$N$1270,Ведомость!$H$5:$H$1270,32,Ведомость!$I$5:$I$1270,"А500С",Ведомость!$V$5:$V$1270,"Р-4",Ведомость!$W$5:$W$1270,2) | S54: =SUMIFS(Ведомость!$N$5:$N$1270,Ведомость!$H$5:$H$1270,32,Ведомость!$I$5:$I$1270,"А500С",Ведомость!$V$5:$V$1270,"Б-основная",Ведомость!$W$5:$W$1270,2) | T54: =SUMIFS(Ведомость!$N$5:$N$1270,Ведомость!$H$5:$H$1270,32,Ведомость!$I$5:$I$1270,"А500С",Ведомость!$V$5:$V$1270,"Б-хомуты",Ведомость!$W$5:$W$1270,2) | U54: =SUMIFS(Ведомость!$N$5:$N$1270,Ведомость!$H$5:$H$1270,32,Ведомость!$I$5:$I$1270,"А500С",Ведомость!$V$5:$V$1270,"Б-допник",Ведомость!$W$5:$W$1270,2) | V54: =SUMIFS(Ведомость!$N$5:$N$1270,Ведомость!$H$5:$H$1270,32,Ведомость!$I$5:$I$1270,"А500С",Ведомость!$V$5:$V$1270,"П-сетка",Ведомость!$W$5:$W$1270,2) | W54: =SUMIFS(Ведомость!$N$5:$N$1270,Ведомость!$H$5:$H$1270,32,Ведомость!$I$5:$I$1270,"А500С",Ведомость!$V$5:$V$1270,"П-фикс",Ведомость!$W$5:$W$1270,2) | X54: =SUMIFS(Ведомость!$N$5:$N$1270,Ведомость!$H$5:$H$1270,32,Ведомость!$I$5:$I$1270,"А500С",Ведомость!$V$5:$V$1270,"П-отв",Ведомость!$W$5:$W$1270,2) | Y54: =SUMIFS(Ведомость!$N$5:$N$1270,Ведомость!$H$5:$H$1270,32,Ведомость!$I$5:$I$1270,"А500С",Ведомость!$V$5:$V$1270,"П-доп-низ",Ведомость!$W$5:$W$1270,2) | Z54: =SUMIFS(Ведомость!$N$5:$N$1270,Ведомость!$H$5:$H$1270,32,Ведомость!$I$5:$I$1270,"А500С",Ведомость!$V$5:$V$1270,"П-доп-верх",Ведомость!$W$5:$W$1270,2) | AA54: =SUMIFS(Ведомость!$N$5:$N$1270,Ведомость!$H$5:$H$1270,32,Ведомость!$I$5:$I$1270,"А500С",Ведомость!$V$5:$V$1270,"П-край",Ведомость!$W$5:$W$1270,2) | AB54: =SUMIFS(Ведомость!$N$5:$N$1270,Ведомость!$H$5:$H$1270,32,Ведомость!$I$5:$I$1270,"А500С",Ведомость!$V$5:$V$1270,"С-1",Ведомость!$W$5:$W$1270,2) | AC54: =SUMIFS(Ведомость!$N$5:$N$1270,Ведомость!$H$5:$H$1270,32,Ведомость!$I$5:$I$1270,"А500С",Ведомость!$V$5:$V$1270,"Л1",Ведомость!$W$5:$W$1270,2) | AD54: =SUMIFS(Ведомость!$N$5:$N$1270,Ведомость!$H$5:$H$1270,32,Ведомость!$I$5:$I$1270,"А500С",Ведомость!$V$5:$V$1270,"Л2",Ведомость!$W$5:$W$1270,2) | AE54: =SUMIFS(Ведомость!$N$5:$N$1270,Ведомость!$H$5:$H$1270,32,Ведомость!$I$5:$I$1270,"А500С",Ведомость!$V$5:$V$1270,"Л-пл",Ведомость!$W$5:$W$1270,2) | AF54: =SUMIFS(Ведомость!$N$5:$N$1270,Ведомость!$H$5:$H$1270,32,Ведомость!$I$5:$I$1270,"А500С",Ведомость!$V$5:$V$1270,"Л-рама",Ведомость!$W$5:$W$1270,2) | AG54: =SUM(B54:AF54) | AH54: =IFERROR(INDEX(Исходные!$B$19:$B$31,MATCH(32,Исходные!$A$19:$A$31,0)),0) | AI54: =AG54*AH54*$AJ$2 | AJ54: =SUM(B54:D54,F54,H54,J54:M54) | AK54: =AH54 | AL54: =AJ54*AK54*$AJ$2 | AM54: =SUM(E54,G54,I54,N54:AB54) | AN54: =AH54 | AO54: =AM54*AN54*$AJ$2 | AP54: =SUM(AC54:AF54) | AQ54: =AH54 | AR54: =AP54*AQ54*$AJ$2
A55: Диаметр 28 А500С, L=м.п. | B55: =SUMIFS(Ведомость!$N$5:$N$1270,Ведомость!$H$5:$H$1270,28,Ведомость!$I$5:$I$1270,"А500С",Ведомость!$V$5:$V$1270,"Дм-1",Ведомость!$W$5:$W$1270,2) | C55: =SUMIFS(Ведомость!$N$5:$N$1270,Ведомость!$H$5:$H$1270,28,Ведомость!$I$5:$I$1270,"А500С",Ведомость!$V$5:$V$1270,"Дм-2",Ведомость!$W$5:$W$1270,2) | D55: =SUMIFS(Ведомость!$N$5:$N$1270,Ведомость!$H$5:$H$1270,28,Ведомость!$I$5:$I$1270,"А500С",Ведомость!$V$5:$V$1270,"К-А",Ведомость!$W$5:$W$1270,2) | E55: =SUMIFS(Ведомость!$N$5:$N$1270,Ведомость!$H$5:$H$1270,28,Ведомость!$I$5:$I$1270,"А500С",Ведомость!$V$5:$V$1270,"Р-А",Ведомость!$W$5:$W$1270,2) | F55: =SUMIFS(Ведомость!$N$5:$N$1270,Ведомость!$H$5:$H$1270,28,Ведомость!$I$5:$I$1270,"А500С",Ведомость!$V$5:$V$1270,"К-Б",Ведомость!$W$5:$W$1270,2) | G55: =SUMIFS(Ведомость!$N$5:$N$1270,Ведомость!$H$5:$H$1270,28,Ведомость!$I$5:$I$1270,"А500С",Ведомость!$V$5:$V$1270,"Р-Б",Ведомость!$W$5:$W$1270,2) | H55: =SUMIFS(Ведомость!$N$5:$N$1270,Ведомость!$H$5:$H$1270,28,Ведомость!$I$5:$I$1270,"А500С",Ведомость!$V$5:$V$1270,"К-В",Ведомость!$W$5:$W$1270,2) | I55: =SUMIFS(Ведомость!$N$5:$N$1270,Ведомость!$H$5:$H$1270,28,Ведомость!$I$5:$I$1270,"А500С",Ведомость!$V$5:$V$1270,"Р-В",Ведомость!$W$5:$W$1270,2) | J55: =SUMIFS(Ведомость!$N$5:$N$1270,Ведомость!$H$5:$H$1270,28,Ведомость!$I$5:$I$1270,"А500С",Ведомость!$V$5:$V$1270,"К-Г",Ведомость!$W$5:$W$1270,2) | K55: =SUMIFS(Ведомость!$N$5:$N$1270,Ведомость!$H$5:$H$1270,28,Ведомость!$I$5:$I$1270,"А500С",Ведомость!$V$5:$V$1270,"Дм-3",Ведомость!$W$5:$W$1270,2) | L55: =SUMIFS(Ведомость!$N$5:$N$1270,Ведомость!$H$5:$H$1270,28,Ведомость!$I$5:$I$1270,"А500С",Ведомость!$V$5:$V$1270,"Дм-4",Ведомость!$W$5:$W$1270,2) | M55: =SUMIFS(Ведомость!$N$5:$N$1270,Ведомость!$H$5:$H$1270,28,Ведомость!$I$5:$I$1270,"А500С",Ведомость!$V$5:$V$1270,"Дм-5",Ведомость!$W$5:$W$1270,2) | N55: =SUMIFS(Ведомость!$N$5:$N$1270,Ведомость!$H$5:$H$1270,28,Ведомость!$I$5:$I$1270,"А500С",Ведомость!$V$5:$V$1270,"Р-Г",Ведомость!$W$5:$W$1270,2) | O55: =SUMIFS(Ведомость!$N$5:$N$1270,Ведомость!$H$5:$H$1270,28,Ведомость!$I$5:$I$1270,"А500С",Ведомость!$V$5:$V$1270,"Р-1, 5",Ведомость!$W$5:$W$1270,2) | P55: =SUMIFS(Ведомость!$N$5:$N$1270,Ведомость!$H$5:$H$1270,28,Ведомость!$I$5:$I$1270,"А500С",Ведомость!$V$5:$V$1270,"Р-2",Ведомость!$W$5:$W$1270,2) | Q55: =SUMIFS(Ведомость!$N$5:$N$1270,Ведомость!$H$5:$H$1270,28,Ведомость!$I$5:$I$1270,"А500С",Ведомость!$V$5:$V$1270,"Р-3",Ведомость!$W$5:$W$1270,2) | R55: =SUMIFS(Ведомость!$N$5:$N$1270,Ведомость!$H$5:$H$1270,28,Ведомость!$I$5:$I$1270,"А500С",Ведомость!$V$5:$V$1270,"Р-4",Ведомость!$W$5:$W$1270,2) | S55: =SUMIFS(Ведомость!$N$5:$N$1270,Ведомость!$H$5:$H$1270,28,Ведомость!$I$5:$I$1270,"А500С",Ведомость!$V$5:$V$1270,"Б-основная",Ведомость!$W$5:$W$1270,2) | T55: =SUMIFS(Ведомость!$N$5:$N$1270,Ведомость!$H$5:$H$1270,28,Ведомость!$I$5:$I$1270,"А500С",Ведомость!$V$5:$V$1270,"Б-хомуты",Ведомость!$W$5:$W$1270,2) | U55: =SUMIFS(Ведомость!$N$5:$N$1270,Ведомость!$H$5:$H$1270,28,Ведомость!$I$5:$I$1270,"А500С",Ведомость!$V$5:$V$1270,"Б-допник",Ведомость!$W$5:$W$1270,2) | V55: =SUMIFS(Ведомость!$N$5:$N$1270,Ведомость!$H$5:$H$1270,28,Ведомость!$I$5:$I$1270,"А500С",Ведомость!$V$5:$V$1270,"П-сетка",Ведомость!$W$5:$W$1270,2) | W55: =SUMIFS(Ведомость!$N$5:$N$1270,Ведомость!$H$5:$H$1270,28,Ведомость!$I$5:$I$1270,"А500С",Ведомость!$V$5:$V$1270,"П-фикс",Ведомость!$W$5:$W$1270,2) | X55: =SUMIFS(Ведомость!$N$5:$N$1270,Ведомость!$H$5:$H$1270,28,Ведомость!$I$5:$I$1270,"А500С",Ведомость!$V$5:$V$1270,"П-отв",Ведомость!$W$5:$W$1270,2) | Y55: =SUMIFS(Ведомость!$N$5:$N$1270,Ведомость!$H$5:$H$1270,28,Ведомость!$I$5:$I$1270,"А500С",Ведомость!$V$5:$V$1270,"П-доп-низ",Ведомость!$W$5:$W$1270,2) | Z55: =SUMIFS(Ведомость!$N$5:$N$1270,Ведомость!$H$5:$H$1270,28,Ведомость!$I$5:$I$1270,"А500С",Ведомость!$V$5:$V$1270,"П-доп-верх",Ведомость!$W$5:$W$1270,2) | AA55: =SUMIFS(Ведомость!$N$5:$N$1270,Ведомость!$H$5:$H$1270,28,Ведомость!$I$5:$I$1270,"А500С",Ведомость!$V$5:$V$1270,"П-край",Ведомость!$W$5:$W$1270,2) | AB55: =SUMIFS(Ведомость!$N$5:$N$1270,Ведомость!$H$5:$H$1270,28,Ведомость!$I$5:$I$1270,"А500С",Ведомость!$V$5:$V$1270,"С-1",Ведомость!$W$5:$W$1270,2) | AC55: =SUMIFS(Ведомость!$N$5:$N$1270,Ведомость!$H$5:$H$1270,28,Ведомость!$I$5:$I$1270,"А500С",Ведомость!$V$5:$V$1270,"Л1",Ведомость!$W$5:$W$1270,2) | AD55: =SUMIFS(Ведомость!$N$5:$N$1270,Ведомость!$H$5:$H$1270,28,Ведомость!$I$5:$I$1270,"А500С",Ведомость!$V$5:$V$1270,"Л2",Ведомость!$W$5:$W$1270,2) | AE55: =SUMIFS(Ведомость!$N$5:$N$1270,Ведомость!$H$5:$H$1270,28,Ведомость!$I$5:$I$1270,"А500С",Ведомость!$V$5:$V$1270,"Л-пл",Ведомость!$W$5:$W$1270,2) | AF55: =SUMIFS(Ведомость!$N$5:$N$1270,Ведомость!$H$5:$H$1270,28,Ведомость!$I$5:$I$1270,"А500С",Ведомость!$V$5:$V$1270,"Л-рама",Ведомость!$W$5:$W$1270,2) | AG55: =SUM(B55:AF55) | AH55: =IFERROR(INDEX(Исходные!$B$19:$B$31,MATCH(28,Исходные!$A$19:$A$31,0)),0) | AI55: =AG55*AH55*$AJ$2 | AJ55: =SUM(B55:D55,F55,H55,J55:M55) | AK55: =AH55 | AL55: =AJ55*AK55*$AJ$2 | AM55: =SUM(E55,G55,I55,N55:AB55) | AN55: =AH55 | AO55: =AM55*AN55*$AJ$2 | AP55: =SUM(AC55:AF55) | AQ55: =AH55 | AR55: =AP55*AQ55*$AJ$2
A56: Диаметр 25 А500С, L=м.п. | B56: =SUMIFS(Ведомость!$N$5:$N$1270,Ведомость!$H$5:$H$1270,25,Ведомость!$I$5:$I$1270,"А500С",Ведомость!$V$5:$V$1270,"Дм-1",Ведомость!$W$5:$W$1270,2) | C56: =SUMIFS(Ведомость!$N$5:$N$1270,Ведомость!$H$5:$H$1270,25,Ведомость!$I$5:$I$1270,"А500С",Ведомость!$V$5:$V$1270,"Дм-2",Ведомость!$W$5:$W$1270,2) | D56: =SUMIFS(Ведомость!$N$5:$N$1270,Ведомость!$H$5:$H$1270,25,Ведомость!$I$5:$I$1270,"А500С",Ведомость!$V$5:$V$1270,"К-А",Ведомость!$W$5:$W$1270,2) | E56: =SUMIFS(Ведомость!$N$5:$N$1270,Ведомость!$H$5:$H$1270,25,Ведомость!$I$5:$I$1270,"А500С",Ведомость!$V$5:$V$1270,"Р-А",Ведомость!$W$5:$W$1270,2) | F56: =SUMIFS(Ведомость!$N$5:$N$1270,Ведомость!$H$5:$H$1270,25,Ведомость!$I$5:$I$1270,"А500С",Ведомость!$V$5:$V$1270,"К-Б",Ведомость!$W$5:$W$1270,2) | G56: =SUMIFS(Ведомость!$N$5:$N$1270,Ведомость!$H$5:$H$1270,25,Ведомость!$I$5:$I$1270,"А500С",Ведомость!$V$5:$V$1270,"Р-Б",Ведомость!$W$5:$W$1270,2) | H56: =SUMIFS(Ведомость!$N$5:$N$1270,Ведомость!$H$5:$H$1270,25,Ведомость!$I$5:$I$1270,"А500С",Ведомость!$V$5:$V$1270,"К-В",Ведомость!$W$5:$W$1270,2) | I56: =SUMIFS(Ведомость!$N$5:$N$1270,Ведомость!$H$5:$H$1270,25,Ведомость!$I$5:$I$1270,"А500С",Ведомость!$V$5:$V$1270,"Р-В",Ведомость!$W$5:$W$1270,2) | J56: =SUMIFS(Ведомость!$N$5:$N$1270,Ведомость!$H$5:$H$1270,25,Ведомость!$I$5:$I$1270,"А500С",Ведомость!$V$5:$V$1270,"К-Г",Ведомость!$W$5:$W$1270,2) | K56: =SUMIFS(Ведомость!$N$5:$N$1270,Ведомость!$H$5:$H$1270,25,Ведомость!$I$5:$I$1270,"А500С",Ведомость!$V$5:$V$1270,"Дм-3",Ведомость!$W$5:$W$1270,2) | L56: =SUMIFS(Ведомость!$N$5:$N$1270,Ведомость!$H$5:$H$1270,25,Ведомость!$I$5:$I$1270,"А500С",Ведомость!$V$5:$V$1270,"Дм-4",Ведомость!$W$5:$W$1270,2) | M56: =SUMIFS(Ведомость!$N$5:$N$1270,Ведомость!$H$5:$H$1270,25,Ведомость!$I$5:$I$1270,"А500С",Ведомость!$V$5:$V$1270,"Дм-5",Ведомость!$W$5:$W$1270,2) | N56: =SUMIFS(Ведомость!$N$5:$N$1270,Ведомость!$H$5:$H$1270,25,Ведомость!$I$5:$I$1270,"А500С",Ведомость!$V$5:$V$1270,"Р-Г",Ведомость!$W$5:$W$1270,2) | O56: =SUMIFS(Ведомость!$N$5:$N$1270,Ведомость!$H$5:$H$1270,25,Ведомость!$I$5:$I$1270,"А500С",Ведомость!$V$5:$V$1270,"Р-1, 5",Ведомость!$W$5:$W$1270,2) | P56: =SUMIFS(Ведомость!$N$5:$N$1270,Ведомость!$H$5:$H$1270,25,Ведомость!$I$5:$I$1270,"А500С",Ведомость!$V$5:$V$1270,"Р-2",Ведомость!$W$5:$W$1270,2) | Q56: =SUMIFS(Ведомость!$N$5:$N$1270,Ведомость!$H$5:$H$1270,25,Ведомость!$I$5:$I$1270,"А500С",Ведомость!$V$5:$V$1270,"Р-3",Ведомость!$W$5:$W$1270,2) | R56: =SUMIFS(Ведомость!$N$5:$N$1270,Ведомость!$H$5:$H$1270,25,Ведомость!$I$5:$I$1270,"А500С",Ведомость!$V$5:$V$1270,"Р-4",Ведомость!$W$5:$W$1270,2) | S56: =SUMIFS(Ведомость!$N$5:$N$1270,Ведомость!$H$5:$H$1270,25,Ведомость!$I$5:$I$1270,"А500С",Ведомость!$V$5:$V$1270,"Б-основная",Ведомость!$W$5:$W$1270,2) | T56: =SUMIFS(Ведомость!$N$5:$N$1270,Ведомость!$H$5:$H$1270,25,Ведомость!$I$5:$I$1270,"А500С",Ведомость!$V$5:$V$1270,"Б-хомуты",Ведомость!$W$5:$W$1270,2) | U56: =SUMIFS(Ведомость!$N$5:$N$1270,Ведомость!$H$5:$H$1270,25,Ведомость!$I$5:$I$1270,"А500С",Ведомость!$V$5:$V$1270,"Б-допник",Ведомость!$W$5:$W$1270,2) | V56: =SUMIFS(Ведомость!$N$5:$N$1270,Ведомость!$H$5:$H$1270,25,Ведомость!$I$5:$I$1270,"А500С",Ведомость!$V$5:$V$1270,"П-сетка",Ведомость!$W$5:$W$1270,2) | W56: =SUMIFS(Ведомость!$N$5:$N$1270,Ведомость!$H$5:$H$1270,25,Ведомость!$I$5:$I$1270,"А500С",Ведомость!$V$5:$V$1270,"П-фикс",Ведомость!$W$5:$W$1270,2) | X56: =SUMIFS(Ведомость!$N$5:$N$1270,Ведомость!$H$5:$H$1270,25,Ведомость!$I$5:$I$1270,"А500С",Ведомость!$V$5:$V$1270,"П-отв",Ведомость!$W$5:$W$1270,2) | Y56: =SUMIFS(Ведомость!$N$5:$N$1270,Ведомость!$H$5:$H$1270,25,Ведомость!$I$5:$I$1270,"А500С",Ведомость!$V$5:$V$1270,"П-доп-низ",Ведомость!$W$5:$W$1270,2) | Z56: =SUMIFS(Ведомость!$N$5:$N$1270,Ведомость!$H$5:$H$1270,25,Ведомость!$I$5:$I$1270,"А500С",Ведомость!$V$5:$V$1270,"П-доп-верх",Ведомость!$W$5:$W$1270,2) | AA56: =SUMIFS(Ведомость!$N$5:$N$1270,Ведомость!$H$5:$H$1270,25,Ведомость!$I$5:$I$1270,"А500С",Ведомость!$V$5:$V$1270,"П-край",Ведомость!$W$5:$W$1270,2) | AB56: =SUMIFS(Ведомость!$N$5:$N$1270,Ведомость!$H$5:$H$1270,25,Ведомость!$I$5:$I$1270,"А500С",Ведомость!$V$5:$V$1270,"С-1",Ведомость!$W$5:$W$1270,2) | AC56: =SUMIFS(Ведомость!$N$5:$N$1270,Ведомость!$H$5:$H$1270,25,Ведомость!$I$5:$I$1270,"А500С",Ведомость!$V$5:$V$1270,"Л1",Ведомость!$W$5:$W$1270,2) | AD56: =SUMIFS(Ведомость!$N$5:$N$1270,Ведомость!$H$5:$H$1270,25,Ведомость!$I$5:$I$1270,"А500С",Ведомость!$V$5:$V$1270,"Л2",Ведомость!$W$5:$W$1270,2) | AE56: =SUMIFS(Ведомость!$N$5:$N$1270,Ведомость!$H$5:$H$1270,25,Ведомость!$I$5:$I$1270,"А500С",Ведомость!$V$5:$V$1270,"Л-пл",Ведомость!$W$5:$W$1270,2) | AF56: =SUMIFS(Ведомость!$N$5:$N$1270,Ведомость!$H$5:$H$1270,25,Ведомость!$I$5:$I$1270,"А500С",Ведомость!$V$5:$V$1270,"Л-рама",Ведомость!$W$5:$W$1270,2) | AG56: =SUM(B56:AF56) | AH56: =IFERROR(INDEX(Исходные!$B$19:$B$31,MATCH(25,Исходные!$A$19:$A$31,0)),0) | AI56: =AG56*AH56*$AJ$2 | AJ56: =SUM(B56:D56,F56,H56,J56:M56) | AK56: =AH56 | AL56: =AJ56*AK56*$AJ$2 | AM56: =SUM(E56,G56,I56,N56:AB56) | AN56: =AH56 | AO56: =AM56*AN56*$AJ$2 | AP56: =SUM(AC56:AF56) | AQ56: =AH56 | AR56: =AP56*AQ56*$AJ$2
A57: Диаметр 22 А500С, L=м.п. | B57: =SUMIFS(Ведомость!$N$5:$N$1270,Ведомость!$H$5:$H$1270,22,Ведомость!$I$5:$I$1270,"А500С",Ведомость!$V$5:$V$1270,"Дм-1",Ведомость!$W$5:$W$1270,2) | C57: =SUMIFS(Ведомость!$N$5:$N$1270,Ведомость!$H$5:$H$1270,22,Ведомость!$I$5:$I$1270,"А500С",Ведомость!$V$5:$V$1270,"Дм-2",Ведомость!$W$5:$W$1270,2) | D57: =SUMIFS(Ведомость!$N$5:$N$1270,Ведомость!$H$5:$H$1270,22,Ведомость!$I$5:$I$1270,"А500С",Ведомость!$V$5:$V$1270,"К-А",Ведомость!$W$5:$W$1270,2) | E57: =SUMIFS(Ведомость!$N$5:$N$1270,Ведомость!$H$5:$H$1270,22,Ведомость!$I$5:$I$1270,"А500С",Ведомость!$V$5:$V$1270,"Р-А",Ведомость!$W$5:$W$1270,2) | F57: =SUMIFS(Ведомость!$N$5:$N$1270,Ведомость!$H$5:$H$1270,22,Ведомость!$I$5:$I$1270,"А500С",Ведомость!$V$5:$V$1270,"К-Б",Ведомость!$W$5:$W$1270,2) | G57: =SUMIFS(Ведомость!$N$5:$N$1270,Ведомость!$H$5:$H$1270,22,Ведомость!$I$5:$I$1270,"А500С",Ведомость!$V$5:$V$1270,"Р-Б",Ведомость!$W$5:$W$1270,2) | H57: =SUMIFS(Ведомость!$N$5:$N$1270,Ведомость!$H$5:$H$1270,22,Ведомость!$I$5:$I$1270,"А500С",Ведомость!$V$5:$V$1270,"К-В",Ведомость!$W$5:$W$1270,2) | I57: =SUMIFS(Ведомость!$N$5:$N$1270,Ведомость!$H$5:$H$1270,22,Ведомость!$I$5:$I$1270,"А500С",Ведомость!$V$5:$V$1270,"Р-В",Ведомость!$W$5:$W$1270,2) | J57: =SUMIFS(Ведомость!$N$5:$N$1270,Ведомость!$H$5:$H$1270,22,Ведомость!$I$5:$I$1270,"А500С",Ведомость!$V$5:$V$1270,"К-Г",Ведомость!$W$5:$W$1270,2) | K57: =SUMIFS(Ведомость!$N$5:$N$1270,Ведомость!$H$5:$H$1270,22,Ведомость!$I$5:$I$1270,"А500С",Ведомость!$V$5:$V$1270,"Дм-3",Ведомость!$W$5:$W$1270,2) | L57: =SUMIFS(Ведомость!$N$5:$N$1270,Ведомость!$H$5:$H$1270,22,Ведомость!$I$5:$I$1270,"А500С",Ведомость!$V$5:$V$1270,"Дм-4",Ведомость!$W$5:$W$1270,2) | M57: =SUMIFS(Ведомость!$N$5:$N$1270,Ведомость!$H$5:$H$1270,22,Ведомость!$I$5:$I$1270,"А500С",Ведомость!$V$5:$V$1270,"Дм-5",Ведомость!$W$5:$W$1270,2) | N57: =SUMIFS(Ведомость!$N$5:$N$1270,Ведомость!$H$5:$H$1270,22,Ведомость!$I$5:$I$1270,"А500С",Ведомость!$V$5:$V$1270,"Р-Г",Ведомость!$W$5:$W$1270,2) | O57: =SUMIFS(Ведомость!$N$5:$N$1270,Ведомость!$H$5:$H$1270,22,Ведомость!$I$5:$I$1270,"А500С",Ведомость!$V$5:$V$1270,"Р-1, 5",Ведомость!$W$5:$W$1270,2) | P57: =SUMIFS(Ведомость!$N$5:$N$1270,Ведомость!$H$5:$H$1270,22,Ведомость!$I$5:$I$1270,"А500С",Ведомость!$V$5:$V$1270,"Р-2",Ведомость!$W$5:$W$1270,2) | Q57: =SUMIFS(Ведомость!$N$5:$N$1270,Ведомость!$H$5:$H$1270,22,Ведомость!$I$5:$I$1270,"А500С",Ведомость!$V$5:$V$1270,"Р-3",Ведомость!$W$5:$W$1270,2) | R57: =SUMIFS(Ведомость!$N$5:$N$1270,Ведомость!$H$5:$H$1270,22,Ведомость!$I$5:$I$1270,"А500С",Ведомость!$V$5:$V$1270,"Р-4",Ведомость!$W$5:$W$1270,2) | S57: =SUMIFS(Ведомость!$N$5:$N$1270,Ведомость!$H$5:$H$1270,22,Ведомость!$I$5:$I$1270,"А500С",Ведомость!$V$5:$V$1270,"Б-основная",Ведомость!$W$5:$W$1270,2) | T57: =SUMIFS(Ведомость!$N$5:$N$1270,Ведомость!$H$5:$H$1270,22,Ведомость!$I$5:$I$1270,"А500С",Ведомость!$V$5:$V$1270,"Б-хомуты",Ведомость!$W$5:$W$1270,2) | U57: =SUMIFS(Ведомость!$N$5:$N$1270,Ведомость!$H$5:$H$1270,22,Ведомость!$I$5:$I$1270,"А500С",Ведомость!$V$5:$V$1270,"Б-допник",Ведомость!$W$5:$W$1270,2) | V57: =SUMIFS(Ведомость!$N$5:$N$1270,Ведомость!$H$5:$H$1270,22,Ведомость!$I$5:$I$1270,"А500С",Ведомость!$V$5:$V$1270,"П-сетка",Ведомость!$W$5:$W$1270,2) | W57: =SUMIFS(Ведомость!$N$5:$N$1270,Ведомость!$H$5:$H$1270,22,Ведомость!$I$5:$I$1270,"А500С",Ведомость!$V$5:$V$1270,"П-фикс",Ведомость!$W$5:$W$1270,2) | X57: =SUMIFS(Ведомость!$N$5:$N$1270,Ведомость!$H$5:$H$1270,22,Ведомость!$I$5:$I$1270,"А500С",Ведомость!$V$5:$V$1270,"П-отв",Ведомость!$W$5:$W$1270,2) | Y57: =SUMIFS(Ведомость!$N$5:$N$1270,Ведомость!$H$5:$H$1270,22,Ведомость!$I$5:$I$1270,"А500С",Ведомость!$V$5:$V$1270,"П-доп-низ",Ведомость!$W$5:$W$1270,2) | Z57: =SUMIFS(Ведомость!$N$5:$N$1270,Ведомость!$H$5:$H$1270,22,Ведомость!$I$5:$I$1270,"А500С",Ведомость!$V$5:$V$1270,"П-доп-верх",Ведомость!$W$5:$W$1270,2) | AA57: =SUMIFS(Ведомость!$N$5:$N$1270,Ведомость!$H$5:$H$1270,22,Ведомость!$I$5:$I$1270,"А500С",Ведомость!$V$5:$V$1270,"П-край",Ведомость!$W$5:$W$1270,2) | AB57: =SUMIFS(Ведомость!$N$5:$N$1270,Ведомость!$H$5:$H$1270,22,Ведомость!$I$5:$I$1270,"А500С",Ведомость!$V$5:$V$1270,"С-1",Ведомость!$W$5:$W$1270,2) | AC57: =SUMIFS(Ведомость!$N$5:$N$1270,Ведомость!$H$5:$H$1270,22,Ведомость!$I$5:$I$1270,"А500С",Ведомость!$V$5:$V$1270,"Л1",Ведомость!$W$5:$W$1270,2) | AD57: =SUMIFS(Ведомость!$N$5:$N$1270,Ведомость!$H$5:$H$1270,22,Ведомость!$I$5:$I$1270,"А500С",Ведомость!$V$5:$V$1270,"Л2",Ведомость!$W$5:$W$1270,2) | AE57: =SUMIFS(Ведомость!$N$5:$N$1270,Ведомость!$H$5:$H$1270,22,Ведомость!$I$5:$I$1270,"А500С",Ведомость!$V$5:$V$1270,"Л-пл",Ведомость!$W$5:$W$1270,2) | AF57: =SUMIFS(Ведомость!$N$5:$N$1270,Ведомость!$H$5:$H$1270,22,Ведомость!$I$5:$I$1270,"А500С",Ведомость!$V$5:$V$1270,"Л-рама",Ведомость!$W$5:$W$1270,2) | AG57: =SUM(B57:AF57) | AH57: =IFERROR(INDEX(Исходные!$B$19:$B$31,MATCH(22,Исходные!$A$19:$A$31,0)),0) | AI57: =AG57*AH57*$AJ$2 | AJ57: =SUM(B57:D57,F57,H57,J57:M57) | AK57: =AH57 | AL57: =AJ57*AK57*$AJ$2 | AM57: =SUM(E57,G57,I57,N57:AB57) | AN57: =AH57 | AO57: =AM57*AN57*$AJ$2 | AP57: =SUM(AC57:AF57) | AQ57: =AH57 | AR57: =AP57*AQ57*$AJ$2
A58: Диаметр 20 А500С, L=м.п. | B58: =SUMIFS(Ведомость!$N$5:$N$1270,Ведомость!$H$5:$H$1270,20,Ведомость!$I$5:$I$1270,"А500С",Ведомость!$V$5:$V$1270,"Дм-1",Ведомость!$W$5:$W$1270,2) | C58: =SUMIFS(Ведомость!$N$5:$N$1270,Ведомость!$H$5:$H$1270,20,Ведомость!$I$5:$I$1270,"А500С",Ведомость!$V$5:$V$1270,"Дм-2",Ведомость!$W$5:$W$1270,2) | D58: =SUMIFS(Ведомость!$N$5:$N$1270,Ведомость!$H$5:$H$1270,20,Ведомость!$I$5:$I$1270,"А500С",Ведомость!$V$5:$V$1270,"К-А",Ведомость!$W$5:$W$1270,2) | E58: =SUMIFS(Ведомость!$N$5:$N$1270,Ведомость!$H$5:$H$1270,20,Ведомость!$I$5:$I$1270,"А500С",Ведомость!$V$5:$V$1270,"Р-А",Ведомость!$W$5:$W$1270,2) | F58: =SUMIFS(Ведомость!$N$5:$N$1270,Ведомость!$H$5:$H$1270,20,Ведомость!$I$5:$I$1270,"А500С",Ведомость!$V$5:$V$1270,"К-Б",Ведомость!$W$5:$W$1270,2) | G58: =SUMIFS(Ведомость!$N$5:$N$1270,Ведомость!$H$5:$H$1270,20,Ведомость!$I$5:$I$1270,"А500С",Ведомость!$V$5:$V$1270,"Р-Б",Ведомость!$W$5:$W$1270,2) | H58: =SUMIFS(Ведомость!$N$5:$N$1270,Ведомость!$H$5:$H$1270,20,Ведомость!$I$5:$I$1270,"А500С",Ведомость!$V$5:$V$1270,"К-В",Ведомость!$W$5:$W$1270,2) | I58: =SUMIFS(Ведомость!$N$5:$N$1270,Ведомость!$H$5:$H$1270,20,Ведомость!$I$5:$I$1270,"А500С",Ведомость!$V$5:$V$1270,"Р-В",Ведомость!$W$5:$W$1270,2) | J58: =SUMIFS(Ведомость!$N$5:$N$1270,Ведомость!$H$5:$H$1270,20,Ведомость!$I$5:$I$1270,"А500С",Ведомость!$V$5:$V$1270,"К-Г",Ведомость!$W$5:$W$1270,2) | K58: =SUMIFS(Ведомость!$N$5:$N$1270,Ведомость!$H$5:$H$1270,20,Ведомость!$I$5:$I$1270,"А500С",Ведомость!$V$5:$V$1270,"Дм-3",Ведомость!$W$5:$W$1270,2) | L58: =SUMIFS(Ведомость!$N$5:$N$1270,Ведомость!$H$5:$H$1270,20,Ведомость!$I$5:$I$1270,"А500С",Ведомость!$V$5:$V$1270,"Дм-4",Ведомость!$W$5:$W$1270,2) | M58: =SUMIFS(Ведомость!$N$5:$N$1270,Ведомость!$H$5:$H$1270,20,Ведомость!$I$5:$I$1270,"А500С",Ведомость!$V$5:$V$1270,"Дм-5",Ведомость!$W$5:$W$1270,2) | N58: =SUMIFS(Ведомость!$N$5:$N$1270,Ведомость!$H$5:$H$1270,20,Ведомость!$I$5:$I$1270,"А500С",Ведомость!$V$5:$V$1270,"Р-Г",Ведомость!$W$5:$W$1270,2) | O58: =SUMIFS(Ведомость!$N$5:$N$1270,Ведомость!$H$5:$H$1270,20,Ведомость!$I$5:$I$1270,"А500С",Ведомость!$V$5:$V$1270,"Р-1, 5",Ведомость!$W$5:$W$1270,2) | P58: =SUMIFS(Ведомость!$N$5:$N$1270,Ведомость!$H$5:$H$1270,20,Ведомость!$I$5:$I$1270,"А500С",Ведомость!$V$5:$V$1270,"Р-2",Ведомость!$W$5:$W$1270,2) | Q58: =SUMIFS(Ведомость!$N$5:$N$1270,Ведомость!$H$5:$H$1270,20,Ведомость!$I$5:$I$1270,"А500С",Ведомость!$V$5:$V$1270,"Р-3",Ведомость!$W$5:$W$1270,2) | R58: =SUMIFS(Ведомость!$N$5:$N$1270,Ведомость!$H$5:$H$1270,20,Ведомость!$I$5:$I$1270,"А500С",Ведомость!$V$5:$V$1270,"Р-4",Ведомость!$W$5:$W$1270,2) | S58: =SUMIFS(Ведомость!$N$5:$N$1270,Ведомость!$H$5:$H$1270,20,Ведомость!$I$5:$I$1270,"А500С",Ведомость!$V$5:$V$1270,"Б-основная",Ведомость!$W$5:$W$1270,2) | T58: =SUMIFS(Ведомость!$N$5:$N$1270,Ведомость!$H$5:$H$1270,20,Ведомость!$I$5:$I$1270,"А500С",Ведомость!$V$5:$V$1270,"Б-хомуты",Ведомость!$W$5:$W$1270,2) | U58: =SUMIFS(Ведомость!$N$5:$N$1270,Ведомость!$H$5:$H$1270,20,Ведомость!$I$5:$I$1270,"А500С",Ведомость!$V$5:$V$1270,"Б-допник",Ведомость!$W$5:$W$1270,2) | V58: =SUMIFS(Ведомость!$N$5:$N$1270,Ведомость!$H$5:$H$1270,20,Ведомость!$I$5:$I$1270,"А500С",Ведомость!$V$5:$V$1270,"П-сетка",Ведомость!$W$5:$W$1270,2) | W58: =SUMIFS(Ведомость!$N$5:$N$1270,Ведомость!$H$5:$H$1270,20,Ведомость!$I$5:$I$1270,"А500С",Ведомость!$V$5:$V$1270,"П-фикс",Ведомость!$W$5:$W$1270,2) | X58: =SUMIFS(Ведомость!$N$5:$N$1270,Ведомость!$H$5:$H$1270,20,Ведомость!$I$5:$I$1270,"А500С",Ведомость!$V$5:$V$1270,"П-отв",Ведомость!$W$5:$W$1270,2) | Y58: =SUMIFS(Ведомость!$N$5:$N$1270,Ведомость!$H$5:$H$1270,20,Ведомость!$I$5:$I$1270,"А500С",Ведомость!$V$5:$V$1270,"П-доп-низ",Ведомость!$W$5:$W$1270,2) | Z58: =SUMIFS(Ведомость!$N$5:$N$1270,Ведомость!$H$5:$H$1270,20,Ведомость!$I$5:$I$1270,"А500С",Ведомость!$V$5:$V$1270,"П-доп-верх",Ведомость!$W$5:$W$1270,2) | AA58: =SUMIFS(Ведомость!$N$5:$N$1270,Ведомость!$H$5:$H$1270,20,Ведомость!$I$5:$I$1270,"А500С",Ведомость!$V$5:$V$1270,"П-край",Ведомость!$W$5:$W$1270,2) | AB58: =SUMIFS(Ведомость!$N$5:$N$1270,Ведомость!$H$5:$H$1270,20,Ведомость!$I$5:$I$1270,"А500С",Ведомость!$V$5:$V$1270,"С-1",Ведомость!$W$5:$W$1270,2) | AC58: =SUMIFS(Ведомость!$N$5:$N$1270,Ведомость!$H$5:$H$1270,20,Ведомость!$I$5:$I$1270,"А500С",Ведомость!$V$5:$V$1270,"Л1",Ведомость!$W$5:$W$1270,2) | AD58: =SUMIFS(Ведомость!$N$5:$N$1270,Ведомость!$H$5:$H$1270,20,Ведомость!$I$5:$I$1270,"А500С",Ведомость!$V$5:$V$1270,"Л2",Ведомость!$W$5:$W$1270,2) | AE58: =SUMIFS(Ведомость!$N$5:$N$1270,Ведомость!$H$5:$H$1270,20,Ведомость!$I$5:$I$1270,"А500С",Ведомость!$V$5:$V$1270,"Л-пл",Ведомость!$W$5:$W$1270,2) | AF58: =SUMIFS(Ведомость!$N$5:$N$1270,Ведомость!$H$5:$H$1270,20,Ведомость!$I$5:$I$1270,"А500С",Ведомость!$V$5:$V$1270,"Л-рама",Ведомость!$W$5:$W$1270,2) | AG58: =SUM(B58:AF58) | AH58: =IFERROR(INDEX(Исходные!$B$19:$B$31,MATCH(20,Исходные!$A$19:$A$31,0)),0) | AI58: =AG58*AH58*$AJ$2 | AJ58: =SUM(B58:D58,F58,H58,J58:M58) | AK58: =AH58 | AL58: =AJ58*AK58*$AJ$2 | AM58: =SUM(E58,G58,I58,N58:AB58) | AN58: =AH58 | AO58: =AM58*AN58*$AJ$2 | AP58: =SUM(AC58:AF58) | AQ58: =AH58 | AR58: =AP58*AQ58*$AJ$2
A59: Диаметр 18 А500С, L=м.п. | B59: =SUMIFS(Ведомость!$N$5:$N$1270,Ведомость!$H$5:$H$1270,18,Ведомость!$I$5:$I$1270,"А500С",Ведомость!$V$5:$V$1270,"Дм-1",Ведомость!$W$5:$W$1270,2) | C59: =SUMIFS(Ведомость!$N$5:$N$1270,Ведомость!$H$5:$H$1270,18,Ведомость!$I$5:$I$1270,"А500С",Ведомость!$V$5:$V$1270,"Дм-2",Ведомость!$W$5:$W$1270,2) | D59: =SUMIFS(Ведомость!$N$5:$N$1270,Ведомость!$H$5:$H$1270,18,Ведомость!$I$5:$I$1270,"А500С",Ведомость!$V$5:$V$1270,"К-А",Ведомость!$W$5:$W$1270,2) | E59: =SUMIFS(Ведомость!$N$5:$N$1270,Ведомость!$H$5:$H$1270,18,Ведомость!$I$5:$I$1270,"А500С",Ведомость!$V$5:$V$1270,"Р-А",Ведомость!$W$5:$W$1270,2) | F59: =SUMIFS(Ведомость!$N$5:$N$1270,Ведомость!$H$5:$H$1270,18,Ведомость!$I$5:$I$1270,"А500С",Ведомость!$V$5:$V$1270,"К-Б",Ведомость!$W$5:$W$1270,2) | G59: =SUMIFS(Ведомость!$N$5:$N$1270,Ведомость!$H$5:$H$1270,18,Ведомость!$I$5:$I$1270,"А500С",Ведомость!$V$5:$V$1270,"Р-Б",Ведомость!$W$5:$W$1270,2) | H59: =SUMIFS(Ведомость!$N$5:$N$1270,Ведомость!$H$5:$H$1270,18,Ведомость!$I$5:$I$1270,"А500С",Ведомость!$V$5:$V$1270,"К-В",Ведомость!$W$5:$W$1270,2) | I59: =SUMIFS(Ведомость!$N$5:$N$1270,Ведомость!$H$5:$H$1270,18,Ведомость!$I$5:$I$1270,"А500С",Ведомость!$V$5:$V$1270,"Р-В",Ведомость!$W$5:$W$1270,2) | J59: =SUMIFS(Ведомость!$N$5:$N$1270,Ведомость!$H$5:$H$1270,18,Ведомость!$I$5:$I$1270,"А500С",Ведомость!$V$5:$V$1270,"К-Г",Ведомость!$W$5:$W$1270,2) | K59: =SUMIFS(Ведомость!$N$5:$N$1270,Ведомость!$H$5:$H$1270,18,Ведомость!$I$5:$I$1270,"А500С",Ведомость!$V$5:$V$1270,"Дм-3",Ведомость!$W$5:$W$1270,2) | L59: =SUMIFS(Ведомость!$N$5:$N$1270,Ведомость!$H$5:$H$1270,18,Ведомость!$I$5:$I$1270,"А500С",Ведомость!$V$5:$V$1270,"Дм-4",Ведомость!$W$5:$W$1270,2) | M59: =SUMIFS(Ведомость!$N$5:$N$1270,Ведомость!$H$5:$H$1270,18,Ведомость!$I$5:$I$1270,"А500С",Ведомость!$V$5:$V$1270,"Дм-5",Ведомость!$W$5:$W$1270,2) | N59: =SUMIFS(Ведомость!$N$5:$N$1270,Ведомость!$H$5:$H$1270,18,Ведомость!$I$5:$I$1270,"А500С",Ведомость!$V$5:$V$1270,"Р-Г",Ведомость!$W$5:$W$1270,2) | O59: =SUMIFS(Ведомость!$N$5:$N$1270,Ведомость!$H$5:$H$1270,18,Ведомость!$I$5:$I$1270,"А500С",Ведомость!$V$5:$V$1270,"Р-1, 5",Ведомость!$W$5:$W$1270,2) | P59: =SUMIFS(Ведомость!$N$5:$N$1270,Ведомость!$H$5:$H$1270,18,Ведомость!$I$5:$I$1270,"А500С",Ведомость!$V$5:$V$1270,"Р-2",Ведомость!$W$5:$W$1270,2) | Q59: =SUMIFS(Ведомость!$N$5:$N$1270,Ведомость!$H$5:$H$1270,18,Ведомость!$I$5:$I$1270,"А500С",Ведомость!$V$5:$V$1270,"Р-3",Ведомость!$W$5:$W$1270,2) | R59: =SUMIFS(Ведомость!$N$5:$N$1270,Ведомость!$H$5:$H$1270,18,Ведомость!$I$5:$I$1270,"А500С",Ведомость!$V$5:$V$1270,"Р-4",Ведомость!$W$5:$W$1270,2) | S59: =SUMIFS(Ведомость!$N$5:$N$1270,Ведомость!$H$5:$H$1270,18,Ведомость!$I$5:$I$1270,"А500С",Ведомость!$V$5:$V$1270,"Б-основная",Ведомость!$W$5:$W$1270,2) | T59: =SUMIFS(Ведомость!$N$5:$N$1270,Ведомость!$H$5:$H$1270,18,Ведомость!$I$5:$I$1270,"А500С",Ведомость!$V$5:$V$1270,"Б-хомуты",Ведомость!$W$5:$W$1270,2) | U59: =SUMIFS(Ведомость!$N$5:$N$1270,Ведомость!$H$5:$H$1270,18,Ведомость!$I$5:$I$1270,"А500С",Ведомость!$V$5:$V$1270,"Б-допник",Ведомость!$W$5:$W$1270,2) | V59: =SUMIFS(Ведомость!$N$5:$N$1270,Ведомость!$H$5:$H$1270,18,Ведомость!$I$5:$I$1270,"А500С",Ведомость!$V$5:$V$1270,"П-сетка",Ведомость!$W$5:$W$1270,2) | W59: =SUMIFS(Ведомость!$N$5:$N$1270,Ведомость!$H$5:$H$1270,18,Ведомость!$I$5:$I$1270,"А500С",Ведомость!$V$5:$V$1270,"П-фикс",Ведомость!$W$5:$W$1270,2) | X59: =SUMIFS(Ведомость!$N$5:$N$1270,Ведомость!$H$5:$H$1270,18,Ведомость!$I$5:$I$1270,"А500С",Ведомость!$V$5:$V$1270,"П-отв",Ведомость!$W$5:$W$1270,2) | Y59: =SUMIFS(Ведомость!$N$5:$N$1270,Ведомость!$H$5:$H$1270,18,Ведомость!$I$5:$I$1270,"А500С",Ведомость!$V$5:$V$1270,"П-доп-низ",Ведомость!$W$5:$W$1270,2) | Z59: =SUMIFS(Ведомость!$N$5:$N$1270,Ведомость!$H$5:$H$1270,18,Ведомость!$I$5:$I$1270,"А500С",Ведомость!$V$5:$V$1270,"П-доп-верх",Ведомость!$W$5:$W$1270,2) | AA59: =SUMIFS(Ведомость!$N$5:$N$1270,Ведомость!$H$5:$H$1270,18,Ведомость!$I$5:$I$1270,"А500С",Ведомость!$V$5:$V$1270,"П-край",Ведомость!$W$5:$W$1270,2) | AB59: =SUMIFS(Ведомость!$N$5:$N$1270,Ведомость!$H$5:$H$1270,18,Ведомость!$I$5:$I$1270,"А500С",Ведомость!$V$5:$V$1270,"С-1",Ведомость!$W$5:$W$1270,2) | AC59: =SUMIFS(Ведомость!$N$5:$N$1270,Ведомость!$H$5:$H$1270,18,Ведомость!$I$5:$I$1270,"А500С",Ведомость!$V$5:$V$1270,"Л1",Ведомость!$W$5:$W$1270,2) | AD59: =SUMIFS(Ведомость!$N$5:$N$1270,Ведомость!$H$5:$H$1270,18,Ведомость!$I$5:$I$1270,"А500С",Ведомость!$V$5:$V$1270,"Л2",Ведомость!$W$5:$W$1270,2) | AE59: =SUMIFS(Ведомость!$N$5:$N$1270,Ведомость!$H$5:$H$1270,18,Ведомость!$I$5:$I$1270,"А500С",Ведомость!$V$5:$V$1270,"Л-пл",Ведомость!$W$5:$W$1270,2) | AF59: =SUMIFS(Ведомость!$N$5:$N$1270,Ведомость!$H$5:$H$1270,18,Ведомость!$I$5:$I$1270,"А500С",Ведомость!$V$5:$V$1270,"Л-рама",Ведомость!$W$5:$W$1270,2) | AG59: =SUM(B59:AF59) | AH59: =IFERROR(INDEX(Исходные!$B$19:$B$31,MATCH(18,Исходные!$A$19:$A$31,0)),0) | AI59: =AG59*AH59*$AJ$2 | AJ59: =SUM(B59:D59,F59,H59,J59:M59) | AK59: =AH59 | AL59: =AJ59*AK59*$AJ$2 | AM59: =SUM(E59,G59,I59,N59:AB59) | AN59: =AH59 | AO59: =AM59*AN59*$AJ$2 | AP59: =SUM(AC59:AF59) | AQ59: =AH59 | AR59: =AP59*AQ59*$AJ$2
A60: Диаметр 16 А500С, L=м.п. | B60: =SUMIFS(Ведомость!$N$5:$N$1270,Ведомость!$H$5:$H$1270,16,Ведомость!$I$5:$I$1270,"А500С",Ведомость!$V$5:$V$1270,"Дм-1",Ведомость!$W$5:$W$1270,2) | C60: =SUMIFS(Ведомость!$N$5:$N$1270,Ведомость!$H$5:$H$1270,16,Ведомость!$I$5:$I$1270,"А500С",Ведомость!$V$5:$V$1270,"Дм-2",Ведомость!$W$5:$W$1270,2) | D60: =SUMIFS(Ведомость!$N$5:$N$1270,Ведомость!$H$5:$H$1270,16,Ведомость!$I$5:$I$1270,"А500С",Ведомость!$V$5:$V$1270,"К-А",Ведомость!$W$5:$W$1270,2) | E60: =SUMIFS(Ведомость!$N$5:$N$1270,Ведомость!$H$5:$H$1270,16,Ведомость!$I$5:$I$1270,"А500С",Ведомость!$V$5:$V$1270,"Р-А",Ведомость!$W$5:$W$1270,2) | F60: =SUMIFS(Ведомость!$N$5:$N$1270,Ведомость!$H$5:$H$1270,16,Ведомость!$I$5:$I$1270,"А500С",Ведомость!$V$5:$V$1270,"К-Б",Ведомость!$W$5:$W$1270,2) | G60: =SUMIFS(Ведомость!$N$5:$N$1270,Ведомость!$H$5:$H$1270,16,Ведомость!$I$5:$I$1270,"А500С",Ведомость!$V$5:$V$1270,"Р-Б",Ведомость!$W$5:$W$1270,2) | H60: =SUMIFS(Ведомость!$N$5:$N$1270,Ведомость!$H$5:$H$1270,16,Ведомость!$I$5:$I$1270,"А500С",Ведомость!$V$5:$V$1270,"К-В",Ведомость!$W$5:$W$1270,2) | I60: =SUMIFS(Ведомость!$N$5:$N$1270,Ведомость!$H$5:$H$1270,16,Ведомость!$I$5:$I$1270,"А500С",Ведомость!$V$5:$V$1270,"Р-В",Ведомость!$W$5:$W$1270,2) | J60: =SUMIFS(Ведомость!$N$5:$N$1270,Ведомость!$H$5:$H$1270,16,Ведомость!$I$5:$I$1270,"А500С",Ведомость!$V$5:$V$1270,"К-Г",Ведомость!$W$5:$W$1270,2) | K60: =SUMIFS(Ведомость!$N$5:$N$1270,Ведомость!$H$5:$H$1270,16,Ведомость!$I$5:$I$1270,"А500С",Ведомость!$V$5:$V$1270,"Дм-3",Ведомость!$W$5:$W$1270,2) | L60: =SUMIFS(Ведомость!$N$5:$N$1270,Ведомость!$H$5:$H$1270,16,Ведомость!$I$5:$I$1270,"А500С",Ведомость!$V$5:$V$1270,"Дм-4",Ведомость!$W$5:$W$1270,2) | M60: =SUMIFS(Ведомость!$N$5:$N$1270,Ведомость!$H$5:$H$1270,16,Ведомость!$I$5:$I$1270,"А500С",Ведомость!$V$5:$V$1270,"Дм-5",Ведомость!$W$5:$W$1270,2) | N60: =SUMIFS(Ведомость!$N$5:$N$1270,Ведомость!$H$5:$H$1270,16,Ведомость!$I$5:$I$1270,"А500С",Ведомость!$V$5:$V$1270,"Р-Г",Ведомость!$W$5:$W$1270,2) | O60: =SUMIFS(Ведомость!$N$5:$N$1270,Ведомость!$H$5:$H$1270,16,Ведомость!$I$5:$I$1270,"А500С",Ведомость!$V$5:$V$1270,"Р-1, 5",Ведомость!$W$5:$W$1270,2) | P60: =SUMIFS(Ведомость!$N$5:$N$1270,Ведомость!$H$5:$H$1270,16,Ведомость!$I$5:$I$1270,"А500С",Ведомость!$V$5:$V$1270,"Р-2",Ведомость!$W$5:$W$1270,2) | Q60: =SUMIFS(Ведомость!$N$5:$N$1270,Ведомость!$H$5:$H$1270,16,Ведомость!$I$5:$I$1270,"А500С",Ведомость!$V$5:$V$1270,"Р-3",Ведомость!$W$5:$W$1270,2) | R60: =SUMIFS(Ведомость!$N$5:$N$1270,Ведомость!$H$5:$H$1270,16,Ведомость!$I$5:$I$1270,"А500С",Ведомость!$V$5:$V$1270,"Р-4",Ведомость!$W$5:$W$1270,2) | S60: =SUMIFS(Ведомость!$N$5:$N$1270,Ведомость!$H$5:$H$1270,16,Ведомость!$I$5:$I$1270,"А500С",Ведомость!$V$5:$V$1270,"Б-основная",Ведомость!$W$5:$W$1270,2) | T60: =SUMIFS(Ведомость!$N$5:$N$1270,Ведомость!$H$5:$H$1270,16,Ведомость!$I$5:$I$1270,"А500С",Ведомость!$V$5:$V$1270,"Б-хомуты",Ведомость!$W$5:$W$1270,2) | U60: =SUMIFS(Ведомость!$N$5:$N$1270,Ведомость!$H$5:$H$1270,16,Ведомость!$I$5:$I$1270,"А500С",Ведомость!$V$5:$V$1270,"Б-допник",Ведомость!$W$5:$W$1270,2) | V60: =SUMIFS(Ведомость!$N$5:$N$1270,Ведомость!$H$5:$H$1270,16,Ведомость!$I$5:$I$1270,"А500С",Ведомость!$V$5:$V$1270,"П-сетка",Ведомость!$W$5:$W$1270,2) | W60: =SUMIFS(Ведомость!$N$5:$N$1270,Ведомость!$H$5:$H$1270,16,Ведомость!$I$5:$I$1270,"А500С",Ведомость!$V$5:$V$1270,"П-фикс",Ведомость!$W$5:$W$1270,2) | X60: =SUMIFS(Ведомость!$N$5:$N$1270,Ведомость!$H$5:$H$1270,16,Ведомость!$I$5:$I$1270,"А500С",Ведомость!$V$5:$V$1270,"П-отв",Ведомость!$W$5:$W$1270,2) | Y60: =SUMIFS(Ведомость!$N$5:$N$1270,Ведомость!$H$5:$H$1270,16,Ведомость!$I$5:$I$1270,"А500С",Ведомость!$V$5:$V$1270,"П-доп-низ",Ведомость!$W$5:$W$1270,2) | Z60: =SUMIFS(Ведомость!$N$5:$N$1270,Ведомость!$H$5:$H$1270,16,Ведомость!$I$5:$I$1270,"А500С",Ведомость!$V$5:$V$1270,"П-доп-верх",Ведомость!$W$5:$W$1270,2) | AA60: =SUMIFS(Ведомость!$N$5:$N$1270,Ведомость!$H$5:$H$1270,16,Ведомость!$I$5:$I$1270,"А500С",Ведомость!$V$5:$V$1270,"П-край",Ведомость!$W$5:$W$1270,2) | AB60: =SUMIFS(Ведомость!$N$5:$N$1270,Ведомость!$H$5:$H$1270,16,Ведомость!$I$5:$I$1270,"А500С",Ведомость!$V$5:$V$1270,"С-1",Ведомость!$W$5:$W$1270,2) | AC60: =SUMIFS(Ведомость!$N$5:$N$1270,Ведомость!$H$5:$H$1270,16,Ведомость!$I$5:$I$1270,"А500С",Ведомость!$V$5:$V$1270,"Л1",Ведомость!$W$5:$W$1270,2) | AD60: =SUMIFS(Ведомость!$N$5:$N$1270,Ведомость!$H$5:$H$1270,16,Ведомость!$I$5:$I$1270,"А500С",Ведомость!$V$5:$V$1270,"Л2",Ведомость!$W$5:$W$1270,2) | AE60: =SUMIFS(Ведомость!$N$5:$N$1270,Ведомость!$H$5:$H$1270,16,Ведомость!$I$5:$I$1270,"А500С",Ведомость!$V$5:$V$1270,"Л-пл",Ведомость!$W$5:$W$1270,2) | AF60: =SUMIFS(Ведомость!$N$5:$N$1270,Ведомость!$H$5:$H$1270,16,Ведомость!$I$5:$I$1270,"А500С",Ведомость!$V$5:$V$1270,"Л-рама",Ведомость!$W$5:$W$1270,2) | AG60: =SUM(B60:AF60) | AH60: =IFERROR(INDEX(Исходные!$B$19:$B$31,MATCH(16,Исходные!$A$19:$A$31,0)),0) | AI60: =AG60*AH60*$AJ$2 | AJ60: =SUM(B60:D60,F60,H60,J60:M60) | AK60: =AH60 | AL60: =AJ60*AK60*$AJ$2 | AM60: =SUM(E60,G60,I60,N60:AB60) | AN60: =AH60 | AO60: =AM60*AN60*$AJ$2 | AP60: =SUM(AC60:AF60) | AQ60: =AH60 | AR60: =AP60*AQ60*$AJ$2
A61: Диаметр 14 А500С, L=м.п. | B61: =SUMIFS(Ведомость!$N$5:$N$1270,Ведомость!$H$5:$H$1270,14,Ведомость!$I$5:$I$1270,"А500С",Ведомость!$V$5:$V$1270,"Дм-1",Ведомость!$W$5:$W$1270,2) | C61: =SUMIFS(Ведомость!$N$5:$N$1270,Ведомость!$H$5:$H$1270,14,Ведомость!$I$5:$I$1270,"А500С",Ведомость!$V$5:$V$1270,"Дм-2",Ведомость!$W$5:$W$1270,2) | D61: =SUMIFS(Ведомость!$N$5:$N$1270,Ведомость!$H$5:$H$1270,14,Ведомость!$I$5:$I$1270,"А500С",Ведомость!$V$5:$V$1270,"К-А",Ведомость!$W$5:$W$1270,2) | E61: =SUMIFS(Ведомость!$N$5:$N$1270,Ведомость!$H$5:$H$1270,14,Ведомость!$I$5:$I$1270,"А500С",Ведомость!$V$5:$V$1270,"Р-А",Ведомость!$W$5:$W$1270,2) | F61: =SUMIFS(Ведомость!$N$5:$N$1270,Ведомость!$H$5:$H$1270,14,Ведомость!$I$5:$I$1270,"А500С",Ведомость!$V$5:$V$1270,"К-Б",Ведомость!$W$5:$W$1270,2) | G61: =SUMIFS(Ведомость!$N$5:$N$1270,Ведомость!$H$5:$H$1270,14,Ведомость!$I$5:$I$1270,"А500С",Ведомость!$V$5:$V$1270,"Р-Б",Ведомость!$W$5:$W$1270,2) | H61: =SUMIFS(Ведомость!$N$5:$N$1270,Ведомость!$H$5:$H$1270,14,Ведомость!$I$5:$I$1270,"А500С",Ведомость!$V$5:$V$1270,"К-В",Ведомость!$W$5:$W$1270,2) | I61: =SUMIFS(Ведомость!$N$5:$N$1270,Ведомость!$H$5:$H$1270,14,Ведомость!$I$5:$I$1270,"А500С",Ведомость!$V$5:$V$1270,"Р-В",Ведомость!$W$5:$W$1270,2) | J61: =SUMIFS(Ведомость!$N$5:$N$1270,Ведомость!$H$5:$H$1270,14,Ведомость!$I$5:$I$1270,"А500С",Ведомость!$V$5:$V$1270,"К-Г",Ведомость!$W$5:$W$1270,2) | K61: =SUMIFS(Ведомость!$N$5:$N$1270,Ведомость!$H$5:$H$1270,14,Ведомость!$I$5:$I$1270,"А500С",Ведомость!$V$5:$V$1270,"Дм-3",Ведомость!$W$5:$W$1270,2) | L61: =SUMIFS(Ведомость!$N$5:$N$1270,Ведомость!$H$5:$H$1270,14,Ведомость!$I$5:$I$1270,"А500С",Ведомость!$V$5:$V$1270,"Дм-4",Ведомость!$W$5:$W$1270,2) | M61: =SUMIFS(Ведомость!$N$5:$N$1270,Ведомость!$H$5:$H$1270,14,Ведомость!$I$5:$I$1270,"А500С",Ведомость!$V$5:$V$1270,"Дм-5",Ведомость!$W$5:$W$1270,2) | N61: =SUMIFS(Ведомость!$N$5:$N$1270,Ведомость!$H$5:$H$1270,14,Ведомость!$I$5:$I$1270,"А500С",Ведомость!$V$5:$V$1270,"Р-Г",Ведомость!$W$5:$W$1270,2) | O61: =SUMIFS(Ведомость!$N$5:$N$1270,Ведомость!$H$5:$H$1270,14,Ведомость!$I$5:$I$1270,"А500С",Ведомость!$V$5:$V$1270,"Р-1, 5",Ведомость!$W$5:$W$1270,2) | P61: =SUMIFS(Ведомость!$N$5:$N$1270,Ведомость!$H$5:$H$1270,14,Ведомость!$I$5:$I$1270,"А500С",Ведомость!$V$5:$V$1270,"Р-2",Ведомость!$W$5:$W$1270,2) | Q61: =SUMIFS(Ведомость!$N$5:$N$1270,Ведомость!$H$5:$H$1270,14,Ведомость!$I$5:$I$1270,"А500С",Ведомость!$V$5:$V$1270,"Р-3",Ведомость!$W$5:$W$1270,2) | R61: =SUMIFS(Ведомость!$N$5:$N$1270,Ведомость!$H$5:$H$1270,14,Ведомость!$I$5:$I$1270,"А500С",Ведомость!$V$5:$V$1270,"Р-4",Ведомость!$W$5:$W$1270,2) | S61: =SUMIFS(Ведомость!$N$5:$N$1270,Ведомость!$H$5:$H$1270,14,Ведомость!$I$5:$I$1270,"А500С",Ведомость!$V$5:$V$1270,"Б-основная",Ведомость!$W$5:$W$1270,2) | T61: =SUMIFS(Ведомость!$N$5:$N$1270,Ведомость!$H$5:$H$1270,14,Ведомость!$I$5:$I$1270,"А500С",Ведомость!$V$5:$V$1270,"Б-хомуты",Ведомость!$W$5:$W$1270,2) | U61: =SUMIFS(Ведомость!$N$5:$N$1270,Ведомость!$H$5:$H$1270,14,Ведомость!$I$5:$I$1270,"А500С",Ведомость!$V$5:$V$1270,"Б-допник",Ведомость!$W$5:$W$1270,2) | V61: =SUMIFS(Ведомость!$N$5:$N$1270,Ведомость!$H$5:$H$1270,14,Ведомость!$I$5:$I$1270,"А500С",Ведомость!$V$5:$V$1270,"П-сетка",Ведомость!$W$5:$W$1270,2) | W61: =SUMIFS(Ведомость!$N$5:$N$1270,Ведомость!$H$5:$H$1270,14,Ведомость!$I$5:$I$1270,"А500С",Ведомость!$V$5:$V$1270,"П-фикс",Ведомость!$W$5:$W$1270,2) | X61: =SUMIFS(Ведомость!$N$5:$N$1270,Ведомость!$H$5:$H$1270,14,Ведомость!$I$5:$I$1270,"А500С",Ведомость!$V$5:$V$1270,"П-отв",Ведомость!$W$5:$W$1270,2) | Y61: =SUMIFS(Ведомость!$N$5:$N$1270,Ведомость!$H$5:$H$1270,14,Ведомость!$I$5:$I$1270,"А500С",Ведомость!$V$5:$V$1270,"П-доп-низ",Ведомость!$W$5:$W$1270,2) | Z61: =SUMIFS(Ведомость!$N$5:$N$1270,Ведомость!$H$5:$H$1270,14,Ведомость!$I$5:$I$1270,"А500С",Ведомость!$V$5:$V$1270,"П-доп-верх",Ведомость!$W$5:$W$1270,2) | AA61: =SUMIFS(Ведомость!$N$5:$N$1270,Ведомость!$H$5:$H$1270,14,Ведомость!$I$5:$I$1270,"А500С",Ведомость!$V$5:$V$1270,"П-край",Ведомость!$W$5:$W$1270,2) | AB61: =SUMIFS(Ведомость!$N$5:$N$1270,Ведомость!$H$5:$H$1270,14,Ведомость!$I$5:$I$1270,"А500С",Ведомость!$V$5:$V$1270,"С-1",Ведомость!$W$5:$W$1270,2) | AC61: =SUMIFS(Ведомость!$N$5:$N$1270,Ведомость!$H$5:$H$1270,14,Ведомость!$I$5:$I$1270,"А500С",Ведомость!$V$5:$V$1270,"Л1",Ведомость!$W$5:$W$1270,2) | AD61: =SUMIFS(Ведомость!$N$5:$N$1270,Ведомость!$H$5:$H$1270,14,Ведомость!$I$5:$I$1270,"А500С",Ведомость!$V$5:$V$1270,"Л2",Ведомость!$W$5:$W$1270,2) | AE61: =SUMIFS(Ведомость!$N$5:$N$1270,Ведомость!$H$5:$H$1270,14,Ведомость!$I$5:$I$1270,"А500С",Ведомость!$V$5:$V$1270,"Л-пл",Ведомость!$W$5:$W$1270,2) | AF61: =SUMIFS(Ведомость!$N$5:$N$1270,Ведомость!$H$5:$H$1270,14,Ведомость!$I$5:$I$1270,"А500С",Ведомость!$V$5:$V$1270,"Л-рама",Ведомость!$W$5:$W$1270,2) | AG61: =SUM(B61:AF61) | AH61: =IFERROR(INDEX(Исходные!$B$19:$B$31,MATCH(14,Исходные!$A$19:$A$31,0)),0) | AI61: =AG61*AH61*$AJ$2 | AJ61: =SUM(B61:D61,F61,H61,J61:M61) | AK61: =AH61 | AL61: =AJ61*AK61*$AJ$2 | AM61: =SUM(E61,G61,I61,N61:AB61) | AN61: =AH61 | AO61: =AM61*AN61*$AJ$2 | AP61: =SUM(AC61:AF61) | AQ61: =AH61 | AR61: =AP61*AQ61*$AJ$2
A62: Диаметр 12 А500С, L=м.п. | B62: =SUMIFS(Ведомость!$N$5:$N$1270,Ведомость!$H$5:$H$1270,12,Ведомость!$I$5:$I$1270,"А500С",Ведомость!$V$5:$V$1270,"Дм-1",Ведомость!$W$5:$W$1270,2) | C62: =SUMIFS(Ведомость!$N$5:$N$1270,Ведомость!$H$5:$H$1270,12,Ведомость!$I$5:$I$1270,"А500С",Ведомость!$V$5:$V$1270,"Дм-2",Ведомость!$W$5:$W$1270,2) | D62: =SUMIFS(Ведомость!$N$5:$N$1270,Ведомость!$H$5:$H$1270,12,Ведомость!$I$5:$I$1270,"А500С",Ведомость!$V$5:$V$1270,"К-А",Ведомость!$W$5:$W$1270,2) | E62: =SUMIFS(Ведомость!$N$5:$N$1270,Ведомость!$H$5:$H$1270,12,Ведомость!$I$5:$I$1270,"А500С",Ведомость!$V$5:$V$1270,"Р-А",Ведомость!$W$5:$W$1270,2) | F62: =SUMIFS(Ведомость!$N$5:$N$1270,Ведомость!$H$5:$H$1270,12,Ведомость!$I$5:$I$1270,"А500С",Ведомость!$V$5:$V$1270,"К-Б",Ведомость!$W$5:$W$1270,2) | G62: =SUMIFS(Ведомость!$N$5:$N$1270,Ведомость!$H$5:$H$1270,12,Ведомость!$I$5:$I$1270,"А500С",Ведомость!$V$5:$V$1270,"Р-Б",Ведомость!$W$5:$W$1270,2) | H62: =SUMIFS(Ведомость!$N$5:$N$1270,Ведомость!$H$5:$H$1270,12,Ведомость!$I$5:$I$1270,"А500С",Ведомость!$V$5:$V$1270,"К-В",Ведомость!$W$5:$W$1270,2) | I62: =SUMIFS(Ведомость!$N$5:$N$1270,Ведомость!$H$5:$H$1270,12,Ведомость!$I$5:$I$1270,"А500С",Ведомость!$V$5:$V$1270,"Р-В",Ведомость!$W$5:$W$1270,2) | J62: =SUMIFS(Ведомость!$N$5:$N$1270,Ведомость!$H$5:$H$1270,12,Ведомость!$I$5:$I$1270,"А500С",Ведомость!$V$5:$V$1270,"К-Г",Ведомость!$W$5:$W$1270,2) | K62: =SUMIFS(Ведомость!$N$5:$N$1270,Ведомость!$H$5:$H$1270,12,Ведомость!$I$5:$I$1270,"А500С",Ведомость!$V$5:$V$1270,"Дм-3",Ведомость!$W$5:$W$1270,2) | L62: =SUMIFS(Ведомость!$N$5:$N$1270,Ведомость!$H$5:$H$1270,12,Ведомость!$I$5:$I$1270,"А500С",Ведомость!$V$5:$V$1270,"Дм-4",Ведомость!$W$5:$W$1270,2) | M62: =SUMIFS(Ведомость!$N$5:$N$1270,Ведомость!$H$5:$H$1270,12,Ведомость!$I$5:$I$1270,"А500С",Ведомость!$V$5:$V$1270,"Дм-5",Ведомость!$W$5:$W$1270,2) | N62: =SUMIFS(Ведомость!$N$5:$N$1270,Ведомость!$H$5:$H$1270,12,Ведомость!$I$5:$I$1270,"А500С",Ведомость!$V$5:$V$1270,"Р-Г",Ведомость!$W$5:$W$1270,2) | O62: =SUMIFS(Ведомость!$N$5:$N$1270,Ведомость!$H$5:$H$1270,12,Ведомость!$I$5:$I$1270,"А500С",Ведомость!$V$5:$V$1270,"Р-1, 5",Ведомость!$W$5:$W$1270,2) | P62: =SUMIFS(Ведомость!$N$5:$N$1270,Ведомость!$H$5:$H$1270,12,Ведомость!$I$5:$I$1270,"А500С",Ведомость!$V$5:$V$1270,"Р-2",Ведомость!$W$5:$W$1270,2) | Q62: =SUMIFS(Ведомость!$N$5:$N$1270,Ведомость!$H$5:$H$1270,12,Ведомость!$I$5:$I$1270,"А500С",Ведомость!$V$5:$V$1270,"Р-3",Ведомость!$W$5:$W$1270,2) | R62: =SUMIFS(Ведомость!$N$5:$N$1270,Ведомость!$H$5:$H$1270,12,Ведомость!$I$5:$I$1270,"А500С",Ведомость!$V$5:$V$1270,"Р-4",Ведомость!$W$5:$W$1270,2) | S62: =SUMIFS(Ведомость!$N$5:$N$1270,Ведомость!$H$5:$H$1270,12,Ведомость!$I$5:$I$1270,"А500С",Ведомость!$V$5:$V$1270,"Б-основная",Ведомость!$W$5:$W$1270,2) | T62: =SUMIFS(Ведомость!$N$5:$N$1270,Ведомость!$H$5:$H$1270,12,Ведомость!$I$5:$I$1270,"А500С",Ведомость!$V$5:$V$1270,"Б-хомуты",Ведомость!$W$5:$W$1270,2) | U62: =SUMIFS(Ведомость!$N$5:$N$1270,Ведомость!$H$5:$H$1270,12,Ведомость!$I$5:$I$1270,"А500С",Ведомость!$V$5:$V$1270,"Б-допник",Ведомость!$W$5:$W$1270,2) | V62: =SUMIFS(Ведомость!$N$5:$N$1270,Ведомость!$H$5:$H$1270,12,Ведомость!$I$5:$I$1270,"А500С",Ведомость!$V$5:$V$1270,"П-сетка",Ведомость!$W$5:$W$1270,2) | W62: =SUMIFS(Ведомость!$N$5:$N$1270,Ведомость!$H$5:$H$1270,12,Ведомость!$I$5:$I$1270,"А500С",Ведомость!$V$5:$V$1270,"П-фикс",Ведомость!$W$5:$W$1270,2) | X62: =SUMIFS(Ведомость!$N$5:$N$1270,Ведомость!$H$5:$H$1270,12,Ведомость!$I$5:$I$1270,"А500С",Ведомость!$V$5:$V$1270,"П-отв",Ведомость!$W$5:$W$1270,2) | Y62: =SUMIFS(Ведомость!$N$5:$N$1270,Ведомость!$H$5:$H$1270,12,Ведомость!$I$5:$I$1270,"А500С",Ведомость!$V$5:$V$1270,"П-доп-низ",Ведомость!$W$5:$W$1270,2) | Z62: =SUMIFS(Ведомость!$N$5:$N$1270,Ведомость!$H$5:$H$1270,12,Ведомость!$I$5:$I$1270,"А500С",Ведомость!$V$5:$V$1270,"П-доп-верх",Ведомость!$W$5:$W$1270,2) | AA62: =SUMIFS(Ведомость!$N$5:$N$1270,Ведомость!$H$5:$H$1270,12,Ведомость!$I$5:$I$1270,"А500С",Ведомость!$V$5:$V$1270,"П-край",Ведомость!$W$5:$W$1270,2) | AB62: =SUMIFS(Ведомость!$N$5:$N$1270,Ведомость!$H$5:$H$1270,12,Ведомость!$I$5:$I$1270,"А500С",Ведомость!$V$5:$V$1270,"С-1",Ведомость!$W$5:$W$1270,2) | AC62: =SUMIFS(Ведомость!$N$5:$N$1270,Ведомость!$H$5:$H$1270,12,Ведомость!$I$5:$I$1270,"А500С",Ведомость!$V$5:$V$1270,"Л1",Ведомость!$W$5:$W$1270,2) | AD62: =SUMIFS(Ведомость!$N$5:$N$1270,Ведомость!$H$5:$H$1270,12,Ведомость!$I$5:$I$1270,"А500С",Ведомость!$V$5:$V$1270,"Л2",Ведомость!$W$5:$W$1270,2) | AE62: =SUMIFS(Ведомость!$N$5:$N$1270,Ведомость!$H$5:$H$1270,12,Ведомость!$I$5:$I$1270,"А500С",Ведомость!$V$5:$V$1270,"Л-пл",Ведомость!$W$5:$W$1270,2) | AF62: =SUMIFS(Ведомость!$N$5:$N$1270,Ведомость!$H$5:$H$1270,12,Ведомость!$I$5:$I$1270,"А500С",Ведомость!$V$5:$V$1270,"Л-рама",Ведомость!$W$5:$W$1270,2) | AG62: =SUM(B62:AF62) | AH62: =IFERROR(INDEX(Исходные!$B$19:$B$31,MATCH(12,Исходные!$A$19:$A$31,0)),0) | AI62: =AG62*AH62*$AJ$2 | AJ62: =SUM(B62:D62,F62,H62,J62:M62) | AK62: =AH62 | AL62: =AJ62*AK62*$AJ$2 | AM62: =SUM(E62,G62,I62,N62:AB62) | AN62: =AH62 | AO62: =AM62*AN62*$AJ$2 | AP62: =SUM(AC62:AF62) | AQ62: =AH62 | AR62: =AP62*AQ62*$AJ$2
A63: Диаметр 10 А500С, L=м.п. | B63: =SUMIFS(Ведомость!$N$5:$N$1270,Ведомость!$H$5:$H$1270,10,Ведомость!$I$5:$I$1270,"А500С",Ведомость!$V$5:$V$1270,"Дм-1",Ведомость!$W$5:$W$1270,2) | C63: =SUMIFS(Ведомость!$N$5:$N$1270,Ведомость!$H$5:$H$1270,10,Ведомость!$I$5:$I$1270,"А500С",Ведомость!$V$5:$V$1270,"Дм-2",Ведомость!$W$5:$W$1270,2) | D63: =SUMIFS(Ведомость!$N$5:$N$1270,Ведомость!$H$5:$H$1270,10,Ведомость!$I$5:$I$1270,"А500С",Ведомость!$V$5:$V$1270,"К-А",Ведомость!$W$5:$W$1270,2) | E63: =SUMIFS(Ведомость!$N$5:$N$1270,Ведомость!$H$5:$H$1270,10,Ведомость!$I$5:$I$1270,"А500С",Ведомость!$V$5:$V$1270,"Р-А",Ведомость!$W$5:$W$1270,2) | F63: =SUMIFS(Ведомость!$N$5:$N$1270,Ведомость!$H$5:$H$1270,10,Ведомость!$I$5:$I$1270,"А500С",Ведомость!$V$5:$V$1270,"К-Б",Ведомость!$W$5:$W$1270,2) | G63: =SUMIFS(Ведомость!$N$5:$N$1270,Ведомость!$H$5:$H$1270,10,Ведомость!$I$5:$I$1270,"А500С",Ведомость!$V$5:$V$1270,"Р-Б",Ведомость!$W$5:$W$1270,2) | H63: =SUMIFS(Ведомость!$N$5:$N$1270,Ведомость!$H$5:$H$1270,10,Ведомость!$I$5:$I$1270,"А500С",Ведомость!$V$5:$V$1270,"К-В",Ведомость!$W$5:$W$1270,2) | I63: =SUMIFS(Ведомость!$N$5:$N$1270,Ведомость!$H$5:$H$1270,10,Ведомость!$I$5:$I$1270,"А500С",Ведомость!$V$5:$V$1270,"Р-В",Ведомость!$W$5:$W$1270,2) | J63: =SUMIFS(Ведомость!$N$5:$N$1270,Ведомость!$H$5:$H$1270,10,Ведомость!$I$5:$I$1270,"А500С",Ведомость!$V$5:$V$1270,"К-Г",Ведомость!$W$5:$W$1270,2) | K63: =SUMIFS(Ведомость!$N$5:$N$1270,Ведомость!$H$5:$H$1270,10,Ведомость!$I$5:$I$1270,"А500С",Ведомость!$V$5:$V$1270,"Дм-3",Ведомость!$W$5:$W$1270,2) | L63: =SUMIFS(Ведомость!$N$5:$N$1270,Ведомость!$H$5:$H$1270,10,Ведомость!$I$5:$I$1270,"А500С",Ведомость!$V$5:$V$1270,"Дм-4",Ведомость!$W$5:$W$1270,2) | M63: =SUMIFS(Ведомость!$N$5:$N$1270,Ведомость!$H$5:$H$1270,10,Ведомость!$I$5:$I$1270,"А500С",Ведомость!$V$5:$V$1270,"Дм-5",Ведомость!$W$5:$W$1270,2) | N63: =SUMIFS(Ведомость!$N$5:$N$1270,Ведомость!$H$5:$H$1270,10,Ведомость!$I$5:$I$1270,"А500С",Ведомость!$V$5:$V$1270,"Р-Г",Ведомость!$W$5:$W$1270,2) | O63: =SUMIFS(Ведомость!$N$5:$N$1270,Ведомость!$H$5:$H$1270,10,Ведомость!$I$5:$I$1270,"А500С",Ведомость!$V$5:$V$1270,"Р-1, 5",Ведомость!$W$5:$W$1270,2) | P63: =SUMIFS(Ведомость!$N$5:$N$1270,Ведомость!$H$5:$H$1270,10,Ведомость!$I$5:$I$1270,"А500С",Ведомость!$V$5:$V$1270,"Р-2",Ведомость!$W$5:$W$1270,2) | Q63: =SUMIFS(Ведомость!$N$5:$N$1270,Ведомость!$H$5:$H$1270,10,Ведомость!$I$5:$I$1270,"А500С",Ведомость!$V$5:$V$1270,"Р-3",Ведомость!$W$5:$W$1270,2) | R63: =SUMIFS(Ведомость!$N$5:$N$1270,Ведомость!$H$5:$H$1270,10,Ведомость!$I$5:$I$1270,"А500С",Ведомость!$V$5:$V$1270,"Р-4",Ведомость!$W$5:$W$1270,2) | S63: =SUMIFS(Ведомость!$N$5:$N$1270,Ведомость!$H$5:$H$1270,10,Ведомость!$I$5:$I$1270,"А500С",Ведомость!$V$5:$V$1270,"Б-основная",Ведомость!$W$5:$W$1270,2) | T63: =SUMIFS(Ведомость!$N$5:$N$1270,Ведомость!$H$5:$H$1270,10,Ведомость!$I$5:$I$1270,"А500С",Ведомость!$V$5:$V$1270,"Б-хомуты",Ведомость!$W$5:$W$1270,2) | U63: =SUMIFS(Ведомость!$N$5:$N$1270,Ведомость!$H$5:$H$1270,10,Ведомость!$I$5:$I$1270,"А500С",Ведомость!$V$5:$V$1270,"Б-допник",Ведомость!$W$5:$W$1270,2) | V63: =SUMIFS(Ведомость!$N$5:$N$1270,Ведомость!$H$5:$H$1270,10,Ведомость!$I$5:$I$1270,"А500С",Ведомость!$V$5:$V$1270,"П-сетка",Ведомость!$W$5:$W$1270,2) | W63: =SUMIFS(Ведомость!$N$5:$N$1270,Ведомость!$H$5:$H$1270,10,Ведомость!$I$5:$I$1270,"А500С",Ведомость!$V$5:$V$1270,"П-фикс",Ведомость!$W$5:$W$1270,2) | X63: =SUMIFS(Ведомость!$N$5:$N$1270,Ведомость!$H$5:$H$1270,10,Ведомость!$I$5:$I$1270,"А500С",Ведомость!$V$5:$V$1270,"П-отв",Ведомость!$W$5:$W$1270,2) | Y63: =SUMIFS(Ведомость!$N$5:$N$1270,Ведомость!$H$5:$H$1270,10,Ведомость!$I$5:$I$1270,"А500С",Ведомость!$V$5:$V$1270,"П-доп-низ",Ведомость!$W$5:$W$1270,2) | Z63: =SUMIFS(Ведомость!$N$5:$N$1270,Ведомость!$H$5:$H$1270,10,Ведомость!$I$5:$I$1270,"А500С",Ведомость!$V$5:$V$1270,"П-доп-верх",Ведомость!$W$5:$W$1270,2) | AA63: =SUMIFS(Ведомость!$N$5:$N$1270,Ведомость!$H$5:$H$1270,10,Ведомость!$I$5:$I$1270,"А500С",Ведомость!$V$5:$V$1270,"П-край",Ведомость!$W$5:$W$1270,2) | AB63: =SUMIFS(Ведомость!$N$5:$N$1270,Ведомость!$H$5:$H$1270,10,Ведомость!$I$5:$I$1270,"А500С",Ведомость!$V$5:$V$1270,"С-1",Ведомость!$W$5:$W$1270,2) | AC63: =SUMIFS(Ведомость!$N$5:$N$1270,Ведомость!$H$5:$H$1270,10,Ведомость!$I$5:$I$1270,"А500С",Ведомость!$V$5:$V$1270,"Л1",Ведомость!$W$5:$W$1270,2) | AD63: =SUMIFS(Ведомость!$N$5:$N$1270,Ведомость!$H$5:$H$1270,10,Ведомость!$I$5:$I$1270,"А500С",Ведомость!$V$5:$V$1270,"Л2",Ведомость!$W$5:$W$1270,2) | AE63: =SUMIFS(Ведомость!$N$5:$N$1270,Ведомость!$H$5:$H$1270,10,Ведомость!$I$5:$I$1270,"А500С",Ведомость!$V$5:$V$1270,"Л-пл",Ведомость!$W$5:$W$1270,2) | AF63: =SUMIFS(Ведомость!$N$5:$N$1270,Ведомость!$H$5:$H$1270,10,Ведомость!$I$5:$I$1270,"А500С",Ведомость!$V$5:$V$1270,"Л-рама",Ведомость!$W$5:$W$1270,2) | AG63: =SUM(B63:AF63) | AH63: =IFERROR(INDEX(Исходные!$B$19:$B$31,MATCH(10,Исходные!$A$19:$A$31,0)),0) | AI63: =AG63*AH63*$AJ$2 | AJ63: =SUM(B63:D63,F63,H63,J63:M63) | AK63: =AH63 | AL63: =AJ63*AK63*$AJ$2 | AM63: =SUM(E63,G63,I63,N63:AB63) | AN63: =AH63 | AO63: =AM63*AN63*$AJ$2 | AP63: =SUM(AC63:AF63) | AQ63: =AH63 | AR63: =AP63*AQ63*$AJ$2
A64: Диаметр 8 А500С, L=м.п. | B64: =SUMIFS(Ведомость!$N$5:$N$1270,Ведомость!$H$5:$H$1270,8,Ведомость!$I$5:$I$1270,"А500С",Ведомость!$V$5:$V$1270,"Дм-1",Ведомость!$W$5:$W$1270,2) | C64: =SUMIFS(Ведомость!$N$5:$N$1270,Ведомость!$H$5:$H$1270,8,Ведомость!$I$5:$I$1270,"А500С",Ведомость!$V$5:$V$1270,"Дм-2",Ведомость!$W$5:$W$1270,2) | D64: =SUMIFS(Ведомость!$N$5:$N$1270,Ведомость!$H$5:$H$1270,8,Ведомость!$I$5:$I$1270,"А500С",Ведомость!$V$5:$V$1270,"К-А",Ведомость!$W$5:$W$1270,2) | E64: =SUMIFS(Ведомость!$N$5:$N$1270,Ведомость!$H$5:$H$1270,8,Ведомость!$I$5:$I$1270,"А500С",Ведомость!$V$5:$V$1270,"Р-А",Ведомость!$W$5:$W$1270,2) | F64: =SUMIFS(Ведомость!$N$5:$N$1270,Ведомость!$H$5:$H$1270,8,Ведомость!$I$5:$I$1270,"А500С",Ведомость!$V$5:$V$1270,"К-Б",Ведомость!$W$5:$W$1270,2) | G64: =SUMIFS(Ведомость!$N$5:$N$1270,Ведомость!$H$5:$H$1270,8,Ведомость!$I$5:$I$1270,"А500С",Ведомость!$V$5:$V$1270,"Р-Б",Ведомость!$W$5:$W$1270,2) | H64: =SUMIFS(Ведомость!$N$5:$N$1270,Ведомость!$H$5:$H$1270,8,Ведомость!$I$5:$I$1270,"А500С",Ведомость!$V$5:$V$1270,"К-В",Ведомость!$W$5:$W$1270,2) | I64: =SUMIFS(Ведомость!$N$5:$N$1270,Ведомость!$H$5:$H$1270,8,Ведомость!$I$5:$I$1270,"А500С",Ведомость!$V$5:$V$1270,"Р-В",Ведомость!$W$5:$W$1270,2) | J64: =SUMIFS(Ведомость!$N$5:$N$1270,Ведомость!$H$5:$H$1270,8,Ведомость!$I$5:$I$1270,"А500С",Ведомость!$V$5:$V$1270,"К-Г",Ведомость!$W$5:$W$1270,2) | K64: =SUMIFS(Ведомость!$N$5:$N$1270,Ведомость!$H$5:$H$1270,8,Ведомость!$I$5:$I$1270,"А500С",Ведомость!$V$5:$V$1270,"Дм-3",Ведомость!$W$5:$W$1270,2) | L64: =SUMIFS(Ведомость!$N$5:$N$1270,Ведомость!$H$5:$H$1270,8,Ведомость!$I$5:$I$1270,"А500С",Ведомость!$V$5:$V$1270,"Дм-4",Ведомость!$W$5:$W$1270,2) | M64: =SUMIFS(Ведомость!$N$5:$N$1270,Ведомость!$H$5:$H$1270,8,Ведомость!$I$5:$I$1270,"А500С",Ведомость!$V$5:$V$1270,"Дм-5",Ведомость!$W$5:$W$1270,2) | N64: =SUMIFS(Ведомость!$N$5:$N$1270,Ведомость!$H$5:$H$1270,8,Ведомость!$I$5:$I$1270,"А500С",Ведомость!$V$5:$V$1270,"Р-Г",Ведомость!$W$5:$W$1270,2) | O64: =SUMIFS(Ведомость!$N$5:$N$1270,Ведомость!$H$5:$H$1270,8,Ведомость!$I$5:$I$1270,"А500С",Ведомость!$V$5:$V$1270,"Р-1, 5",Ведомость!$W$5:$W$1270,2) | P64: =SUMIFS(Ведомость!$N$5:$N$1270,Ведомость!$H$5:$H$1270,8,Ведомость!$I$5:$I$1270,"А500С",Ведомость!$V$5:$V$1270,"Р-2",Ведомость!$W$5:$W$1270,2) | Q64: =SUMIFS(Ведомость!$N$5:$N$1270,Ведомость!$H$5:$H$1270,8,Ведомость!$I$5:$I$1270,"А500С",Ведомость!$V$5:$V$1270,"Р-3",Ведомость!$W$5:$W$1270,2) | R64: =SUMIFS(Ведомость!$N$5:$N$1270,Ведомость!$H$5:$H$1270,8,Ведомость!$I$5:$I$1270,"А500С",Ведомость!$V$5:$V$1270,"Р-4",Ведомость!$W$5:$W$1270,2) | S64: =SUMIFS(Ведомость!$N$5:$N$1270,Ведомость!$H$5:$H$1270,8,Ведомость!$I$5:$I$1270,"А500С",Ведомость!$V$5:$V$1270,"Б-основная",Ведомость!$W$5:$W$1270,2) | T64: =SUMIFS(Ведомость!$N$5:$N$1270,Ведомость!$H$5:$H$1270,8,Ведомость!$I$5:$I$1270,"А500С",Ведомость!$V$5:$V$1270,"Б-хомуты",Ведомость!$W$5:$W$1270,2) | U64: =SUMIFS(Ведомость!$N$5:$N$1270,Ведомость!$H$5:$H$1270,8,Ведомость!$I$5:$I$1270,"А500С",Ведомость!$V$5:$V$1270,"Б-допник",Ведомость!$W$5:$W$1270,2) | V64: =SUMIFS(Ведомость!$N$5:$N$1270,Ведомость!$H$5:$H$1270,8,Ведомость!$I$5:$I$1270,"А500С",Ведомость!$V$5:$V$1270,"П-сетка",Ведомость!$W$5:$W$1270,2) | W64: =SUMIFS(Ведомость!$N$5:$N$1270,Ведомость!$H$5:$H$1270,8,Ведомость!$I$5:$I$1270,"А500С",Ведомость!$V$5:$V$1270,"П-фикс",Ведомость!$W$5:$W$1270,2) | X64: =SUMIFS(Ведомость!$N$5:$N$1270,Ведомость!$H$5:$H$1270,8,Ведомость!$I$5:$I$1270,"А500С",Ведомость!$V$5:$V$1270,"П-отв",Ведомость!$W$5:$W$1270,2) | Y64: =SUMIFS(Ведомость!$N$5:$N$1270,Ведомость!$H$5:$H$1270,8,Ведомость!$I$5:$I$1270,"А500С",Ведомость!$V$5:$V$1270,"П-доп-низ",Ведомость!$W$5:$W$1270,2) | Z64: =SUMIFS(Ведомость!$N$5:$N$1270,Ведомость!$H$5:$H$1270,8,Ведомость!$I$5:$I$1270,"А500С",Ведомость!$V$5:$V$1270,"П-доп-верх",Ведомость!$W$5:$W$1270,2) | AA64: =SUMIFS(Ведомость!$N$5:$N$1270,Ведомость!$H$5:$H$1270,8,Ведомость!$I$5:$I$1270,"А500С",Ведомость!$V$5:$V$1270,"П-край",Ведомость!$W$5:$W$1270,2) | AB64: =SUMIFS(Ведомость!$N$5:$N$1270,Ведомость!$H$5:$H$1270,8,Ведомость!$I$5:$I$1270,"А500С",Ведомость!$V$5:$V$1270,"С-1",Ведомость!$W$5:$W$1270,2) | AC64: =SUMIFS(Ведомость!$N$5:$N$1270,Ведомость!$H$5:$H$1270,8,Ведомость!$I$5:$I$1270,"А500С",Ведомость!$V$5:$V$1270,"Л1",Ведомость!$W$5:$W$1270,2) | AD64: =SUMIFS(Ведомость!$N$5:$N$1270,Ведомость!$H$5:$H$1270,8,Ведомость!$I$5:$I$1270,"А500С",Ведомость!$V$5:$V$1270,"Л2",Ведомость!$W$5:$W$1270,2) | AE64: =SUMIFS(Ведомость!$N$5:$N$1270,Ведомость!$H$5:$H$1270,8,Ведомость!$I$5:$I$1270,"А500С",Ведомость!$V$5:$V$1270,"Л-пл",Ведомость!$W$5:$W$1270,2) | AF64: =SUMIFS(Ведомость!$N$5:$N$1270,Ведомость!$H$5:$H$1270,8,Ведомость!$I$5:$I$1270,"А500С",Ведомость!$V$5:$V$1270,"Л-рама",Ведомость!$W$5:$W$1270,2) | AG64: =SUM(B64:AF64) | AH64: =IFERROR(INDEX(Исходные!$B$19:$B$31,MATCH(8,Исходные!$A$19:$A$31,0)),0) | AI64: =AG64*AH64*$AJ$2 | AJ64: =SUM(B64:D64,F64,H64,J64:M64) | AK64: =AH64 | AL64: =AJ64*AK64*$AJ$2 | AM64: =SUM(E64,G64,I64,N64:AB64) | AN64: =AH64 | AO64: =AM64*AN64*$AJ$2 | AP64: =SUM(AC64:AF64) | AQ64: =AH64 | AR64: =AP64*AQ64*$AJ$2
A65: Диаметр 16 А240, L=м.п. | B65: =SUMIFS(Ведомость!$N$5:$N$1270,Ведомость!$H$5:$H$1270,16,Ведомость!$I$5:$I$1270,"А240",Ведомость!$V$5:$V$1270,"Дм-1",Ведомость!$W$5:$W$1270,2) | C65: =SUMIFS(Ведомость!$N$5:$N$1270,Ведомость!$H$5:$H$1270,16,Ведомость!$I$5:$I$1270,"А240",Ведомость!$V$5:$V$1270,"Дм-2",Ведомость!$W$5:$W$1270,2) | D65: =SUMIFS(Ведомость!$N$5:$N$1270,Ведомость!$H$5:$H$1270,16,Ведомость!$I$5:$I$1270,"А240",Ведомость!$V$5:$V$1270,"К-А",Ведомость!$W$5:$W$1270,2) | E65: =SUMIFS(Ведомость!$N$5:$N$1270,Ведомость!$H$5:$H$1270,16,Ведомость!$I$5:$I$1270,"А240",Ведомость!$V$5:$V$1270,"Р-А",Ведомость!$W$5:$W$1270,2) | F65: =SUMIFS(Ведомость!$N$5:$N$1270,Ведомость!$H$5:$H$1270,16,Ведомость!$I$5:$I$1270,"А240",Ведомость!$V$5:$V$1270,"К-Б",Ведомость!$W$5:$W$1270,2) | G65: =SUMIFS(Ведомость!$N$5:$N$1270,Ведомость!$H$5:$H$1270,16,Ведомость!$I$5:$I$1270,"А240",Ведомость!$V$5:$V$1270,"Р-Б",Ведомость!$W$5:$W$1270,2) | H65: =SUMIFS(Ведомость!$N$5:$N$1270,Ведомость!$H$5:$H$1270,16,Ведомость!$I$5:$I$1270,"А240",Ведомость!$V$5:$V$1270,"К-В",Ведомость!$W$5:$W$1270,2) | I65: =SUMIFS(Ведомость!$N$5:$N$1270,Ведомость!$H$5:$H$1270,16,Ведомость!$I$5:$I$1270,"А240",Ведомость!$V$5:$V$1270,"Р-В",Ведомость!$W$5:$W$1270,2) | J65: =SUMIFS(Ведомость!$N$5:$N$1270,Ведомость!$H$5:$H$1270,16,Ведомость!$I$5:$I$1270,"А240",Ведомость!$V$5:$V$1270,"К-Г",Ведомость!$W$5:$W$1270,2) | K65: =SUMIFS(Ведомость!$N$5:$N$1270,Ведомость!$H$5:$H$1270,16,Ведомость!$I$5:$I$1270,"А240",Ведомость!$V$5:$V$1270,"Дм-3",Ведомость!$W$5:$W$1270,2) | L65: =SUMIFS(Ведомость!$N$5:$N$1270,Ведомость!$H$5:$H$1270,16,Ведомость!$I$5:$I$1270,"А240",Ведомость!$V$5:$V$1270,"Дм-4",Ведомость!$W$5:$W$1270,2) | M65: =SUMIFS(Ведомость!$N$5:$N$1270,Ведомость!$H$5:$H$1270,16,Ведомость!$I$5:$I$1270,"А240",Ведомость!$V$5:$V$1270,"Дм-5",Ведомость!$W$5:$W$1270,2) | N65: =SUMIFS(Ведомость!$N$5:$N$1270,Ведомость!$H$5:$H$1270,16,Ведомость!$I$5:$I$1270,"А240",Ведомость!$V$5:$V$1270,"Р-Г",Ведомость!$W$5:$W$1270,2) | O65: =SUMIFS(Ведомость!$N$5:$N$1270,Ведомость!$H$5:$H$1270,16,Ведомость!$I$5:$I$1270,"А240",Ведомость!$V$5:$V$1270,"Р-1, 5",Ведомость!$W$5:$W$1270,2) | P65: =SUMIFS(Ведомость!$N$5:$N$1270,Ведомость!$H$5:$H$1270,16,Ведомость!$I$5:$I$1270,"А240",Ведомость!$V$5:$V$1270,"Р-2",Ведомость!$W$5:$W$1270,2) | Q65: =SUMIFS(Ведомость!$N$5:$N$1270,Ведомость!$H$5:$H$1270,16,Ведомость!$I$5:$I$1270,"А240",Ведомость!$V$5:$V$1270,"Р-3",Ведомость!$W$5:$W$1270,2) | R65: =SUMIFS(Ведомость!$N$5:$N$1270,Ведомость!$H$5:$H$1270,16,Ведомость!$I$5:$I$1270,"А240",Ведомость!$V$5:$V$1270,"Р-4",Ведомость!$W$5:$W$1270,2) | S65: =SUMIFS(Ведомость!$N$5:$N$1270,Ведомость!$H$5:$H$1270,16,Ведомость!$I$5:$I$1270,"А240",Ведомость!$V$5:$V$1270,"Б-основная",Ведомость!$W$5:$W$1270,2) | T65: =SUMIFS(Ведомость!$N$5:$N$1270,Ведомость!$H$5:$H$1270,16,Ведомость!$I$5:$I$1270,"А240",Ведомость!$V$5:$V$1270,"Б-хомуты",Ведомость!$W$5:$W$1270,2) | U65: =SUMIFS(Ведомость!$N$5:$N$1270,Ведомость!$H$5:$H$1270,16,Ведомость!$I$5:$I$1270,"А240",Ведомость!$V$5:$V$1270,"Б-допник",Ведомость!$W$5:$W$1270,2) | V65: =SUMIFS(Ведомость!$N$5:$N$1270,Ведомость!$H$5:$H$1270,16,Ведомость!$I$5:$I$1270,"А240",Ведомость!$V$5:$V$1270,"П-сетка",Ведомость!$W$5:$W$1270,2) | W65: =SUMIFS(Ведомость!$N$5:$N$1270,Ведомость!$H$5:$H$1270,16,Ведомость!$I$5:$I$1270,"А240",Ведомость!$V$5:$V$1270,"П-фикс",Ведомость!$W$5:$W$1270,2) | X65: =SUMIFS(Ведомость!$N$5:$N$1270,Ведомость!$H$5:$H$1270,16,Ведомость!$I$5:$I$1270,"А240",Ведомость!$V$5:$V$1270,"П-отв",Ведомость!$W$5:$W$1270,2) | Y65: =SUMIFS(Ведомость!$N$5:$N$1270,Ведомость!$H$5:$H$1270,16,Ведомость!$I$5:$I$1270,"А240",Ведомость!$V$5:$V$1270,"П-доп-низ",Ведомость!$W$5:$W$1270,2) | Z65: =SUMIFS(Ведомость!$N$5:$N$1270,Ведомость!$H$5:$H$1270,16,Ведомость!$I$5:$I$1270,"А240",Ведомость!$V$5:$V$1270,"П-доп-верх",Ведомость!$W$5:$W$1270,2) | AA65: =SUMIFS(Ведомость!$N$5:$N$1270,Ведомость!$H$5:$H$1270,16,Ведомость!$I$5:$I$1270,"А240",Ведомость!$V$5:$V$1270,"П-край",Ведомость!$W$5:$W$1270,2) | AB65: =SUMIFS(Ведомость!$N$5:$N$1270,Ведомость!$H$5:$H$1270,16,Ведомость!$I$5:$I$1270,"А240",Ведомость!$V$5:$V$1270,"С-1",Ведомость!$W$5:$W$1270,2) | AC65: =SUMIFS(Ведомость!$N$5:$N$1270,Ведомость!$H$5:$H$1270,16,Ведомость!$I$5:$I$1270,"А240",Ведомость!$V$5:$V$1270,"Л1",Ведомость!$W$5:$W$1270,2) | AD65: =SUMIFS(Ведомость!$N$5:$N$1270,Ведомость!$H$5:$H$1270,16,Ведомость!$I$5:$I$1270,"А240",Ведомость!$V$5:$V$1270,"Л2",Ведомость!$W$5:$W$1270,2) | AE65: =SUMIFS(Ведомость!$N$5:$N$1270,Ведомость!$H$5:$H$1270,16,Ведомость!$I$5:$I$1270,"А240",Ведомость!$V$5:$V$1270,"Л-пл",Ведомость!$W$5:$W$1270,2) | AF65: =SUMIFS(Ведомость!$N$5:$N$1270,Ведомость!$H$5:$H$1270,16,Ведомость!$I$5:$I$1270,"А240",Ведомость!$V$5:$V$1270,"Л-рама",Ведомость!$W$5:$W$1270,2) | AG65: =SUM(B65:AF65) | AH65: =IFERROR(INDEX(Исходные!$B$19:$B$31,MATCH(16,Исходные!$A$19:$A$31,0)),0) | AI65: =AG65*AH65*$AJ$2 | AJ65: =SUM(B65:D65,F65,H65,J65:M65) | AK65: =AH65 | AL65: =AJ65*AK65*$AJ$2 | AM65: =SUM(E65,G65,I65,N65:AB65) | AN65: =AH65 | AO65: =AM65*AN65*$AJ$2 | AP65: =SUM(AC65:AF65) | AQ65: =AH65 | AR65: =AP65*AQ65*$AJ$2
A66: Диаметр 12 А240, L=м.п. | B66: =SUMIFS(Ведомость!$N$5:$N$1270,Ведомость!$H$5:$H$1270,12,Ведомость!$I$5:$I$1270,"А240",Ведомость!$V$5:$V$1270,"Дм-1",Ведомость!$W$5:$W$1270,2) | C66: =SUMIFS(Ведомость!$N$5:$N$1270,Ведомость!$H$5:$H$1270,12,Ведомость!$I$5:$I$1270,"А240",Ведомость!$V$5:$V$1270,"Дм-2",Ведомость!$W$5:$W$1270,2) | D66: =SUMIFS(Ведомость!$N$5:$N$1270,Ведомость!$H$5:$H$1270,12,Ведомость!$I$5:$I$1270,"А240",Ведомость!$V$5:$V$1270,"К-А",Ведомость!$W$5:$W$1270,2) | E66: =SUMIFS(Ведомость!$N$5:$N$1270,Ведомость!$H$5:$H$1270,12,Ведомость!$I$5:$I$1270,"А240",Ведомость!$V$5:$V$1270,"Р-А",Ведомость!$W$5:$W$1270,2) | F66: =SUMIFS(Ведомость!$N$5:$N$1270,Ведомость!$H$5:$H$1270,12,Ведомость!$I$5:$I$1270,"А240",Ведомость!$V$5:$V$1270,"К-Б",Ведомость!$W$5:$W$1270,2) | G66: =SUMIFS(Ведомость!$N$5:$N$1270,Ведомость!$H$5:$H$1270,12,Ведомость!$I$5:$I$1270,"А240",Ведомость!$V$5:$V$1270,"Р-Б",Ведомость!$W$5:$W$1270,2) | H66: =SUMIFS(Ведомость!$N$5:$N$1270,Ведомость!$H$5:$H$1270,12,Ведомость!$I$5:$I$1270,"А240",Ведомость!$V$5:$V$1270,"К-В",Ведомость!$W$5:$W$1270,2) | I66: =SUMIFS(Ведомость!$N$5:$N$1270,Ведомость!$H$5:$H$1270,12,Ведомость!$I$5:$I$1270,"А240",Ведомость!$V$5:$V$1270,"Р-В",Ведомость!$W$5:$W$1270,2) | J66: =SUMIFS(Ведомость!$N$5:$N$1270,Ведомость!$H$5:$H$1270,12,Ведомость!$I$5:$I$1270,"А240",Ведомость!$V$5:$V$1270,"К-Г",Ведомость!$W$5:$W$1270,2) | K66: =SUMIFS(Ведомость!$N$5:$N$1270,Ведомость!$H$5:$H$1270,12,Ведомость!$I$5:$I$1270,"А240",Ведомость!$V$5:$V$1270,"Дм-3",Ведомость!$W$5:$W$1270,2) | L66: =SUMIFS(Ведомость!$N$5:$N$1270,Ведомость!$H$5:$H$1270,12,Ведомость!$I$5:$I$1270,"А240",Ведомость!$V$5:$V$1270,"Дм-4",Ведомость!$W$5:$W$1270,2) | M66: =SUMIFS(Ведомость!$N$5:$N$1270,Ведомость!$H$5:$H$1270,12,Ведомость!$I$5:$I$1270,"А240",Ведомость!$V$5:$V$1270,"Дм-5",Ведомость!$W$5:$W$1270,2) | N66: =SUMIFS(Ведомость!$N$5:$N$1270,Ведомость!$H$5:$H$1270,12,Ведомость!$I$5:$I$1270,"А240",Ведомость!$V$5:$V$1270,"Р-Г",Ведомость!$W$5:$W$1270,2) | O66: =SUMIFS(Ведомость!$N$5:$N$1270,Ведомость!$H$5:$H$1270,12,Ведомость!$I$5:$I$1270,"А240",Ведомость!$V$5:$V$1270,"Р-1, 5",Ведомость!$W$5:$W$1270,2) | P66: =SUMIFS(Ведомость!$N$5:$N$1270,Ведомость!$H$5:$H$1270,12,Ведомость!$I$5:$I$1270,"А240",Ведомость!$V$5:$V$1270,"Р-2",Ведомость!$W$5:$W$1270,2) | Q66: =SUMIFS(Ведомость!$N$5:$N$1270,Ведомость!$H$5:$H$1270,12,Ведомость!$I$5:$I$1270,"А240",Ведомость!$V$5:$V$1270,"Р-3",Ведомость!$W$5:$W$1270,2) | R66: =SUMIFS(Ведомость!$N$5:$N$1270,Ведомость!$H$5:$H$1270,12,Ведомость!$I$5:$I$1270,"А240",Ведомость!$V$5:$V$1270,"Р-4",Ведомость!$W$5:$W$1270,2) | S66: =SUMIFS(Ведомость!$N$5:$N$1270,Ведомость!$H$5:$H$1270,12,Ведомость!$I$5:$I$1270,"А240",Ведомость!$V$5:$V$1270,"Б-основная",Ведомость!$W$5:$W$1270,2) | T66: =SUMIFS(Ведомость!$N$5:$N$1270,Ведомость!$H$5:$H$1270,12,Ведомость!$I$5:$I$1270,"А240",Ведомость!$V$5:$V$1270,"Б-хомуты",Ведомость!$W$5:$W$1270,2) | U66: =SUMIFS(Ведомость!$N$5:$N$1270,Ведомость!$H$5:$H$1270,12,Ведомость!$I$5:$I$1270,"А240",Ведомость!$V$5:$V$1270,"Б-допник",Ведомость!$W$5:$W$1270,2) | V66: =SUMIFS(Ведомость!$N$5:$N$1270,Ведомость!$H$5:$H$1270,12,Ведомость!$I$5:$I$1270,"А240",Ведомость!$V$5:$V$1270,"П-сетка",Ведомость!$W$5:$W$1270,2) | W66: =SUMIFS(Ведомость!$N$5:$N$1270,Ведомость!$H$5:$H$1270,12,Ведомость!$I$5:$I$1270,"А240",Ведомость!$V$5:$V$1270,"П-фикс",Ведомость!$W$5:$W$1270,2) | X66: =SUMIFS(Ведомость!$N$5:$N$1270,Ведомость!$H$5:$H$1270,12,Ведомость!$I$5:$I$1270,"А240",Ведомость!$V$5:$V$1270,"П-отв",Ведомость!$W$5:$W$1270,2) | Y66: =SUMIFS(Ведомость!$N$5:$N$1270,Ведомость!$H$5:$H$1270,12,Ведомость!$I$5:$I$1270,"А240",Ведомость!$V$5:$V$1270,"П-доп-низ",Ведомость!$W$5:$W$1270,2) | Z66: =SUMIFS(Ведомость!$N$5:$N$1270,Ведомость!$H$5:$H$1270,12,Ведомость!$I$5:$I$1270,"А240",Ведомость!$V$5:$V$1270,"П-доп-верх",Ведомость!$W$5:$W$1270,2) | AA66: =SUMIFS(Ведомость!$N$5:$N$1270,Ведомость!$H$5:$H$1270,12,Ведомость!$I$5:$I$1270,"А240",Ведомость!$V$5:$V$1270,"П-край",Ведомость!$W$5:$W$1270,2) | AB66: =SUMIFS(Ведомость!$N$5:$N$1270,Ведомость!$H$5:$H$1270,12,Ведомость!$I$5:$I$1270,"А240",Ведомость!$V$5:$V$1270,"С-1",Ведомость!$W$5:$W$1270,2) | AC66: =SUMIFS(Ведомость!$N$5:$N$1270,Ведомость!$H$5:$H$1270,12,Ведомость!$I$5:$I$1270,"А240",Ведомость!$V$5:$V$1270,"Л1",Ведомость!$W$5:$W$1270,2) | AD66: =SUMIFS(Ведомость!$N$5:$N$1270,Ведомость!$H$5:$H$1270,12,Ведомость!$I$5:$I$1270,"А240",Ведомость!$V$5:$V$1270,"Л2",Ведомость!$W$5:$W$1270,2) | AE66: =SUMIFS(Ведомость!$N$5:$N$1270,Ведомость!$H$5:$H$1270,12,Ведомость!$I$5:$I$1270,"А240",Ведомость!$V$5:$V$1270,"Л-пл",Ведомость!$W$5:$W$1270,2) | AF66: =SUMIFS(Ведомость!$N$5:$N$1270,Ведомость!$H$5:$H$1270,12,Ведомость!$I$5:$I$1270,"А240",Ведомость!$V$5:$V$1270,"Л-рама",Ведомость!$W$5:$W$1270,2) | AG66: =SUM(B66:AF66) | AH66: =IFERROR(INDEX(Исходные!$B$19:$B$31,MATCH(12,Исходные!$A$19:$A$31,0)),0) | AI66: =AG66*AH66*$AJ$2 | AJ66: =SUM(B66:D66,F66,H66,J66:M66) | AK66: =AH66 | AL66: =AJ66*AK66*$AJ$2 | AM66: =SUM(E66,G66,I66,N66:AB66) | AN66: =AH66 | AO66: =AM66*AN66*$AJ$2 | AP66: =SUM(AC66:AF66) | AQ66: =AH66 | AR66: =AP66*AQ66*$AJ$2
A67: Диаметр 10 А240, L=м.п. | B67: =SUMIFS(Ведомость!$N$5:$N$1270,Ведомость!$H$5:$H$1270,10,Ведомость!$I$5:$I$1270,"А240",Ведомость!$V$5:$V$1270,"Дм-1",Ведомость!$W$5:$W$1270,2) | C67: =SUMIFS(Ведомость!$N$5:$N$1270,Ведомость!$H$5:$H$1270,10,Ведомость!$I$5:$I$1270,"А240",Ведомость!$V$5:$V$1270,"Дм-2",Ведомость!$W$5:$W$1270,2) | D67: =SUMIFS(Ведомость!$N$5:$N$1270,Ведомость!$H$5:$H$1270,10,Ведомость!$I$5:$I$1270,"А240",Ведомость!$V$5:$V$1270,"К-А",Ведомость!$W$5:$W$1270,2) | E67: =SUMIFS(Ведомость!$N$5:$N$1270,Ведомость!$H$5:$H$1270,10,Ведомость!$I$5:$I$1270,"А240",Ведомость!$V$5:$V$1270,"Р-А",Ведомость!$W$5:$W$1270,2) | F67: =SUMIFS(Ведомость!$N$5:$N$1270,Ведомость!$H$5:$H$1270,10,Ведомость!$I$5:$I$1270,"А240",Ведомость!$V$5:$V$1270,"К-Б",Ведомость!$W$5:$W$1270,2) | G67: =SUMIFS(Ведомость!$N$5:$N$1270,Ведомость!$H$5:$H$1270,10,Ведомость!$I$5:$I$1270,"А240",Ведомость!$V$5:$V$1270,"Р-Б",Ведомость!$W$5:$W$1270,2) | H67: =SUMIFS(Ведомость!$N$5:$N$1270,Ведомость!$H$5:$H$1270,10,Ведомость!$I$5:$I$1270,"А240",Ведомость!$V$5:$V$1270,"К-В",Ведомость!$W$5:$W$1270,2) | I67: =SUMIFS(Ведомость!$N$5:$N$1270,Ведомость!$H$5:$H$1270,10,Ведомость!$I$5:$I$1270,"А240",Ведомость!$V$5:$V$1270,"Р-В",Ведомость!$W$5:$W$1270,2) | J67: =SUMIFS(Ведомость!$N$5:$N$1270,Ведомость!$H$5:$H$1270,10,Ведомость!$I$5:$I$1270,"А240",Ведомость!$V$5:$V$1270,"К-Г",Ведомость!$W$5:$W$1270,2) | K67: =SUMIFS(Ведомость!$N$5:$N$1270,Ведомость!$H$5:$H$1270,10,Ведомость!$I$5:$I$1270,"А240",Ведомость!$V$5:$V$1270,"Дм-3",Ведомость!$W$5:$W$1270,2) | L67: =SUMIFS(Ведомость!$N$5:$N$1270,Ведомость!$H$5:$H$1270,10,Ведомость!$I$5:$I$1270,"А240",Ведомость!$V$5:$V$1270,"Дм-4",Ведомость!$W$5:$W$1270,2) | M67: =SUMIFS(Ведомость!$N$5:$N$1270,Ведомость!$H$5:$H$1270,10,Ведомость!$I$5:$I$1270,"А240",Ведомость!$V$5:$V$1270,"Дм-5",Ведомость!$W$5:$W$1270,2) | N67: =SUMIFS(Ведомость!$N$5:$N$1270,Ведомость!$H$5:$H$1270,10,Ведомость!$I$5:$I$1270,"А240",Ведомость!$V$5:$V$1270,"Р-Г",Ведомость!$W$5:$W$1270,2) | O67: =SUMIFS(Ведомость!$N$5:$N$1270,Ведомость!$H$5:$H$1270,10,Ведомость!$I$5:$I$1270,"А240",Ведомость!$V$5:$V$1270,"Р-1, 5",Ведомость!$W$5:$W$1270,2) | P67: =SUMIFS(Ведомость!$N$5:$N$1270,Ведомость!$H$5:$H$1270,10,Ведомость!$I$5:$I$1270,"А240",Ведомость!$V$5:$V$1270,"Р-2",Ведомость!$W$5:$W$1270,2) | Q67: =SUMIFS(Ведомость!$N$5:$N$1270,Ведомость!$H$5:$H$1270,10,Ведомость!$I$5:$I$1270,"А240",Ведомость!$V$5:$V$1270,"Р-3",Ведомость!$W$5:$W$1270,2) | R67: =SUMIFS(Ведомость!$N$5:$N$1270,Ведомость!$H$5:$H$1270,10,Ведомость!$I$5:$I$1270,"А240",Ведомость!$V$5:$V$1270,"Р-4",Ведомость!$W$5:$W$1270,2) | S67: =SUMIFS(Ведомость!$N$5:$N$1270,Ведомость!$H$5:$H$1270,10,Ведомость!$I$5:$I$1270,"А240",Ведомость!$V$5:$V$1270,"Б-основная",Ведомость!$W$5:$W$1270,2) | T67: =SUMIFS(Ведомость!$N$5:$N$1270,Ведомость!$H$5:$H$1270,10,Ведомость!$I$5:$I$1270,"А240",Ведомость!$V$5:$V$1270,"Б-хомуты",Ведомость!$W$5:$W$1270,2) | U67: =SUMIFS(Ведомость!$N$5:$N$1270,Ведомость!$H$5:$H$1270,10,Ведомость!$I$5:$I$1270,"А240",Ведомость!$V$5:$V$1270,"Б-допник",Ведомость!$W$5:$W$1270,2) | V67: =SUMIFS(Ведомость!$N$5:$N$1270,Ведомость!$H$5:$H$1270,10,Ведомость!$I$5:$I$1270,"А240",Ведомость!$V$5:$V$1270,"П-сетка",Ведомость!$W$5:$W$1270,2) | W67: =SUMIFS(Ведомость!$N$5:$N$1270,Ведомость!$H$5:$H$1270,10,Ведомость!$I$5:$I$1270,"А240",Ведомость!$V$5:$V$1270,"П-фикс",Ведомость!$W$5:$W$1270,2) | X67: =SUMIFS(Ведомость!$N$5:$N$1270,Ведомость!$H$5:$H$1270,10,Ведомость!$I$5:$I$1270,"А240",Ведомость!$V$5:$V$1270,"П-отв",Ведомость!$W$5:$W$1270,2) | Y67: =SUMIFS(Ведомость!$N$5:$N$1270,Ведомость!$H$5:$H$1270,10,Ведомость!$I$5:$I$1270,"А240",Ведомость!$V$5:$V$1270,"П-доп-низ",Ведомость!$W$5:$W$1270,2) | Z67: =SUMIFS(Ведомость!$N$5:$N$1270,Ведомость!$H$5:$H$1270,10,Ведомость!$I$5:$I$1270,"А240",Ведомость!$V$5:$V$1270,"П-доп-верх",Ведомость!$W$5:$W$1270,2) | AA67: =SUMIFS(Ведомость!$N$5:$N$1270,Ведомость!$H$5:$H$1270,10,Ведомость!$I$5:$I$1270,"А240",Ведомость!$V$5:$V$1270,"П-край",Ведомость!$W$5:$W$1270,2) | AB67: =SUMIFS(Ведомость!$N$5:$N$1270,Ведомость!$H$5:$H$1270,10,Ведомость!$I$5:$I$1270,"А240",Ведомость!$V$5:$V$1270,"С-1",Ведомость!$W$5:$W$1270,2) | AC67: =SUMIFS(Ведомость!$N$5:$N$1270,Ведомость!$H$5:$H$1270,10,Ведомость!$I$5:$I$1270,"А240",Ведомость!$V$5:$V$1270,"Л1",Ведомость!$W$5:$W$1270,2) | AD67: =SUMIFS(Ведомость!$N$5:$N$1270,Ведомость!$H$5:$H$1270,10,Ведомость!$I$5:$I$1270,"А240",Ведомость!$V$5:$V$1270,"Л2",Ведомость!$W$5:$W$1270,2) | AE67: =SUMIFS(Ведомость!$N$5:$N$1270,Ведомость!$H$5:$H$1270,10,Ведомость!$I$5:$I$1270,"А240",Ведомость!$V$5:$V$1270,"Л-пл",Ведомость!$W$5:$W$1270,2) | AF67: =SUMIFS(Ведомость!$N$5:$N$1270,Ведомость!$H$5:$H$1270,10,Ведомость!$I$5:$I$1270,"А240",Ведомость!$V$5:$V$1270,"Л-рама",Ведомость!$W$5:$W$1270,2) | AG67: =SUM(B67:AF67) | AH67: =IFERROR(INDEX(Исходные!$B$19:$B$31,MATCH(10,Исходные!$A$19:$A$31,0)),0) | AI67: =AG67*AH67*$AJ$2 | AJ67: =SUM(B67:D67,F67,H67,J67:M67) | AK67: =AH67 | AL67: =AJ67*AK67*$AJ$2 | AM67: =SUM(E67,G67,I67,N67:AB67) | AN67: =AH67 | AO67: =AM67*AN67*$AJ$2 | AP67: =SUM(AC67:AF67) | AQ67: =AH67 | AR67: =AP67*AQ67*$AJ$2
A68: Диаметр 8 А240, L=м.п. | B68: =SUMIFS(Ведомость!$N$5:$N$1270,Ведомость!$H$5:$H$1270,8,Ведомость!$I$5:$I$1270,"А240",Ведомость!$V$5:$V$1270,"Дм-1",Ведомость!$W$5:$W$1270,2) | C68: =SUMIFS(Ведомость!$N$5:$N$1270,Ведомость!$H$5:$H$1270,8,Ведомость!$I$5:$I$1270,"А240",Ведомость!$V$5:$V$1270,"Дм-2",Ведомость!$W$5:$W$1270,2) | D68: =SUMIFS(Ведомость!$N$5:$N$1270,Ведомость!$H$5:$H$1270,8,Ведомость!$I$5:$I$1270,"А240",Ведомость!$V$5:$V$1270,"К-А",Ведомость!$W$5:$W$1270,2) | E68: =SUMIFS(Ведомость!$N$5:$N$1270,Ведомость!$H$5:$H$1270,8,Ведомость!$I$5:$I$1270,"А240",Ведомость!$V$5:$V$1270,"Р-А",Ведомость!$W$5:$W$1270,2) | F68: =SUMIFS(Ведомость!$N$5:$N$1270,Ведомость!$H$5:$H$1270,8,Ведомость!$I$5:$I$1270,"А240",Ведомость!$V$5:$V$1270,"К-Б",Ведомость!$W$5:$W$1270,2) | G68: =SUMIFS(Ведомость!$N$5:$N$1270,Ведомость!$H$5:$H$1270,8,Ведомость!$I$5:$I$1270,"А240",Ведомость!$V$5:$V$1270,"Р-Б",Ведомость!$W$5:$W$1270,2) | H68: =SUMIFS(Ведомость!$N$5:$N$1270,Ведомость!$H$5:$H$1270,8,Ведомость!$I$5:$I$1270,"А240",Ведомость!$V$5:$V$1270,"К-В",Ведомость!$W$5:$W$1270,2) | I68: =SUMIFS(Ведомость!$N$5:$N$1270,Ведомость!$H$5:$H$1270,8,Ведомость!$I$5:$I$1270,"А240",Ведомость!$V$5:$V$1270,"Р-В",Ведомость!$W$5:$W$1270,2) | J68: =SUMIFS(Ведомость!$N$5:$N$1270,Ведомость!$H$5:$H$1270,8,Ведомость!$I$5:$I$1270,"А240",Ведомость!$V$5:$V$1270,"К-Г",Ведомость!$W$5:$W$1270,2) | K68: =SUMIFS(Ведомость!$N$5:$N$1270,Ведомость!$H$5:$H$1270,8,Ведомость!$I$5:$I$1270,"А240",Ведомость!$V$5:$V$1270,"Дм-3",Ведомость!$W$5:$W$1270,2) | L68: =SUMIFS(Ведомость!$N$5:$N$1270,Ведомость!$H$5:$H$1270,8,Ведомость!$I$5:$I$1270,"А240",Ведомость!$V$5:$V$1270,"Дм-4",Ведомость!$W$5:$W$1270,2) | M68: =SUMIFS(Ведомость!$N$5:$N$1270,Ведомость!$H$5:$H$1270,8,Ведомость!$I$5:$I$1270,"А240",Ведомость!$V$5:$V$1270,"Дм-5",Ведомость!$W$5:$W$1270,2) | N68: =SUMIFS(Ведомость!$N$5:$N$1270,Ведомость!$H$5:$H$1270,8,Ведомость!$I$5:$I$1270,"А240",Ведомость!$V$5:$V$1270,"Р-Г",Ведомость!$W$5:$W$1270,2) | O68: =SUMIFS(Ведомость!$N$5:$N$1270,Ведомость!$H$5:$H$1270,8,Ведомость!$I$5:$I$1270,"А240",Ведомость!$V$5:$V$1270,"Р-1, 5",Ведомость!$W$5:$W$1270,2) | P68: =SUMIFS(Ведомость!$N$5:$N$1270,Ведомость!$H$5:$H$1270,8,Ведомость!$I$5:$I$1270,"А240",Ведомость!$V$5:$V$1270,"Р-2",Ведомость!$W$5:$W$1270,2) | Q68: =SUMIFS(Ведомость!$N$5:$N$1270,Ведомость!$H$5:$H$1270,8,Ведомость!$I$5:$I$1270,"А240",Ведомость!$V$5:$V$1270,"Р-3",Ведомость!$W$5:$W$1270,2) | R68: =SUMIFS(Ведомость!$N$5:$N$1270,Ведомость!$H$5:$H$1270,8,Ведомость!$I$5:$I$1270,"А240",Ведомость!$V$5:$V$1270,"Р-4",Ведомость!$W$5:$W$1270,2) | S68: =SUMIFS(Ведомость!$N$5:$N$1270,Ведомость!$H$5:$H$1270,8,Ведомость!$I$5:$I$1270,"А240",Ведомость!$V$5:$V$1270,"Б-основная",Ведомость!$W$5:$W$1270,2) | T68: =SUMIFS(Ведомость!$N$5:$N$1270,Ведомость!$H$5:$H$1270,8,Ведомость!$I$5:$I$1270,"А240",Ведомость!$V$5:$V$1270,"Б-хомуты",Ведомость!$W$5:$W$1270,2) | U68: =SUMIFS(Ведомость!$N$5:$N$1270,Ведомость!$H$5:$H$1270,8,Ведомость!$I$5:$I$1270,"А240",Ведомость!$V$5:$V$1270,"Б-допник",Ведомость!$W$5:$W$1270,2) | V68: =SUMIFS(Ведомость!$N$5:$N$1270,Ведомость!$H$5:$H$1270,8,Ведомость!$I$5:$I$1270,"А240",Ведомость!$V$5:$V$1270,"П-сетка",Ведомость!$W$5:$W$1270,2) | W68: =SUMIFS(Ведомость!$N$5:$N$1270,Ведомость!$H$5:$H$1270,8,Ведомость!$I$5:$I$1270,"А240",Ведомость!$V$5:$V$1270,"П-фикс",Ведомость!$W$5:$W$1270,2) | X68: =SUMIFS(Ведомость!$N$5:$N$1270,Ведомость!$H$5:$H$1270,8,Ведомость!$I$5:$I$1270,"А240",Ведомость!$V$5:$V$1270,"П-отв",Ведомость!$W$5:$W$1270,2) | Y68: =SUMIFS(Ведомость!$N$5:$N$1270,Ведомость!$H$5:$H$1270,8,Ведомость!$I$5:$I$1270,"А240",Ведомость!$V$5:$V$1270,"П-доп-низ",Ведомость!$W$5:$W$1270,2) | Z68: =SUMIFS(Ведомость!$N$5:$N$1270,Ведомость!$H$5:$H$1270,8,Ведомость!$I$5:$I$1270,"А240",Ведомость!$V$5:$V$1270,"П-доп-верх",Ведомость!$W$5:$W$1270,2) | AA68: =SUMIFS(Ведомость!$N$5:$N$1270,Ведомость!$H$5:$H$1270,8,Ведомость!$I$5:$I$1270,"А240",Ведомость!$V$5:$V$1270,"П-край",Ведомость!$W$5:$W$1270,2) | AB68: =SUMIFS(Ведомость!$N$5:$N$1270,Ведомость!$H$5:$H$1270,8,Ведомость!$I$5:$I$1270,"А240",Ведомость!$V$5:$V$1270,"С-1",Ведомость!$W$5:$W$1270,2) | AC68: =SUMIFS(Ведомость!$N$5:$N$1270,Ведомость!$H$5:$H$1270,8,Ведомость!$I$5:$I$1270,"А240",Ведомость!$V$5:$V$1270,"Л1",Ведомость!$W$5:$W$1270,2) | AD68: =SUMIFS(Ведомость!$N$5:$N$1270,Ведомость!$H$5:$H$1270,8,Ведомость!$I$5:$I$1270,"А240",Ведомость!$V$5:$V$1270,"Л2",Ведомость!$W$5:$W$1270,2) | AE68: =SUMIFS(Ведомость!$N$5:$N$1270,Ведомость!$H$5:$H$1270,8,Ведомость!$I$5:$I$1270,"А240",Ведомость!$V$5:$V$1270,"Л-пл",Ведомость!$W$5:$W$1270,2) | AF68: =SUMIFS(Ведомость!$N$5:$N$1270,Ведомость!$H$5:$H$1270,8,Ведомость!$I$5:$I$1270,"А240",Ведомость!$V$5:$V$1270,"Л-рама",Ведомость!$W$5:$W$1270,2) | AG68: =SUM(B68:AF68) | AH68: =IFERROR(INDEX(Исходные!$B$19:$B$31,MATCH(8,Исходные!$A$19:$A$31,0)),0) | AI68: =AG68*AH68*$AJ$2 | AJ68: =SUM(B68:D68,F68,H68,J68:M68) | AK68: =AH68 | AL68: =AJ68*AK68*$AJ$2 | AM68: =SUM(E68,G68,I68,N68:AB68) | AN68: =AH68 | AO68: =AM68*AN68*$AJ$2 | AP68: =SUM(AC68:AF68) | AQ68: =AH68 | AR68: =AP68*AQ68*$AJ$2
A69: Диаметр 6 А240, L=м.п. | B69: =SUMIFS(Ведомость!$N$5:$N$1270,Ведомость!$H$5:$H$1270,6,Ведомость!$I$5:$I$1270,"А240",Ведомость!$V$5:$V$1270,"Дм-1",Ведомость!$W$5:$W$1270,2) | C69: =SUMIFS(Ведомость!$N$5:$N$1270,Ведомость!$H$5:$H$1270,6,Ведомость!$I$5:$I$1270,"А240",Ведомость!$V$5:$V$1270,"Дм-2",Ведомость!$W$5:$W$1270,2) | D69: =SUMIFS(Ведомость!$N$5:$N$1270,Ведомость!$H$5:$H$1270,6,Ведомость!$I$5:$I$1270,"А240",Ведомость!$V$5:$V$1270,"К-А",Ведомость!$W$5:$W$1270,2) | E69: =SUMIFS(Ведомость!$N$5:$N$1270,Ведомость!$H$5:$H$1270,6,Ведомость!$I$5:$I$1270,"А240",Ведомость!$V$5:$V$1270,"Р-А",Ведомость!$W$5:$W$1270,2) | F69: =SUMIFS(Ведомость!$N$5:$N$1270,Ведомость!$H$5:$H$1270,6,Ведомость!$I$5:$I$1270,"А240",Ведомость!$V$5:$V$1270,"К-Б",Ведомость!$W$5:$W$1270,2) | G69: =SUMIFS(Ведомость!$N$5:$N$1270,Ведомость!$H$5:$H$1270,6,Ведомость!$I$5:$I$1270,"А240",Ведомость!$V$5:$V$1270,"Р-Б",Ведомость!$W$5:$W$1270,2) | H69: =SUMIFS(Ведомость!$N$5:$N$1270,Ведомость!$H$5:$H$1270,6,Ведомость!$I$5:$I$1270,"А240",Ведомость!$V$5:$V$1270,"К-В",Ведомость!$W$5:$W$1270,2) | I69: =SUMIFS(Ведомость!$N$5:$N$1270,Ведомость!$H$5:$H$1270,6,Ведомость!$I$5:$I$1270,"А240",Ведомость!$V$5:$V$1270,"Р-В",Ведомость!$W$5:$W$1270,2) | J69: =SUMIFS(Ведомость!$N$5:$N$1270,Ведомость!$H$5:$H$1270,6,Ведомость!$I$5:$I$1270,"А240",Ведомость!$V$5:$V$1270,"К-Г",Ведомость!$W$5:$W$1270,2) | K69: =SUMIFS(Ведомость!$N$5:$N$1270,Ведомость!$H$5:$H$1270,6,Ведомость!$I$5:$I$1270,"А240",Ведомость!$V$5:$V$1270,"Дм-3",Ведомость!$W$5:$W$1270,2) | L69: =SUMIFS(Ведомость!$N$5:$N$1270,Ведомость!$H$5:$H$1270,6,Ведомость!$I$5:$I$1270,"А240",Ведомость!$V$5:$V$1270,"Дм-4",Ведомость!$W$5:$W$1270,2) | M69: =SUMIFS(Ведомость!$N$5:$N$1270,Ведомость!$H$5:$H$1270,6,Ведомость!$I$5:$I$1270,"А240",Ведомость!$V$5:$V$1270,"Дм-5",Ведомость!$W$5:$W$1270,2) | N69: =SUMIFS(Ведомость!$N$5:$N$1270,Ведомость!$H$5:$H$1270,6,Ведомость!$I$5:$I$1270,"А240",Ведомость!$V$5:$V$1270,"Р-Г",Ведомость!$W$5:$W$1270,2) | O69: =SUMIFS(Ведомость!$N$5:$N$1270,Ведомость!$H$5:$H$1270,6,Ведомость!$I$5:$I$1270,"А240",Ведомость!$V$5:$V$1270,"Р-1, 5",Ведомость!$W$5:$W$1270,2) | P69: =SUMIFS(Ведомость!$N$5:$N$1270,Ведомость!$H$5:$H$1270,6,Ведомость!$I$5:$I$1270,"А240",Ведомость!$V$5:$V$1270,"Р-2",Ведомость!$W$5:$W$1270,2) | Q69: =SUMIFS(Ведомость!$N$5:$N$1270,Ведомость!$H$5:$H$1270,6,Ведомость!$I$5:$I$1270,"А240",Ведомость!$V$5:$V$1270,"Р-3",Ведомость!$W$5:$W$1270,2) | R69: =SUMIFS(Ведомость!$N$5:$N$1270,Ведомость!$H$5:$H$1270,6,Ведомость!$I$5:$I$1270,"А240",Ведомость!$V$5:$V$1270,"Р-4",Ведомость!$W$5:$W$1270,2) | S69: =SUMIFS(Ведомость!$N$5:$N$1270,Ведомость!$H$5:$H$1270,6,Ведомость!$I$5:$I$1270,"А240",Ведомость!$V$5:$V$1270,"Б-основная",Ведомость!$W$5:$W$1270,2) | T69: =SUMIFS(Ведомость!$N$5:$N$1270,Ведомость!$H$5:$H$1270,6,Ведомость!$I$5:$I$1270,"А240",Ведомость!$V$5:$V$1270,"Б-хомуты",Ведомость!$W$5:$W$1270,2) | U69: =SUMIFS(Ведомость!$N$5:$N$1270,Ведомость!$H$5:$H$1270,6,Ведомость!$I$5:$I$1270,"А240",Ведомость!$V$5:$V$1270,"Б-допник",Ведомость!$W$5:$W$1270,2) | V69: =SUMIFS(Ведомость!$N$5:$N$1270,Ведомость!$H$5:$H$1270,6,Ведомость!$I$5:$I$1270,"А240",Ведомость!$V$5:$V$1270,"П-сетка",Ведомость!$W$5:$W$1270,2) | W69: =SUMIFS(Ведомость!$N$5:$N$1270,Ведомость!$H$5:$H$1270,6,Ведомость!$I$5:$I$1270,"А240",Ведомость!$V$5:$V$1270,"П-фикс",Ведомость!$W$5:$W$1270,2) | X69: =SUMIFS(Ведомость!$N$5:$N$1270,Ведомость!$H$5:$H$1270,6,Ведомость!$I$5:$I$1270,"А240",Ведомость!$V$5:$V$1270,"П-отв",Ведомость!$W$5:$W$1270,2) | Y69: =SUMIFS(Ведомость!$N$5:$N$1270,Ведомость!$H$5:$H$1270,6,Ведомость!$I$5:$I$1270,"А240",Ведомость!$V$5:$V$1270,"П-доп-низ",Ведомость!$W$5:$W$1270,2) | Z69: =SUMIFS(Ведомость!$N$5:$N$1270,Ведомость!$H$5:$H$1270,6,Ведомость!$I$5:$I$1270,"А240",Ведомость!$V$5:$V$1270,"П-доп-верх",Ведомость!$W$5:$W$1270,2) | AA69: =SUMIFS(Ведомость!$N$5:$N$1270,Ведомость!$H$5:$H$1270,6,Ведомость!$I$5:$I$1270,"А240",Ведомость!$V$5:$V$1270,"П-край",Ведомость!$W$5:$W$1270,2) | AB69: =SUMIFS(Ведомость!$N$5:$N$1270,Ведомость!$H$5:$H$1270,6,Ведомость!$I$5:$I$1270,"А240",Ведомость!$V$5:$V$1270,"С-1",Ведомость!$W$5:$W$1270,2) | AC69: =SUMIFS(Ведомость!$N$5:$N$1270,Ведомость!$H$5:$H$1270,6,Ведомость!$I$5:$I$1270,"А240",Ведомость!$V$5:$V$1270,"Л1",Ведомость!$W$5:$W$1270,2) | AD69: =SUMIFS(Ведомость!$N$5:$N$1270,Ведомость!$H$5:$H$1270,6,Ведомость!$I$5:$I$1270,"А240",Ведомость!$V$5:$V$1270,"Л2",Ведомость!$W$5:$W$1270,2) | AE69: =SUMIFS(Ведомость!$N$5:$N$1270,Ведомость!$H$5:$H$1270,6,Ведомость!$I$5:$I$1270,"А240",Ведомость!$V$5:$V$1270,"Л-пл",Ведомость!$W$5:$W$1270,2) | AF69: =SUMIFS(Ведомость!$N$5:$N$1270,Ведомость!$H$5:$H$1270,6,Ведомость!$I$5:$I$1270,"А240",Ведомость!$V$5:$V$1270,"Л-рама",Ведомость!$W$5:$W$1270,2) | AG69: =SUM(B69:AF69) | AH69: =IFERROR(INDEX(Исходные!$B$19:$B$31,MATCH(6,Исходные!$A$19:$A$31,0)),0) | AI69: =AG69*AH69*$AJ$2 | AJ69: =SUM(B69:D69,F69,H69,J69:M69) | AK69: =AH69 | AL69: =AJ69*AK69*$AJ$2 | AM69: =SUM(E69,G69,I69,N69:AB69) | AN69: =AH69 | AO69: =AM69*AN69*$AJ$2 | AP69: =SUM(AC69:AF69) | AQ69: =AH69 | AR69: =AP69*AQ69*$AJ$2
A70: Сетка Ø5 Вр-I 100×100, м² | B70: =SUMIFS(Ведомость!$K$5:$K$1270,Ведомость!$H$5:$H$1270,5,Ведомость!$I$5:$I$1270,"Вр-I",Ведомость!$V$5:$V$1270,"Дм-1",Ведомость!$W$5:$W$1270,2) | C70: =SUMIFS(Ведомость!$K$5:$K$1270,Ведомость!$H$5:$H$1270,5,Ведомость!$I$5:$I$1270,"Вр-I",Ведомость!$V$5:$V$1270,"Дм-2",Ведомость!$W$5:$W$1270,2) | D70: =SUMIFS(Ведомость!$K$5:$K$1270,Ведомость!$H$5:$H$1270,5,Ведомость!$I$5:$I$1270,"Вр-I",Ведомость!$V$5:$V$1270,"К-А",Ведомость!$W$5:$W$1270,2) | E70: =SUMIFS(Ведомость!$K$5:$K$1270,Ведомость!$H$5:$H$1270,5,Ведомость!$I$5:$I$1270,"Вр-I",Ведомость!$V$5:$V$1270,"Р-А",Ведомость!$W$5:$W$1270,2) | F70: =SUMIFS(Ведомость!$K$5:$K$1270,Ведомость!$H$5:$H$1270,5,Ведомость!$I$5:$I$1270,"Вр-I",Ведомость!$V$5:$V$1270,"К-Б",Ведомость!$W$5:$W$1270,2) | G70: =SUMIFS(Ведомость!$K$5:$K$1270,Ведомость!$H$5:$H$1270,5,Ведомость!$I$5:$I$1270,"Вр-I",Ведомость!$V$5:$V$1270,"Р-Б",Ведомость!$W$5:$W$1270,2) | H70: =SUMIFS(Ведомость!$K$5:$K$1270,Ведомость!$H$5:$H$1270,5,Ведомость!$I$5:$I$1270,"Вр-I",Ведомость!$V$5:$V$1270,"К-В",Ведомость!$W$5:$W$1270,2) | I70: =SUMIFS(Ведомость!$K$5:$K$1270,Ведомость!$H$5:$H$1270,5,Ведомость!$I$5:$I$1270,"Вр-I",Ведомость!$V$5:$V$1270,"Р-В",Ведомость!$W$5:$W$1270,2) | J70: =SUMIFS(Ведомость!$K$5:$K$1270,Ведомость!$H$5:$H$1270,5,Ведомость!$I$5:$I$1270,"Вр-I",Ведомость!$V$5:$V$1270,"К-Г",Ведомость!$W$5:$W$1270,2) | K70: =SUMIFS(Ведомость!$K$5:$K$1270,Ведомость!$H$5:$H$1270,5,Ведомость!$I$5:$I$1270,"Вр-I",Ведомость!$V$5:$V$1270,"Дм-3",Ведомость!$W$5:$W$1270,2) | L70: =SUMIFS(Ведомость!$K$5:$K$1270,Ведомость!$H$5:$H$1270,5,Ведомость!$I$5:$I$1270,"Вр-I",Ведомость!$V$5:$V$1270,"Дм-4",Ведомость!$W$5:$W$1270,2) | M70: =SUMIFS(Ведомость!$K$5:$K$1270,Ведомость!$H$5:$H$1270,5,Ведомость!$I$5:$I$1270,"Вр-I",Ведомость!$V$5:$V$1270,"Дм-5",Ведомость!$W$5:$W$1270,2) | N70: =SUMIFS(Ведомость!$K$5:$K$1270,Ведомость!$H$5:$H$1270,5,Ведомость!$I$5:$I$1270,"Вр-I",Ведомость!$V$5:$V$1270,"Р-Г",Ведомость!$W$5:$W$1270,2) | O70: =SUMIFS(Ведомость!$K$5:$K$1270,Ведомость!$H$5:$H$1270,5,Ведомость!$I$5:$I$1270,"Вр-I",Ведомость!$V$5:$V$1270,"Р-1, 5",Ведомость!$W$5:$W$1270,2) | P70: =SUMIFS(Ведомость!$K$5:$K$1270,Ведомость!$H$5:$H$1270,5,Ведомость!$I$5:$I$1270,"Вр-I",Ведомость!$V$5:$V$1270,"Р-2",Ведомость!$W$5:$W$1270,2) | Q70: =SUMIFS(Ведомость!$K$5:$K$1270,Ведомость!$H$5:$H$1270,5,Ведомость!$I$5:$I$1270,"Вр-I",Ведомость!$V$5:$V$1270,"Р-3",Ведомость!$W$5:$W$1270,2) | R70: =SUMIFS(Ведомость!$K$5:$K$1270,Ведомость!$H$5:$H$1270,5,Ведомость!$I$5:$I$1270,"Вр-I",Ведомость!$V$5:$V$1270,"Р-4",Ведомость!$W$5:$W$1270,2) | S70: =SUMIFS(Ведомость!$K$5:$K$1270,Ведомость!$H$5:$H$1270,5,Ведомость!$I$5:$I$1270,"Вр-I",Ведомость!$V$5:$V$1270,"Б-основная",Ведомость!$W$5:$W$1270,2) | T70: =SUMIFS(Ведомость!$K$5:$K$1270,Ведомость!$H$5:$H$1270,5,Ведомость!$I$5:$I$1270,"Вр-I",Ведомость!$V$5:$V$1270,"Б-хомуты",Ведомость!$W$5:$W$1270,2) | U70: =SUMIFS(Ведомость!$K$5:$K$1270,Ведомость!$H$5:$H$1270,5,Ведомость!$I$5:$I$1270,"Вр-I",Ведомость!$V$5:$V$1270,"Б-допник",Ведомость!$W$5:$W$1270,2) | V70: =SUMIFS(Ведомость!$K$5:$K$1270,Ведомость!$H$5:$H$1270,5,Ведомость!$I$5:$I$1270,"Вр-I",Ведомость!$V$5:$V$1270,"П-сетка",Ведомость!$W$5:$W$1270,2) | W70: =SUMIFS(Ведомость!$K$5:$K$1270,Ведомость!$H$5:$H$1270,5,Ведомость!$I$5:$I$1270,"Вр-I",Ведомость!$V$5:$V$1270,"П-фикс",Ведомость!$W$5:$W$1270,2) | X70: =SUMIFS(Ведомость!$K$5:$K$1270,Ведомость!$H$5:$H$1270,5,Ведомость!$I$5:$I$1270,"Вр-I",Ведомость!$V$5:$V$1270,"П-отв",Ведомость!$W$5:$W$1270,2) | Y70: =SUMIFS(Ведомость!$K$5:$K$1270,Ведомость!$H$5:$H$1270,5,Ведомость!$I$5:$I$1270,"Вр-I",Ведомость!$V$5:$V$1270,"П-доп-низ",Ведомость!$W$5:$W$1270,2) | Z70: =SUMIFS(Ведомость!$K$5:$K$1270,Ведомость!$H$5:$H$1270,5,Ведомость!$I$5:$I$1270,"Вр-I",Ведомость!$V$5:$V$1270,"П-доп-верх",Ведомость!$W$5:$W$1270,2) | AA70: =SUMIFS(Ведомость!$K$5:$K$1270,Ведомость!$H$5:$H$1270,5,Ведомость!$I$5:$I$1270,"Вр-I",Ведомость!$V$5:$V$1270,"П-край",Ведомость!$W$5:$W$1270,2) | AB70: =SUMIFS(Ведомость!$K$5:$K$1270,Ведомость!$H$5:$H$1270,5,Ведомость!$I$5:$I$1270,"Вр-I",Ведомость!$V$5:$V$1270,"С-1",Ведомость!$W$5:$W$1270,2) | AC70: =SUMIFS(Ведомость!$K$5:$K$1270,Ведомость!$H$5:$H$1270,5,Ведомость!$I$5:$I$1270,"Вр-I",Ведомость!$V$5:$V$1270,"Л1",Ведомость!$W$5:$W$1270,2) | AD70: =SUMIFS(Ведомость!$K$5:$K$1270,Ведомость!$H$5:$H$1270,5,Ведомость!$I$5:$I$1270,"Вр-I",Ведомость!$V$5:$V$1270,"Л2",Ведомость!$W$5:$W$1270,2) | AE70: =SUMIFS(Ведомость!$K$5:$K$1270,Ведомость!$H$5:$H$1270,5,Ведомость!$I$5:$I$1270,"Вр-I",Ведомость!$V$5:$V$1270,"Л-пл",Ведомость!$W$5:$W$1270,2) | AF70: =SUMIFS(Ведомость!$K$5:$K$1270,Ведомость!$H$5:$H$1270,5,Ведомость!$I$5:$I$1270,"Вр-I",Ведомость!$V$5:$V$1270,"Л-рама",Ведомость!$W$5:$W$1270,2) | AG70: =SUM(B70:AF70) | AH70: =Исходные!$B$32 | AI70: =AG70*AH70*$AJ$2 | AJ70: =SUM(B70:D70,F70,H70,J70:M70) | AK70: =AH70 | AL70: =AJ70*AK70*$AJ$2 | AM70: =SUM(E70,G70,I70,N70:AB70) | AN70: =AH70 | AO70: =AM70*AN70*$AJ$2 | AP70: =SUM(AC70:AF70) | AQ70: =AH70 | AR70: =AP70*AQ70*$AJ$2
A71: Масса чистая (без К зап), кг | B71: =SUMPRODUCT(B54:B70,$AH$54:$AH$70) | C71: =SUMPRODUCT(C54:C70,$AH$54:$AH$70) | D71: =SUMPRODUCT(D54:D70,$AH$54:$AH$70) | E71: =SUMPRODUCT(E54:E70,$AH$54:$AH$70) | F71: =SUMPRODUCT(F54:F70,$AH$54:$AH$70) | G71: =SUMPRODUCT(G54:G70,$AH$54:$AH$70) | H71: =SUMPRODUCT(H54:H70,$AH$54:$AH$70) | I71: =SUMPRODUCT(I54:I70,$AH$54:$AH$70) | ... AF71: =SUMPRODUCT(AF54:AF70,$AH$54:$AH$70) | AH71: Итого: | AI71: =SUMPRODUCT(AG54:AG70,AH54:AH70) | AK71: Итого: | AL71: =SUMPRODUCT(AJ54:AJ70,AK54:AK70) | AN71: Итого: | AO71: =SUMPRODUCT(AM54:AM70,AN54:AN70) | AQ71: Итого: | AR71: =SUMPRODUCT(AP54:AP70,AQ54:AQ70)
A72: Всего с К зап, кг | B72: =B71*$AJ$2 | C72: =C71*$AJ$2 | D72: =D71*$AJ$2 | E72: =E71*$AJ$2 | F72: =F71*$AJ$2 | G72: =G71*$AJ$2 | H72: =H71*$AJ$2 | I72: =I71*$AJ$2 | ... AF72: =AF71*$AJ$2 | AH72: Итого (кг): | AI72: =SUM(AI54:AI70) | AK72: Итого (кг): | AL72: =SUM(AL54:AL70) | AN72: Итого (кг): | AO72: =SUM(AO54:AO70) | AQ72: Итого (кг): | AR72: =SUM(AR54:AR70)
AH73: Итого (т): | AI73: =AI72/1000 | AK73: Итого (т): | AL73: =AL72/1000 | AN73: Итого (т): | AO73: =AO72/1000 | AQ73: Итого (т): | AR73: =AR72/1000
A74: Контроль: чистая масса = «Ведомость», 2 этаж | AI74: =ROUND(AI71-Ведомость!P1272,1) | AJ74: ← должно быть 0
A76: Бетон, (м3)
A77: Бетон В25, м3 | B77: =(0.6*0.6+2*0.7*0.4+1.7*0.4)*(3.6-0.12) | C77: =(0.6*0.6+0.7*0.4+1.7*0.4)*(3.6-0.12) | D77: =3*0.6*0.6*(3.6-0.12) | E77: =1*0.45*(0.6-0.12)*20.50 | F77: =5*0.6*0.6*(3.6-0.12) | G77: =1*0.45*(0.6-0.12)*22.60 | H77: =5*0.6*0.6*(3.6-0.12) | I77: =1*0.45*(0.6-0.12)*22.60 | J77: =2*0.6*0.6*(3.6-0.12) | K77: =(0.6*0.6+2*0.7*0.4+0.9*0.4)*(3.6-0.12) | L77: =(0.6*0.6+0.9*0.4)*(3.6-0.12) | M77: =(0.6*0.6+0.7*0.4+0.9*0.4)*(3.6-0.12) | N77: =1*0.45*(0.6-0.12)*19.80 | O77: =2*0.45*(0.6-0.12)*18.20 | P77: =1*0.45*(0.6-0.12)*15.80 | Q77: =1*0.45*(0.6-0.12)*18.20 | R77: =1*0.45*(0.6-0.12)*15.80 | S77: =137.85*0.3*(0.3-0.12)+6.05*0.3*(0.4-0.12)+(11.71+3.08)*0.2*(0.3-0.12)+35.75*0.25*(0.3-0.12) | V77: =541.54*0.12 | AC77: =SQRT(3.3^2+1.8^2)*1.25*0.15+12*0.3*0.15/2*1.25 | AD77: =SQRT(3.3^2+1.8^2)*1.25*0.15+12*0.3*0.15/2*1.25 | AE77: =1.4*2.89*0.15 | AF77: =0.3*0.3*(1.7-0.3+0.55)+0.3*0.3*2.255 | AG77: =SUM(B77:AF77) | AI77: =AG77*$AK$2 | AJ77: =SUM(B77:D77,F77,H77,J77:M77) | AL77: =AJ77*$AK$2 | AM77: =SUM(E77,G77,I77,N77:AB77) | AO77: =AM77*$AK$2 | AP77: =SUM(AC77:AF77) | AR77: =AP77*$AK$2
A78: Удельный расход (чистый), кг/м³ | AI78: =IF(AG77>0,AI71/AG77,0) | AL78: =IF(AJ77>0,AL71/AJ77,0) | AO78: =IF(AM77>0,AO71/AM77,0) | AR78: =IF(AP77>0,AR71/AP77,0)
A80: Прочие материалы, (шт.)
A81: АШ-1, д14, шт. | AG81: =SUM(B81:AF81) | AJ81: =SUM(B81:D81,F81,H81,J81:M81) | AM81: =SUM(E81,G81,I81,N81:AB81) | AP81: =SUM(AC81:AF81)
A82: АШ-2, д16, шт. | AG82: =SUM(B82:AF82) | AJ82: =SUM(B82:D82,F82,H82,J82:M82) | AM82: =SUM(E82,G82,I82,N82:AB82) | AP82: =SUM(AC82:AF82)
A83: АШ-3, д18, шт. | AG83: =SUM(B83:AF83) | AJ83: =SUM(B83:D83,F83,H83,J83:M83) | AM83: =SUM(E83,G83,I83,N83:AB83) | AP83: =SUM(AC83:AF83)
A84: АШ-4, д20, шт. | AG84: =SUM(B84:AF84) | AJ84: =SUM(B84:D84,F84,H84,J84:M84) | AM84: =SUM(E84,G84,I84,N84:AB84) | AP84: =SUM(AC84:AF84)
A85: АШ-5, д22, шт. | N85: 2 | AG85: =SUM(B85:AF85) | AJ85: =SUM(B85:D85,F85,H85,J85:M85) | AM85: =SUM(E85,G85,I85,N85:AB85) | AP85: =SUM(AC85:AF85)
A86: АШ-6, д25, шт. | E86: 4 | I86: 2 | N86: 4 | O86: 4 | AF86: 16 | AG86: =SUM(B86:AF86) | AJ86: =SUM(B86:D86,F86,H86,J86:M86) | AM86: =SUM(E86,G86,I86,N86:AB86) | AP86: =SUM(AC86:AF86)
A87: АШ-7, д28, шт. | E87: 10 | G87: 12 | I87: 10 | N87: 8 | O87: 16 | P87: 8 | Q87: 10 | R87: 8 | AG87: =SUM(B87:AF87) | AJ87: =SUM(B87:D87,F87,H87,J87:M87) | AM87: =SUM(E87,G87,I87,N87:AB87) | AP87: =SUM(AC87:AF87)
A88: АШ-8, д32, шт. | E88: 2 | O88: 4 | P88: 2 | Q88: 2 | R88: 2 | AG88: =SUM(B88:AF88) | AJ88: =SUM(B88:D88,F88,H88,J88:M88) | AM88: =SUM(E88,G88,I88,N88:AB88) | AP88: =SUM(AC88:AF88)
A89: ВН32, шт. (стыки ванной сваркой) | AG89: =SUM(B89:AF89) | AJ89: =SUM(B89:D89,F89,H89,J89:M89) | AM89: =SUM(E89,G89,I89,N89:AB89) | AP89: =SUM(AC89:AF89)
A90: ВН28, шт. (стыки ванной сваркой) | B90: 4 | C90: 4 | D90: 12 | E90: 8 | F90: 20 | G90: 8 | H90: 20 | I90: 8 | J90: 8 | K90: 4 | L90: 4 | M90: 4 | N90: 8 | O90: 8 | P90: 4 | Q90: 4 | R90: 4 | AG90: =SUM(B90:AF90) | AJ90: =SUM(B90:D90,F90,H90,J90:M90) | AM90: =SUM(E90,G90,I90,N90:AB90) | AP90: =SUM(AC90:AF90)
A91: ВН25, шт. (стыки ванной сваркой) | B91: 18 | C91: 12 | K91: 18 | L91: 6 | M91: 6 | S91: 40 | AG91: =SUM(B91:AF91) | AJ91: =SUM(B91:D91,F91,H91,J91:M91) | AM91: =SUM(E91,G91,I91,N91:AB91) | AP91: =SUM(AC91:AF91)
A92: ВН22, шт. (стыки ванной сваркой) | M92: 6 | AG92: =SUM(B92:AF92) | AJ92: =SUM(B92:D92,F92,H92,J92:M92) | AM92: =SUM(E92,G92,I92,N92:AB92) | AP92: =SUM(AC92:AF92)
A93: ВН20, шт. (стыки ванной сваркой) | B93: 8 | C93: 12 | D93: 24 | F93: 40 | H93: 40 | J93: 16 | K93: 8 | L93: 8 | M93: 8 | AG93: =SUM(B93:AF93) | AJ93: =SUM(B93:D93,F93,H93,J93:M93) | AM93: =SUM(E93,G93,I93,N93:AB93) | AP93: =SUM(AC93:AF93)
A96: 3 ЭТАЖ | B96: Рамы | S96: Балки | V96: Перекрытие | AB96: Сетки С-1 | AC96: Лестничный марш | AJ96: Колонны, диафрагмы | AM96: Ригели, балки, плита, С-1 | AP96: Лестницы
A97: На отметке +7.550…+11.150 | B97: По оси А | C97: По оси А | D97: По оси А | E97: По оси А | F97: По оси Б | G97: По оси Б | H97: По оси В | I97: По оси В | J97: По оси Г | K97: По оси Г | L97: По оси Г | M97: По оси Г | N97: По оси Г | O97: По оси 1/5 | P97: По оси 2 | Q97: По оси 3 | R97: По оси 4 | S97: Основная | T97: Хомуты | U97: Допник | V97: Основная | W97: Хомуты | X97: Отверстия | Y97: Допник | AA97: Край | AB97: С-1 | AC97: Л1 | AD97: Л2 | AE97: Площадка | AF97: Рама | AG97: Итого: | AH97: Масса ед. кг | AI97: Всего | AJ97: Итого: | AK97: Масса ед. кг | AL97: Всего | AM97: Итого: | AN97: Масса ед. кг | AO97: Всего | AP97: Итого: | AQ97: Масса ед. кг | AR97: Всего
A98: (3 этаж) | B98: Дм-1 | C98: Дм-2 | D98: К 2-2 (3) | E98: Ригель 4-4 | F98: К 2-2 (5) | G98: Ригель 4-4 | H98: К 2-2 (5) | I98: Ригель 4-4 | J98: К 2-2 (2) | K98: Дм-3 | L98: Дм-4 | M98: Дм-5 | N98: Ригель 4-4 | O98: Ригель 5-5 (×2) | P98: Ригель 5-5 | Q98: Ригель 5-5 | R98: Ригель 5-5 | U98: Ø18 L=1200 | W98: Ф-1, шп. | Y98: Низ | Z98: Верх | AA98: сеч.6-6 | AB98: 200 шт | AC98: марш 5 | AD98: марш 6 | AE98: отм. 9.400 | AF98: Лрм-2 | AG98: (м.п.) | AI98: кг | AJ98: (м.п.) | AL98: кг | AM98: (м.п.) | AO98: кг | AP98: (м.п.) | AR98: кг
A99: Арматура, (м.п.)
