Workbook

Sheet потребность
A1: Блок 14, ул. Токомбаева
A2: Арматура
A3: Диаметр | B3: Ед. изм. | C3: 1 этаж | G3: Итого | H3: Заказ (раскрой под прутки 11,7 м)
C4: Колонны, диафрагмы | D4: Плита перекрытия, балки, ригели | E4: Лестницы (ЛВ-1) | F4: Сетки-гребёнки С-1 | H4: Прутков 11,7 м, шт | I4: Масса заказа, кг | J4: Отход, %
A5: Диаметр 32 А500С | B5: кг | C5: ='1 этаж'!AI8 -> 2020.16 | D5: ='1 этаж'!AL8 -> 643.2947 | E5: ='1 этаж'!AO8 -> 0 | F5: ='1 этаж'!AR8 -> 0 | G5: =SUM(C5:F5) -> 2663.4547 | H5: ='Раскрой 11,7м'!F189 -> 44 | I5: ='Раскрой 11,7м'!I189 -> 3249.9324 | J5: ='Раскрой 11,7м'!L189 -> 0.18045843
A6: Диаметр 28 А500С | B6: кг | C6: ='1 этаж'!AI9 -> 2010.944 | D6: ='1 этаж'!AL9 -> 4612.1194 | E6: ='1 этаж'!AO9 -> 0 | F6: ='1 этаж'!AR9 -> 0 | G6: =SUM(C6:F6) -> 6623.0634 | H6: ='Раскрой 11,7м'!F190 -> 132 | I6: ='Раскрой 11,7м'!I190 -> 7465.6296 | J6: ='Раскрой 11,7м'!L190 -> 0.11285936
A7: Диаметр 25 А500С | B7: кг | C7: ='1 этаж'!AI10 -> 554.832 | D7: ='1 этаж'!AL10 -> 2915.1798 | E7: ='1 этаж'!AO10 -> 0 | F7: ='1 этаж'!AR10 -> 0 | G7: =SUM(C7:F7) -> 3470.0118 | H7: ='Раскрой 11,7м'!F191 -> 81 | I7: ='Раскрой 11,7м'!I191 -> 3651.4881 | J7: ='Раскрой 11,7м'!L191 -> 0.049699272
A8: Диаметр 22 А500С | B8: кг | C8: ='1 этаж'!AI11 -> 468.488 | D8: ='1 этаж'!AL11 -> 644.8424 | E8: ='1 этаж'!AO11 -> 0 | F8: ='1 этаж'!AR11 -> 0 | G8: =SUM(C8:F8) -> 1113.3304 | H8: ='Раскрой 11,7м'!F192 -> 35 | I8: ='Раскрой 11,7м'!I192 -> 1221.948 | J8: ='Раскрой 11,7м'!L192 -> 0.088888889
A9: Диаметр 20 А500С | B9: кг | C9: ='1 этаж'!AI12 -> 1732.8582 | D9: ='1 этаж'!AL12 -> 205.02324 | E9: ='1 этаж'!AO12 -> 0 | F9: ='1 этаж'!AR12 -> 0 | G9: =SUM(C9:F9) -> 1937.8814 | H9: ='Раскрой 11,7м'!F193 -> 87 | I9: ='Раскрой 11,7м'!I193 -> 2510.1414 | J9: ='Раскрой 11,7м'!L193 -> 0.22797917
A10: Диаметр 18 А500С | B10: кг | C10: ='1 этаж'!AI13 -> 280.99872 | D10: ='1 этаж'!AL13 -> 925.36171 | E10: ='1 этаж'!AO13 -> 0 | F10: ='1 этаж'!AR13 -> 0 | G10: =SUM(C10:F10) -> 1206.3604 | H10: ='Раскрой 11,7м'!F194 -> 53 | I10: ='Раскрой 11,7м'!I194 -> 1238.9598 | J10: ='Раскрой 11,7м'!L194 -> 0.026311885
A11: Диаметр 16 А500С | B11: кг | C11: ='1 этаж'!AI14 -> 693.3732 | D11: ='1 этаж'!AL14 -> 845.22098 | E11: ='1 этаж'!AO14 -> 0 | F11: ='1 этаж'!AR14 -> 0 | G11: =SUM(C11:F11) -> 1538.5942 | H11: ='Раскрой 11,7м'!F195 -> 85 | I11: ='Раскрой 11,7м'!I195 -> 1569.321 | J11: ='Раскрой 11,7м'!L195 -> 0.019579688
A12: Диаметр 14 А500С | B12: кг | C12: ='1 этаж'!AI15 -> 73.5672 | D12: ='1 этаж'!AL15 -> 216.90848 | E12: ='1 этаж'!AO15 -> 0 | F12: ='1 этаж'!AR15 -> 0 | G12: =SUM(C12:F12) -> 290.47568 | H12: ='Раскрой 11,7м'!F196 -> 21 | I12: ='Раскрой 11,7м'!I196 -> 296.8056 | J12: ='Раскрой 11,7м'!L196 -> 0.021326821
A13: Диаметр 12 А500С | B13: кг | C13: ='1 этаж'!AI16 -> 0 | D13: ='1 этаж'!AL16 -> 215.05939 | E13: ='1 этаж'!AO16 -> 0 | F13: ='1 этаж'!AR16 -> 0 | G13: =SUM(C13:F13) -> 215.05939 | H13: ='Раскрой 11,7м'!F197 -> 22 | I13: ='Раскрой 11,7м'!I197 -> 228.5712 | J13: ='Раскрой 11,7м'!L197 -> 0.059114219
A14: Диаметр 10 А500С | B14: кг | C14: ='1 этаж'!AI17 -> 7.5891 | D14: ='1 этаж'!AL17 -> 7425.632 | E14: ='1 этаж'!AO17 -> 0 | F14: ='1 этаж'!AR17 -> 590.8392 | G14: =SUM(C14:F14) -> 8024.0603 | H14: ='Раскрой 11,7м'!F198 -> 1121 | I14: ='Раскрой 11,7м'!I198 -> 8092.3869 | J14: ='Раскрой 11,7м'!L198 -> 0.008443316
A15: Диаметр 8 А500С | B15: кг | C15: ='1 этаж'!AI18 -> 0 | D15: ='1 этаж'!AL18 -> 0 | E15: ='1 этаж'!AO18 -> 0 | F15: ='1 этаж'!AR18 -> 0 | G15: =SUM(C15:F15) -> 0 | H15: ='Раскрой 11,7м'!F199 -> 0 | I15: ='Раскрой 11,7м'!I199 -> 0 | J15: ='Раскрой 11,7м'!L199 -> 0
A16: Диаметр 12 А240 | B16: кг | C16: ='1 этаж'!AI19 -> 0 | D16: ='1 этаж'!AL19 -> 0 | E16: ='1 этаж'!AO19 -> 0 | F16: ='1 этаж'!AR19 -> 0 | G16: =SUM(C16:F16) -> 0 | H16: ='Раскрой 11,7м'!F200 -> 0 | I16: ='Раскрой 11,7м'!I200 -> 0 | J16: ='Раскрой 11,7м'!L200 -> 0
... A19: Диаметр 6 А240 | B19: кг | C19: ='1 этаж'!AI22 -> 0 | D19: ='1 этаж'!AL22 -> 0 | E19: ='1 этаж'!AO22 -> 0 | F19: ='1 этаж'!AR22 -> 0 | G19: =SUM(C19:F19) -> 0 | H19: ='Раскрой 11,7м'!F203 -> 0 | I19: ='Раскрой 11,7м'!I203 -> 0 | J19: ='Раскрой 11,7м'!L203 -> 0
A20: Итого: | B20: кг | C20: =SUM(C5:C19) -> 9396.4436 | D20: =SUM(D5:D19) -> 21800.826 | E20: =SUM(E5:E19) -> 0 | F20: =SUM(F5:F19) -> 590.8392 | G20: =SUM(G5:G19) -> 31788.108 | H20: =SUM(H5:H19) -> 2573 | I20: =SUM(I5:I19) -> 34276.133 | J20: ='Раскрой 11,7м'!L204 -> 0.072587661
A21: Итого: | B21: т | C21: =C20/1000 -> 9.3964436 | D21: =D20/1000 -> 21.800826 | E21: =E20/1000 -> 0 | F21: =F20/1000 -> 0.5908392 | G21: =G20/1000 -> 31.788108 | I21: =I20/1000 -> 34.276133
A22: Контроль: итог = «1 этаж» и «Ведомость» | G22: =ROUND(G20-'1 этаж'!AF23,1) -> 0 | H22: ← должно быть 0
A24: Бетон
A25: Марка | B25: Ед. изм. | C25: 1 этаж | G25: Итого
C26: Колонны, диафрагмы | D26: Плита перекрытия, балки, ригели | E26: Лестницы (ЛВ-1) | F26: Сетки-гребёнки С-1
A27: В25 | B27: м3 | C27: ='1 этаж'!AI28 -> 43.9216 | D27: ='1 этаж'!AL28 -> 112.11321 | E27: ='1 этаж'!AO28 -> 0 | F27: ='1 этаж'!AR28 -> 0 | G27: =SUM(C27:F27) -> 156.03481
A28: Итого: | B28: м3 | C28: =SUM(C27:C27) -> 43.9216 | D28: =SUM(D27:D27) -> 112.11321 | E28: =SUM(E27:E27) -> 0 | F28: =SUM(F27:F27) -> 0 | G28: =SUM(G27:G27) -> 156.03481
A30: Прочие материалы
A31: Наименование | B31: Ед. изм. | C31: 1 этаж | G31: Итого
C32: Колонны, диафрагмы | D32: Плита перекрытия, балки, ригели | E32: Лестницы (ЛВ-1) | F32: Сетки-гребёнки С-1
A33: Анкерная шайба АШ-1 (14) | B33: шт. | C33: ='1 этаж'!AG32 -> 0 | D33: ='1 этаж'!AJ32 -> 0 | E33: ='1 этаж'!AM32 -> 0 | F33: ='1 этаж'!AP32 -> 0 | G33: =SUM(C33:F33) -> 0
A34: Анкерная шайба АШ-2 (16) | B34: шт. | C34: ='1 этаж'!AG33 -> 0 | D34: ='1 этаж'!AJ33 -> 0 | E34: ='1 этаж'!AM33 -> 0 | F34: ='1 этаж'!AP33 -> 0 | G34: =SUM(C34:F34) -> 0
A35: Анкерная шайба АШ-3 (18) | B35: шт. | C35: ='1 этаж'!AG34 -> 0 | D35: ='1 этаж'!AJ34 -> 0 | E35: ='1 этаж'!AM34 -> 0 | F35: ='1 этаж'!AP34 -> 0 | G35: =SUM(C35:F35) -> 0
A36: Анкерная шайба АШ-4 (20) | B36: шт. | C36: ='1 этаж'!AG35 -> 0 | D36: ='1 этаж'!AJ35 -> 0 | E36: ='1 этаж'!AM35 -> 0 | F36: ='1 этаж'!AP35 -> 0 | G36: =SUM(C36:F36) -> 0
A37: Анкерная шайба АШ-5 (22) | B37: шт. | C37: ='1 этаж'!AG36 -> 0 | D37: ='1 этаж'!AJ36 -> 2 | E37: ='1 этаж'!AM36 -> 0 | F37: ='1 этаж'!AP36 -> 0 | G37: =SUM(C37:F37) -> 2
A38: Анкерная шайба АШ-6 (25) | B38: шт. | C38: ='1 этаж'!AG37 -> 0 | D38: ='1 этаж'!AJ37 -> 16 | E38: ='1 этаж'!AM37 -> 0 | F38: ='1 этаж'!AP37 -> 0 | G38: =SUM(C38:F38) -> 16
A39: Анкерная шайба АШ-7 (28) | B39: шт. | C39: ='1 этаж'!AG38 -> 0 | D39: ='1 этаж'!AJ38 -> 86 | E39: ='1 этаж'!AM38 -> 0 | F39: ='1 этаж'!AP38 -> 0 | G39: =SUM(C39:F39) -> 86
A40: Анкерная шайба АШ-8 (32) | B40: шт. | C40: ='1 этаж'!AG39 -> 0 | D40: ='1 этаж'!AJ39 -> 6 | E40: ='1 этаж'!AM39 -> 0 | F40: ='1 этаж'!AP39 -> 0 | G40: =SUM(C40:F40) -> 6
A41: Ванночка d32 (стыков ванной сваркой) | B41: шт. | C41: ='1 этаж'!AG40 -> 80 | D41: ='1 этаж'!AJ40 -> 0 | E41: ='1 этаж'!AM40 -> 0 | F41: ='1 этаж'!AP40 -> 0 | G41: =SUM(C41:F41) -> 80
A42: Ванночка d28 (стыков ванной сваркой) | B42: шт. | C42: ='1 этаж'!AG41 -> 104 | D42: ='1 этаж'!AJ41 -> 52 | E42: ='1 этаж'!AM41 -> 0 | F42: ='1 этаж'!AP41 -> 0 | G42: =SUM(C42:F42) -> 156
A43: Ванночка d25 (стыков ванной сваркой) | B43: шт. | C43: ='1 этаж'!AG42 -> 36 | D43: ='1 этаж'!AJ42 -> 40 | E43: ='1 этаж'!AM42 -> 0 | F43: ='1 этаж'!AP42 -> 0 | G43: =SUM(C43:F43) -> 76
A44: Ванночка d22 (стыков ванной сваркой) | B44: шт. | C44: ='1 этаж'!AG43 -> 36 | D44: ='1 этаж'!AJ43 -> 0 | E44: ='1 этаж'!AM43 -> 0 | F44: ='1 этаж'!AP43 -> 0 | G44: =SUM(C44:F44) -> 36
A45: Ванночка d20 (стыков ванной сваркой) | B45: шт. | C45: ='1 этаж'!AG44 -> 166 | D45: ='1 этаж'!AJ44 -> 0 | E45: ='1 этаж'!AM44 -> 0 | F45: ='1 этаж'!AP44 -> 0 | G45: =SUM(C45:F45) -> 166
A47: Примечания:
A48: 1. Проектный расход — без запаса (К(зап)=1,00, лист «Исходные»). Заказ — по раскрою под прутки 11,7 м (лист «Раскрой 11,7м»).
A49: 2. Лестница ЛВ-1 — листов армирования в предоставленном PDF нет, колонка пустая. Колонны (15 шт) и ригели рам на +3.950 (9 рам) — включены.
A50: 3. Аш — только для стержней Ø>20 у торцов рам (Б-Б АС-31); Аш балок плиты не считались. Сомнительные места — лист «Проверки».

Sheet 1 этаж
A1: Блок 14, ул. Токомбаева — 1 этаж: подсчёт арматуры по элементам (м.п. → кг)
A2: м.п. в каждой ячейке = SUMIFS из листа «Ведомость» по Ø, классу и колонке; кг/м — «Исходные»; Всего = м.п. × кг/м × К(зап) | AG2: К(зап) арматура | AH2: =Исходные!$B$13 -> 1 | AJ2: К(зап) бетон | AK2: =Исходные!$B$14 -> 1
B4: Диафрагмы | G4: Колонны | K4: Ригели +3.950 | S4: Балки плиты | V4: Перекрытие +3.950 | AB4: Лестничный марш | AC4: Сетки-гребёнки | AG4: Колонны, диафрагмы | AJ4: Ригели, балки, плита | AM4: Лестницы | AP4: Сетки С-1
A5: На отметке -0.050…+3.950 | B5: По оси А / 4 | C5: По оси А / 2 | D5: По оси Г / 2 | E5: По оси Г / 3 | F5: По оси Г / 4 | G5: По оси А | H5: По оси Б | I5: По оси В | J5: По оси Г | K5: По оси А | L5: По оси Б | M5: По оси В | N5: По оси Г | O5: По осям 1, 5 | P5: По оси 2 | Q5: По оси 3 | R5: По оси 4 | S5: Основная | T5: Хомуты | U5: Допник | V5: Основная | W5: Шпильки, фиксаторы | X5: Отверстия | Y5: Допник | AA5: Край | AB5: ЛВ-1 | AC5: С-1 | AD5: Итого: | AE5: Масса ед. кг | AF5: Всего | AG5: Итого: | AH5: Масса ед. кг | AI5: Всего | AJ5: Итого: | AK5: Масса ед. кг | AL5: Всего | AM5: Итого: | AN5: Масса ед. кг | AO5: Всего | AP5: Итого: | AQ5: Масса ед. кг | AR5: Всего
A6: (1 этаж) | B6: Дм-1 | C6: Дм-2 | D6: Дм-3 | E6: Дм-4 | F6: Дм-5 | G6: К 1-1 (3) | H6: К 1-1 (5) | I6: К 1-1 (5) | J6: К 1-1 (2) | K6: Ригель 4-4 | L6: Ригель 4-4 | M6: Ригель 4-4 | N6: Ригель 4-4 | O6: Ригель 5-5 (2) | P6: Ригель 5-5 | Q6: Ригель 5-5 | R6: Ригель 5-5 | S6: сеч.1-1…5-5 | T6: поз.10–13 | U6: Ø18 L=1200 | V6: сетка Ø10/200 низ+верх | W6: ш.800 | X6: — | Y6: Низ | Z6: Верх | AA6: сеч.6-6 | AB6: нет чертежей | AC6: 240 шт | AD6: (м.п.) | AF6: кг | AG6: (м.п.) | AI6: кг | AJ6: (м.п.) | AL6: кг | AM6: (м.п.) | AO6: кг | AP6: (м.п.) | AR6: кг
A7: Арматура, (м.п.)
A8: Диаметр 32 А500С, L=м.п. | B8: =SUMIFS(Ведомость!$N$5:$N$397,Ведомость!$H$5:$H$397,32,Ведомость!$I$5:$I$397,"А500С",Ведомость!$V$5:$V$397,"Дм-1") -> 16 | C8: =SUMIFS(Ведомость!$N$5:$N$397,Ведомость!$H$5:$H$397,32,Ведомость!$I$5:$I$397,"А500С",Ведомость!$V$5:$V$397,"Дм-2") -> 16 | D8: =SUMIFS(Ведомость!$N$5:$N$397,Ведомость!$H$5:$H$397,32,Ведомость!$I$5:$I$397,"А500С",Ведомость!$V$5:$V$397,"Дм-3") -> 16 | E8: =SUMIFS(Ведомость!$N$5:$N$397,Ведомость!$H$5:$H$397,32,Ведомость!$I$5:$I$397,"А500С",Ведомость!$V$5:$V$397,"Дм-4") -> 16 | F8: =SUMIFS(Ведомость!$N$5:$N$397,Ведомость!$H$5:$H$397,32,Ведомость!$I$5:$I$397,"А500С",Ведомость!$V$5:$V$397,"Дм-5") -> 16 | G8: =SUMIFS(Ведомость!$N$5:$N$397,Ведомость!$H$5:$H$397,32,Ведомость!$I$5:$I$397,"А500С",Ведомость!$V$5:$V$397,"К-А") -> 48 | H8: =SUMIFS(Ведомость!$N$5:$N$397,Ведомость!$H$5:$H$397,32,Ведомость!$I$5:$I$397,"А500С",Ведомость!$V$5:$V$397,"К-Б") -> 80 | I8: =SUMIFS(Ведомость!$N$5:$N$397,Ведомость!$H$5:$H$397,32,Ведомость!$I$5:$I$397,"А500С",Ведомость!$V$5:$V$397,"К-В") -> 80 | J8: =SUMIFS(Ведомость!$N$5:$N$397,Ведомость!$H$5:$H$397,32,Ведомость!$I$5:$I$397,"А500С",Ведомость!$V$5:$V$397,"К-Г") -> 32 | K8: =SUMIFS(Ведомость!$N$5:$N$397,Ведомость!$H$5:$H$397,32,Ведомость!$I$5:$I$397,"А500С",Ведомость!$V$5:$V$397,"Р-А") -> 6.6 | L8: =SUMIFS(Ведомость!$N$5:$N$397,Ведомость!$H$5:$H$397,32,Ведомость!$I$5:$I$397,"А500С",Ведомость!$V$5:$V$397,"Р-Б") -> 7.4 | M8: =SUMIFS(Ведомость!$N$5:$N$397,Ведомость!$H$5:$H$397,32,Ведомость!$I$5:$I$397,"А500С",Ведомость!$V$5:$V$397,"Р-В") -> 14.8 | N8: =SUMIFS(Ведомость!$N$5:$N$397,Ведомость!$H$5:$H$397,32,Ведомость!$I$5:$I$397,"А500С",Ведомость!$V$5:$V$397,"Р-Г") -> 8.6 | O8: =SUMIFS(Ведомость!$N$5:$N$397,Ведомость!$H$5:$H$397,32,Ведомость!$I$5:$I$397,"А500С",Ведомость!$V$5:$V$397,"Р-1, 5") -> 15.2 | P8: =SUMIFS(Ведомость!$N$5:$N$397,Ведомость!$H$5:$H$397,32,Ведомость!$I$5:$I$397,"А500С",Ведомость!$V$5:$V$397,"Р-2") -> 27.9 | Q8: =SUMIFS(Ведомость!$N$5:$N$397,Ведомость!$H$5:$H$397,32,Ведомость!$I$5:$I$397,"А500С",Ведомость!$V$5:$V$397,"Р-3") -> 4.1 | R8: =SUMIFS(Ведомость!$N$5:$N$397,Ведомость!$H$5:$H$397,32,Ведомость!$I$5:$I$397,"А500С",Ведомость!$V$5:$V$397,"Р-4") -> 17.3 | S8: =SUMIFS(Ведомость!$N$5:$N$397,Ведомость!$H$5:$H$397,32,Ведомость!$I$5:$I$397,"А500С",Ведомость!$V$5:$V$397,"Б-основная") -> 0 | T8: =SUMIFS(Ведомость!$N$5:$N$397,Ведомость!$H$5:$H$397,32,Ведомость!$I$5:$I$397,"А500С",Ведомость!$V$5:$V$397,"Б-хомуты") -> 0 | U8: =SUMIFS(Ведомость!$N$5:$N$397,Ведомость!$H$5:$H$397,32,Ведомость!$I$5:$I$397,"А500С",Ведомость!$V$5:$V$397,"Б-допник") -> 0 | V8: =SUMIFS(Ведомость!$N$5:$N$397,Ведомость!$H$5:$H$397,32,Ведомость!$I$5:$I$397,"А500С",Ведомость!$V$5:$V$397,"П-сетка") -> 0 | W8: =SUMIFS(Ведомость!$N$5:$N$397,Ведомость!$H$5:$H$397,32,Ведомость!$I$5:$I$397,"А500С",Ведомость!$V$5:$V$397,"П-фикс") -> 0 | X8: =SUMIFS(Ведомость!$N$5:$N$397,Ведомость!$H$5:$H$397,32,Ведомость!$I$5:$I$397,"А500С",Ведомость!$V$5:$V$397,"П-отв") -> 0 | Y8: =SUMIFS(Ведомость!$N$5:$N$397,Ведомость!$H$5:$H$397,32,Ведомость!$I$5:$I$397,"А500С",Ведомость!$V$5:$V$397,"П-доп-низ") -> 0 | Z8: =SUMIFS(Ведомость!$N$5:$N$397,Ведомость!$H$5:$H$397,32,Ведомость!$I$5:$I$397,"А500С",Ведомость!$V$5:$V$397,"П-доп-верх") -> 0 | AA8: =SUMIFS(Ведомость!$N$5:$N$397,Ведомость!$H$5:$H$397,32,Ведомость!$I$5:$I$397,"А500С",Ведомость!$V$5:$V$397,"П-край") -> 0 | AB8: =SUMIFS(Ведомость!$N$5:$N$397,Ведомость!$H$5:$H$397,32,Ведомость!$I$5:$I$397,"А500С",Ведомость!$V$5:$V$397,"ЛВ-1") -> 0 | AC8: =SUMIFS(Ведомость!$N$5:$N$397,Ведомость!$H$5:$H$397,32,Ведомость!$I$5:$I$397,"А500С",Ведомость!$V$5:$V$397,"С-1") -> 0 | AD8: =SUM(B8:AC8) -> 421.9 | AE8: =IFERROR(INDEX(Исходные!$B$18:$B$29,MATCH(32,Исходные!$A$18:$A$29,0)),0) -> 6.313 | AF8: =AD8*AE8*$AH$2 -> 2663.4547 | AG8: =SUM(B8:J8) -> 320 | AH8: =AE8 -> 6.313 | AI8: =AG8*AH8*$AH$2 -> 2020.16 | AJ8: =SUM(K8:AA8) -> 101.9 | AK8: =AE8 -> 6.313 | AL8: =AJ8*AK8*$AH$2 -> 643.2947 | AM8: =SUM(AB8:AB8) -> 0 | AN8: =AE8 -> 6.313 | AO8: =AM8*AN8*$AH$2 -> 0 | AP8: =SUM(AC8:AC8) -> 0 | AQ8: =AE8 -> 6.313 | AR8: =AP8*AQ8*$AH$2 -> 0
A9: Диаметр 28 А500С, L=м.п. | B9: =SUMIFS(Ведомость!$N$5:$N$397,Ведомость!$H$5:$H$397,28,Ведомость!$I$5:$I$397,"А500С",Ведомость!$V$5:$V$397,"Дм-1") -> 128 | C9: =SUMIFS(Ведомость!$N$5:$N$397,Ведомость!$H$5:$H$397,28,Ведомость!$I$5:$I$397,"А500С",Ведомость!$V$5:$V$397,"Дм-2") -> 88 | D9: =SUMIFS(Ведомость!$N$5:$N$397,Ведомость!$H$5:$H$397,28,Ведомость!$I$5:$I$397,"А500С",Ведомость!$V$5:$V$397,"Дм-3") -> 88 | E9: =SUMIFS(Ведомость!$N$5:$N$397,Ведомость!$H$5:$H$397,28,Ведомость!$I$5:$I$397,"А500С",Ведомость!$V$5:$V$397,"Дм-4") -> 56 | F9: =SUMIFS(Ведомость!$N$5:$N$397,Ведомость!$H$5:$H$397,28,Ведомость!$I$5:$I$397,"А500С",Ведомость!$V$5:$V$397,"Дм-5") -> 56 | G9: =SUMIFS(Ведомость!$N$5:$N$397,Ведомость!$H$5:$H$397,28,Ведомость!$I$5:$I$397,"А500С",Ведомость!$V$5:$V$397,"К-А") -> 0 | H9: =SUMIFS(Ведомость!$N$5:$N$397,Ведомость!$H$5:$H$397,28,Ведомость!$I$5:$I$397,"А500С",Ведомость!$V$5:$V$397,"К-Б") -> 0 | I9: =SUMIFS(Ведомость!$N$5:$N$397,Ведомость!$H$5:$H$397,28,Ведомость!$I$5:$I$397,"А500С",Ведомость!$V$5:$V$397,"К-В") -> 0 | J9: =SUMIFS(Ведомость!$N$5:$N$397,Ведомость!$H$5:$H$397,28,Ведомость!$I$5:$I$397,"А500С",Ведомость!$V$5:$V$397,"К-Г") -> 0 | K9: =SUMIFS(Ведомость!$N$5:$N$397,Ведомость!$H$5:$H$397,28,Ведомость!$I$5:$I$397,"А500С",Ведомость!$V$5:$V$397,"Р-А") -> 121.8 | L9: =SUMIFS(Ведомость!$N$5:$N$397,Ведомость!$H$5:$H$397,28,Ведомость!$I$5:$I$397,"А500С",Ведомость!$V$5:$V$397,"Р-Б") -> 116.6 | M9: =SUMIFS(Ведомость!$N$5:$N$397,Ведомость!$H$5:$H$397,28,Ведомость!$I$5:$I$397,"А500С",Ведомость!$V$5:$V$397,"Р-В") -> 113.3 | N9: =SUMIFS(Ведомость!$N$5:$N$397,Ведомость!$H$5:$H$397,28,Ведомость!$I$5:$I$397,"А500С",Ведомость!$V$5:$V$397,"Р-Г") -> 144.1 | O9: =SUMIFS(Ведомость!$N$5:$N$397,Ведомость!$H$5:$H$397,28,Ведомость!$I$5:$I$397,"А500С",Ведомость!$V$5:$V$397,"Р-1, 5") -> 187.4 | P9: =SUMIFS(Ведомость!$N$5:$N$397,Ведомость!$H$5:$H$397,28,Ведомость!$I$5:$I$397,"А500С",Ведомость!$V$5:$V$397,"Р-2") -> 82 | Q9: =SUMIFS(Ведомость!$N$5:$N$397,Ведомость!$H$5:$H$397,28,Ведомость!$I$5:$I$397,"А500С",Ведомость!$V$5:$V$397,"Р-3") -> 99.7 | R9: =SUMIFS(Ведомость!$N$5:$N$397,Ведомость!$H$5:$H$397,28,Ведомость!$I$5:$I$397,"А500С",Ведомость!$V$5:$V$397,"Р-4") -> 89.2 | S9: =SUMIFS(Ведомость!$N$5:$N$397,Ведомость!$H$5:$H$397,28,Ведомость!$I$5:$I$397,"А500С",Ведомость!$V$5:$V$397,"Б-основная") -> 0 | T9: =SUMIFS(Ведомость!$N$5:$N$397,Ведомость!$H$5:$H$397,28,Ведомость!$I$5:$I$397,"А500С",Ведомость!$V$5:$V$397,"Б-хомуты") -> 0 | U9: =SUMIFS(Ведомость!$N$5:$N$397,Ведомость!$H$5:$H$397,28,Ведомость!$I$5:$I$397,"А500С",Ведомость!$V$5:$V$397,"Б-допник") -> 0 | V9: =SUMIFS(Ведомость!$N$5:$N$397,Ведомость!$H$5:$H$397,28,Ведомость!$I$5:$I$397,"А500С",Ведомость!$V$5:$V$397,"П-сетка") -> 0 | W9: =SUMIFS(Ведомость!$N$5:$N$397,Ведомость!$H$5:$H$397,28,Ведомость!$I$5:$I$397,"А500С",Ведомость!$V$5:$V$397,"П-фикс") -> 0 | X9: =SUMIFS(Ведомость!$N$5:$N$397,Ведомость!$H$5:$H$397,28,Ведомость!$I$5:$I$397,"А500С",Ведомость!$V$5:$V$397,"П-отв") -> 0 | Y9: =SUMIFS(Ведомость!$N$5:$N$397,Ведомость!$H$5:$H$397,28,Ведомость!$I$5:$I$397,"А500С",Ведомость!$V$5:$V$397,"П-доп-низ") -> 0 | Z9: =SUMIFS(Ведомость!$N$5:$N$397,Ведомость!$H$5:$H$397,28,Ведомость!$I$5:$I$397,"А500С",Ведомость!$V$5:$V$397,"П-доп-верх") -> 0 | AA9: =SUMIFS(Ведомость!$N$5:$N$397,Ведомость!$H$5:$H$397,28,Ведомость!$I$5:$I$397,"А500С",Ведомость!$V$5:$V$397,"П-край") -> 0 | AB9: =SUMIFS(Ведомость!$N$5:$N$397,Ведомость!$H$5:$H$397,28,Ведомость!$I$5:$I$397,"А500С",Ведомость!$V$5:$V$397,"ЛВ-1") -> 0 | AC9: =SUMIFS(Ведомость!$N$5:$N$397,Ведомость!$H$5:$H$397,28,Ведомость!$I$5:$I$397,"А500С",Ведомость!$V$5:$V$397,"С-1") -> 0 | AD9: =SUM(B9:AC9) -> 1370.1 | AE9: =IFERROR(INDEX(Исходные!$B$18:$B$29,MATCH(28,Исходные!$A$18:$A$29,0)),0) -> 4.834 | AF9: =AD9*AE9*$AH$2 -> 6623.0634 | AG9: =SUM(B9:J9) -> 416 | AH9: =AE9 -> 4.834 | AI9: =AG9*AH9*$AH$2 -> 2010.944 | AJ9: =SUM(K9:AA9) -> 954.1 | AK9: =AE9 -> 4.834 | AL9: =AJ9*AK9*$AH$2 -> 4612.1194 | AM9: =SUM(AB9:AB9) -> 0 | AN9: =AE9 -> 4.834 | AO9: =AM9*AN9*$AH$2 -> 0 | AP9: =SUM(AC9:AC9) -> 0 | AQ9: =AE9 -> 4.834 | AR9: =AP9*AQ9*$AH$2 -> 0
A10: Диаметр 25 А500С, L=м.п. | B10: =SUMIFS(Ведомость!$N$5:$N$397,Ведомость!$H$5:$H$397,25,Ведомость!$I$5:$I$397,"А500С",Ведомость!$V$5:$V$397,"Дм-1") -> 32 | C10: =SUMIFS(Ведомость!$N$5:$N$397,Ведомость!$H$5:$H$397,25,Ведомость!$I$5:$I$397,"А500С",Ведомость!$V$5:$V$397,"Дм-2") -> 32 | D10: =SUMIFS(Ведомость!$N$5:$N$397,Ведомость!$H$5:$H$397,25,Ведомость!$I$5:$I$397,"А500С",Ведомость!$V$5:$V$397,"Дм-3") -> 40 | E10: =SUMIFS(Ведомость!$N$5:$N$397,Ведомость!$H$5:$H$397,25,Ведомость!$I$5:$I$397,"А500С",Ведомость!$V$5:$V$397,"Дм-4") -> 0 | F10: =SUMIFS(Ведомость!$N$5:$N$397,Ведомость!$H$5:$H$397,25,Ведомость!$I$5:$I$397,"А500С",Ведомость!$V$5:$V$397,"Дм-5") -> 40 | G10: =SUMIFS(Ведомость!$N$5:$N$397,Ведомость!$H$5:$H$397,25,Ведомость!$I$5:$I$397,"А500С",Ведомость!$V$5:$V$397,"К-А") -> 0 | H10: =SUMIFS(Ведомость!$N$5:$N$397,Ведомость!$H$5:$H$397,25,Ведомость!$I$5:$I$397,"А500С",Ведомость!$V$5:$V$397,"К-Б") -> 0 | I10: =SUMIFS(Ведомость!$N$5:$N$397,Ведомость!$H$5:$H$397,25,Ведомость!$I$5:$I$397,"А500С",Ведомость!$V$5:$V$397,"К-В") -> 0 | J10: =SUMIFS(Ведомость!$N$5:$N$397,Ведомость!$H$5:$H$397,25,Ведомость!$I$5:$I$397,"А500С",Ведомость!$V$5:$V$397,"К-Г") -> 0 | K10: =SUMIFS(Ведомость!$N$5:$N$397,Ведомость!$H$5:$H$397,25,Ведомость!$I$5:$I$397,"А500С",Ведомость!$V$5:$V$397,"Р-А") -> 40.4 | L10: =SUMIFS(Ведомость!$N$5:$N$397,Ведомость!$H$5:$H$397,25,Ведомость!$I$5:$I$397,"А500С",Ведомость!$V$5:$V$397,"Р-Б") -> 8.2 | M10: =SUMIFS(Ведомость!$N$5:$N$397,Ведомость!$H$5:$H$397,25,Ведомость!$I$5:$I$397,"А500С",Ведомость!$V$5:$V$397,"Р-В") -> 4.1 | N10: =SUMIFS(Ведомость!$N$5:$N$397,Ведомость!$H$5:$H$397,25,Ведомость!$I$5:$I$397,"А500С",Ведомость!$V$5:$V$397,"Р-Г") -> 4.1 | O10: =SUMIFS(Ведомость!$N$5:$N$397,Ведомость!$H$5:$H$397,25,Ведомость!$I$5:$I$397,"А500С",Ведомость!$V$5:$V$397,"Р-1, 5") -> 8.2 | P10: =SUMIFS(Ведомость!$N$5:$N$397,Ведомость!$H$5:$H$397,25,Ведомость!$I$5:$I$397,"А500С",Ведомость!$V$5:$V$397,"Р-2") -> 21 | Q10: =SUMIFS(Ведомость!$N$5:$N$397,Ведомость!$H$5:$H$397,25,Ведомость!$I$5:$I$397,"А500С",Ведомость!$V$5:$V$397,"Р-3") -> 22.8 | R10: =SUMIFS(Ведомость!$N$5:$N$397,Ведомость!$H$5:$H$397,25,Ведомость!$I$5:$I$397,"А500С",Ведомость!$V$5:$V$397,"Р-4") -> 12.4 | S10: =SUMIFS(Ведомость!$N$5:$N$397,Ведомость!$H$5:$H$397,25,Ведомость!$I$5:$I$397,"А500С",Ведомость!$V$5:$V$397,"Б-основная") -> 635.4 | T10: =SUMIFS(Ведомость!$N$5:$N$397,Ведомость!$H$5:$H$397,25,Ведомость!$I$5:$I$397,"А500С",Ведомость!$V$5:$V$397,"Б-хомуты") -> 0 | U10: =SUMIFS(Ведомость!$N$5:$N$397,Ведомость!$H$5:$H$397,25,Ведомость!$I$5:$I$397,"А500С",Ведомость!$V$5:$V$397,"Б-допник") -> 0 | V10: =SUMIFS(Ведомость!$N$5:$N$397,Ведомость!$H$5:$H$397,25,Ведомость!$I$5:$I$397,"А500С",Ведомость!$V$5:$V$397,"П-сетка") -> 0 | W10: =SUMIFS(Ведомость!$N$5:$N$397,Ведомость!$H$5:$H$397,25,Ведомость!$I$5:$I$397,"А500С",Ведомость!$V$5:$V$397,"П-фикс") -> 0 | X10: =SUMIFS(Ведомость!$N$5:$N$397,Ведомость!$H$5:$H$397,25,Ведомость!$I$5:$I$397,"А500С",Ведомость!$V$5:$V$397,"П-отв") -> 0 | Y10: =SUMIFS(Ведомость!$N$5:$N$397,Ведомость!$H$5:$H$397,25,Ведомость!$I$5:$I$397,"А500С",Ведомость!$V$5:$V$397,"П-доп-низ") -> 0 | Z10: =SUMIFS(Ведомость!$N$5:$N$397,Ведомость!$H$5:$H$397,25,Ведомость!$I$5:$I$397,"А500С",Ведомость!$V$5:$V$397,"П-доп-верх") -> 0 | AA10: =SUMIFS(Ведомость!$N$5:$N$397,Ведомость!$H$5:$H$397,25,Ведомость!$I$5:$I$397,"А500С",Ведомость!$V$5:$V$397,"П-край") -> 0 | AB10: =SUMIFS(Ведомость!$N$5:$N$397,Ведомость!$H$5:$H$397,25,Ведомость!$I$5:$I$397,"А500С",Ведомость!$V$5:$V$397,"ЛВ-1") -> 0 | AC10: =SUMIFS(Ведомость!$N$5:$N$397,Ведомость!$H$5:$H$397,25,Ведомость!$I$5:$I$397,"А500С",Ведомость!$V$5:$V$397,"С-1") -> 0 | AD10: =SUM(B10:AC10) -> 900.6 | AE10: =IFERROR(INDEX(Исходные!$B$18:$B$29,MATCH(25,Исходные!$A$18:$A$29,0)),0) -> 3.853 | AF10: =AD10*AE10*$AH$2 -> 3470.0118 | AG10: =SUM(B10:J10) -> 144 | AH10: =AE10 -> 3.853 | AI10: =AG10*AH10*$AH$2 -> 554.832 | AJ10: =SUM(K10:AA10) -> 756.6 | AK10: =AE10 -> 3.853 | AL10: =AJ10*AK10*$AH$2 -> 2915.1798 | AM10: =SUM(AB10:AB10) -> 0 | AN10: =AE10 -> 3.853 | AO10: =AM10*AN10*$AH$2 -> 0 | AP10: =SUM(AC10:AC10) -> 0 | AQ10: =AE10 -> 3.853 | AR10: =AP10*AQ10*$AH$2 -> 0
A11: Диаметр 22 А500С, L=м.п. | B11: =SUMIFS(Ведомость!$N$5:$N$397,Ведомость!$H$5:$H$397,22,Ведомость!$I$5:$I$397,"А500С",Ведомость!$V$5:$V$397,"Дм-1") -> 0 | C11: =SUMIFS(Ведомость!$N$5:$N$397,Ведомость!$H$5:$H$397,22,Ведомость!$I$5:$I$397,"А500С",Ведомость!$V$5:$V$397,"Дм-2") -> 64 | D11: =SUMIFS(Ведомость!$N$5:$N$397,Ведомость!$H$5:$H$397,22,Ведомость!$I$5:$I$397,"А500С",Ведомость!$V$5:$V$397,"Дм-3") -> 69 | E11: =SUMIFS(Ведомость!$N$5:$N$397,Ведомость!$H$5:$H$397,22,Ведомость!$I$5:$I$397,"А500С",Ведомость!$V$5:$V$397,"Дм-4") -> 0 | F11: =SUMIFS(Ведомость!$N$5:$N$397,Ведомость!$H$5:$H$397,22,Ведомость!$I$5:$I$397,"А500С",Ведомость!$V$5:$V$397,"Дм-5") -> 24 | G11: =SUMIFS(Ведомость!$N$5:$N$397,Ведомость!$H$5:$H$397,22,Ведомость!$I$5:$I$397,"А500С",Ведомость!$V$5:$V$397,"К-А") -> 0 | H11: =SUMIFS(Ведомость!$N$5:$N$397,Ведомость!$H$5:$H$397,22,Ведомость!$I$5:$I$397,"А500С",Ведомость!$V$5:$V$397,"К-Б") -> 0 | I11: =SUMIFS(Ведомость!$N$5:$N$397,Ведомость!$H$5:$H$397,22,Ведомость!$I$5:$I$397,"А500С",Ведомость!$V$5:$V$397,"К-В") -> 0 | J11: =SUMIFS(Ведомость!$N$5:$N$397,Ведомость!$H$5:$H$397,22,Ведомость!$I$5:$I$397,"А500С",Ведомость!$V$5:$V$397,"К-Г") -> 0 | K11: =SUMIFS(Ведомость!$N$5:$N$397,Ведомость!$H$5:$H$397,22,Ведомость!$I$5:$I$397,"А500С",Ведомость!$V$5:$V$397,"Р-А") -> 9 | L11: =SUMIFS(Ведомость!$N$5:$N$397,Ведомость!$H$5:$H$397,22,Ведомость!$I$5:$I$397,"А500С",Ведомость!$V$5:$V$397,"Р-Б") -> 6.4 | M11: =SUMIFS(Ведомость!$N$5:$N$397,Ведомость!$H$5:$H$397,22,Ведомость!$I$5:$I$397,"А500С",Ведомость!$V$5:$V$397,"Р-В") -> 6.4 | N11: =SUMIFS(Ведомость!$N$5:$N$397,Ведомость!$H$5:$H$397,22,Ведомость!$I$5:$I$397,"А500С",Ведомость!$V$5:$V$397,"Р-Г") -> 35.5 | O11: =SUMIFS(Ведомость!$N$5:$N$397,Ведомость!$H$5:$H$397,22,Ведомость!$I$5:$I$397,"А500С",Ведомость!$V$5:$V$397,"Р-1, 5") -> 0 | P11: =SUMIFS(Ведомость!$N$5:$N$397,Ведомость!$H$5:$H$397,22,Ведомость!$I$5:$I$397,"А500С",Ведомость!$V$5:$V$397,"Р-2") -> 0 | Q11: =SUMIFS(Ведомость!$N$5:$N$397,Ведомость!$H$5:$H$397,22,Ведомость!$I$5:$I$397,"А500С",Ведомость!$V$5:$V$397,"Р-3") -> 0 | R11: =SUMIFS(Ведомость!$N$5:$N$397,Ведомость!$H$5:$H$397,22,Ведомость!$I$5:$I$397,"А500С",Ведомость!$V$5:$V$397,"Р-4") -> 0 | S11: =SUMIFS(Ведомость!$N$5:$N$397,Ведомость!$H$5:$H$397,22,Ведомость!$I$5:$I$397,"А500С",Ведомость!$V$5:$V$397,"Б-основная") -> 158.8 | T11: =SUMIFS(Ведомость!$N$5:$N$397,Ведомость!$H$5:$H$397,22,Ведомость!$I$5:$I$397,"А500С",Ведомость!$V$5:$V$397,"Б-хомуты") -> 0 | U11: =SUMIFS(Ведомость!$N$5:$N$397,Ведомость!$H$5:$H$397,22,Ведомость!$I$5:$I$397,"А500С",Ведомость!$V$5:$V$397,"Б-допник") -> 0 | V11: =SUMIFS(Ведомость!$N$5:$N$397,Ведомость!$H$5:$H$397,22,Ведомость!$I$5:$I$397,"А500С",Ведомость!$V$5:$V$397,"П-сетка") -> 0 | W11: =SUMIFS(Ведомость!$N$5:$N$397,Ведомость!$H$5:$H$397,22,Ведомость!$I$5:$I$397,"А500С",Ведомость!$V$5:$V$397,"П-фикс") -> 0 | X11: =SUMIFS(Ведомость!$N$5:$N$397,Ведомость!$H$5:$H$397,22,Ведомость!$I$5:$I$397,"А500С",Ведомость!$V$5:$V$397,"П-отв") -> 0 | Y11: =SUMIFS(Ведомость!$N$5:$N$397,Ведомость!$H$5:$H$397,22,Ведомость!$I$5:$I$397,"А500С",Ведомость!$V$5:$V$397,"П-доп-низ") -> 0 | Z11: =SUMIFS(Ведомость!$N$5:$N$397,Ведомость!$H$5:$H$397,22,Ведомость!$I$5:$I$397,"А500С",Ведомость!$V$5:$V$397,"П-доп-верх") -> 0 | AA11: =SUMIFS(Ведомость!$N$5:$N$397,Ведомость!$H$5:$H$397,22,Ведомость!$I$5:$I$397,"А500С",Ведомость!$V$5:$V$397,"П-край") -> 0 | AB11: =SUMIFS(Ведомость!$N$5:$N$397,Ведомость!$H$5:$H$397,22,Ведомость!$I$5:$I$397,"А500С",Ведомость!$V$5:$V$397,"ЛВ-1") -> 0 | AC11: =SUMIFS(Ведомость!$N$5:$N$397,Ведомость!$H$5:$H$397,22,Ведомость!$I$5:$I$397,"А500С",Ведомость!$V$5:$V$397,"С-1") -> 0 | AD11: =SUM(B11:AC11) -> 373.1 | AE11: =IFERROR(INDEX(Исходные!$B$18:$B$29,MATCH(22,Исходные!$A$18:$A$29,0)),0) -> 2.984 | AF11: =AD11*AE11*$AH$2 -> 1113.3304 | AG11: =SUM(B11:J11) -> 157 | AH11: =AE11 -> 2.984 | AI11: =AG11*AH11*$AH$2 -> 468.488 | AJ11: =SUM(K11:AA11) -> 216.1 | AK11: =AE11 -> 2.984 | AL11: =AJ11*AK11*$AH$2 -> 644.8424 | AM11: =SUM(AB11:AB11) -> 0 | AN11: =AE11 -> 2.984 | AO11: =AM11*AN11*$AH$2 -> 0 | AP11: =SUM(AC11:AC11) -> 0 | AQ11: =AE11 -> 2.984 | AR11: =AP11*AQ11*$AH$2 -> 0
A12: Диаметр 20 А500С, L=м.п. | B12: =SUMIFS(Ведомость!$N$5:$N$397,Ведомость!$H$5:$H$397,20,Ведомость!$I$5:$I$397,"А500С",Ведомость!$V$5:$V$397,"Дм-1") -> 90.7 | C12: =SUMIFS(Ведомость!$N$5:$N$397,Ведомость!$H$5:$H$397,20,Ведомость!$I$5:$I$397,"А500С",Ведомость!$V$5:$V$397,"Дм-2") -> 28 | D12: =SUMIFS(Ведомость!$N$5:$N$397,Ведомость!$H$5:$H$397,20,Ведомость!$I$5:$I$397,"А500С",Ведомость!$V$5:$V$397,"Дм-3") -> 32 | E12: =SUMIFS(Ведомость!$N$5:$N$397,Ведомость!$H$5:$H$397,20,Ведомость!$I$5:$I$397,"А500С",Ведомость!$V$5:$V$397,"Дм-4") -> 40 | F12: =SUMIFS(Ведомость!$N$5:$N$397,Ведомость!$H$5:$H$397,20,Ведомость!$I$5:$I$397,"А500С",Ведомость!$V$5:$V$397,"Дм-5") -> 32 | G12: =SUMIFS(Ведомость!$N$5:$N$397,Ведомость!$H$5:$H$397,20,Ведомость!$I$5:$I$397,"А500С",Ведомость!$V$5:$V$397,"К-А") -> 96 | H12: =SUMIFS(Ведомость!$N$5:$N$397,Ведомость!$H$5:$H$397,20,Ведомость!$I$5:$I$397,"А500С",Ведомость!$V$5:$V$397,"К-Б") -> 160 | I12: =SUMIFS(Ведомость!$N$5:$N$397,Ведомость!$H$5:$H$397,20,Ведомость!$I$5:$I$397,"А500С",Ведомость!$V$5:$V$397,"К-В") -> 160 | J12: =SUMIFS(Ведомость!$N$5:$N$397,Ведомость!$H$5:$H$397,20,Ведомость!$I$5:$I$397,"А500С",Ведомость!$V$5:$V$397,"К-Г") -> 64 | K12: =SUMIFS(Ведомость!$N$5:$N$397,Ведомость!$H$5:$H$397,20,Ведомость!$I$5:$I$397,"А500С",Ведомость!$V$5:$V$397,"Р-А") -> 0 | L12: =SUMIFS(Ведомость!$N$5:$N$397,Ведомость!$H$5:$H$397,20,Ведомость!$I$5:$I$397,"А500С",Ведомость!$V$5:$V$397,"Р-Б") -> 0 | M12: =SUMIFS(Ведомость!$N$5:$N$397,Ведомость!$H$5:$H$397,20,Ведомость!$I$5:$I$397,"А500С",Ведомость!$V$5:$V$397,"Р-В") -> 0 | N12: =SUMIFS(Ведомость!$N$5:$N$397,Ведомость!$H$5:$H$397,20,Ведомость!$I$5:$I$397,"А500С",Ведомость!$V$5:$V$397,"Р-Г") -> 0 | O12: =SUMIFS(Ведомость!$N$5:$N$397,Ведомость!$H$5:$H$397,20,Ведомость!$I$5:$I$397,"А500С",Ведомость!$V$5:$V$397,"Р-1, 5") -> 0 | P12: =SUMIFS(Ведомость!$N$5:$N$397,Ведомость!$H$5:$H$397,20,Ведомость!$I$5:$I$397,"А500С",Ведомость!$V$5:$V$397,"Р-2") -> 8.1 | Q12: =SUMIFS(Ведомость!$N$5:$N$397,Ведомость!$H$5:$H$397,20,Ведомость!$I$5:$I$397,"А500С",Ведомость!$V$5:$V$397,"Р-3") -> 0 | R12: =SUMIFS(Ведомость!$N$5:$N$397,Ведомость!$H$5:$H$397,20,Ведомость!$I$5:$I$397,"А500С",Ведомость!$V$5:$V$397,"Р-4") -> 6 | S12: =SUMIFS(Ведомость!$N$5:$N$397,Ведомость!$H$5:$H$397,20,Ведомость!$I$5:$I$397,"А500С",Ведомость!$V$5:$V$397,"Б-основная") -> 57.04 | T12: =SUMIFS(Ведомость!$N$5:$N$397,Ведомость!$H$5:$H$397,20,Ведомость!$I$5:$I$397,"А500С",Ведомость!$V$5:$V$397,"Б-хомуты") -> 0 | U12: =SUMIFS(Ведомость!$N$5:$N$397,Ведомость!$H$5:$H$397,20,Ведомость!$I$5:$I$397,"А500С",Ведомость!$V$5:$V$397,"Б-допник") -> 0 | V12: =SUMIFS(Ведомость!$N$5:$N$397,Ведомость!$H$5:$H$397,20,Ведомость!$I$5:$I$397,"А500С",Ведомость!$V$5:$V$397,"П-сетка") -> 0 | W12: =SUMIFS(Ведомость!$N$5:$N$397,Ведомость!$H$5:$H$397,20,Ведомость!$I$5:$I$397,"А500С",Ведомость!$V$5:$V$397,"П-фикс") -> 0 | X12: =SUMIFS(Ведомость!$N$5:$N$397,Ведомость!$H$5:$H$397,20,Ведомость!$I$5:$I$397,"А500С",Ведомость!$V$5:$V$397,"П-отв") -> 0 | Y12: =SUMIFS(Ведомость!$N$5:$N$397,Ведомость!$H$5:$H$397,20,Ведомость!$I$5:$I$397,"А500С",Ведомость!$V$5:$V$397,"П-доп-низ") -> 0 | Z12: =SUMIFS(Ведомость!$N$5:$N$397,Ведомость!$H$5:$H$397,20,Ведомость!$I$5:$I$397,"А500С",Ведомость!$V$5:$V$397,"П-доп-верх") -> 12 | AA12: =SUMIFS(Ведомость!$N$5:$N$397,Ведомость!$H$5:$H$397,20,Ведомость!$I$5:$I$397,"А500С",Ведомость!$V$5:$V$397,"П-край") -> 0 | AB12: =SUMIFS(Ведомость!$N$5:$N$397,Ведомость!$H$5:$H$397,20,Ведомость!$I$5:$I$397,"А500С",Ведомость!$V$5:$V$397,"ЛВ-1") -> 0 | AC12: =SUMIFS(Ведомость!$N$5:$N$397,Ведомость!$H$5:$H$397,20,Ведомость!$I$5:$I$397,"А500С",Ведомость!$V$5:$V$397,"С-1") -> 0 | AD12: =SUM(B12:AC12) -> 785.84 | AE12: =IFERROR(INDEX(Исходные!$B$18:$B$29,MATCH(20,Исходные!$A$18:$A$29,0)),0) -> 2.466 | AF12: =AD12*AE12*$AH$2 -> 1937.8814 | AG12: =SUM(B12:J12) -> 702.7 | AH12: =AE12 -> 2.466 | AI12: =AG12*AH12*$AH$2 -> 1732.8582 | AJ12: =SUM(K12:AA12) -> 83.14 | AK12: =AE12 -> 2.466 | AL12: =AJ12*AK12*$AH$2 -> 205.02324 | AM12: =SUM(AB12:AB12) -> 0 | AN12: =AE12 -> 2.466 | AO12: =AM12*AN12*$AH$2 -> 0 | AP12: =SUM(AC12:AC12) -> 0 | AQ12: =AE12 -> 2.466 | AR12: =AP12*AQ12*$AH$2 -> 0
A13: Диаметр 18 А500С, L=м.п. | B13: =SUMIFS(Ведомость!$N$5:$N$397,Ведомость!$H$5:$H$397,18,Ведомость!$I$5:$I$397,"А500С",Ведомость!$V$5:$V$397,"Дм-1") -> 107.496 | C13: =SUMIFS(Ведомость!$N$5:$N$397,Ведомость!$H$5:$H$397,18,Ведомость!$I$5:$I$397,"А500С",Ведомость!$V$5:$V$397,"Дм-2") -> 0 | D13: =SUMIFS(Ведомость!$N$5:$N$397,Ведомость!$H$5:$H$397,18,Ведомость!$I$5:$I$397,"А500С",Ведомость!$V$5:$V$397,"Дм-3") -> 18.644 | E13: =SUMIFS(Ведомость!$N$5:$N$397,Ведомость!$H$5:$H$397,18,Ведомость!$I$5:$I$397,"А500С",Ведомость!$V$5:$V$397,"Дм-4") -> 14.5 | F13: =SUMIFS(Ведомость!$N$5:$N$397,Ведомость!$H$5:$H$397,18,Ведомость!$I$5:$I$397,"А500С",Ведомость!$V$5:$V$397,"Дм-5") -> 0 | G13: =SUMIFS(Ведомость!$N$5:$N$397,Ведомость!$H$5:$H$397,18,Ведомость!$I$5:$I$397,"А500С",Ведомость!$V$5:$V$397,"К-А") -> 0 | H13: =SUMIFS(Ведомость!$N$5:$N$397,Ведомость!$H$5:$H$397,18,Ведомость!$I$5:$I$397,"А500С",Ведомость!$V$5:$V$397,"К-Б") -> 0 | I13: =SUMIFS(Ведомость!$N$5:$N$397,Ведомость!$H$5:$H$397,18,Ведомость!$I$5:$I$397,"А500С",Ведомость!$V$5:$V$397,"К-В") -> 0 | J13: =SUMIFS(Ведомость!$N$5:$N$397,Ведомость!$H$5:$H$397,18,Ведомость!$I$5:$I$397,"А500С",Ведомость!$V$5:$V$397,"К-Г") -> 0 | K13: =SUMIFS(Ведомость!$N$5:$N$397,Ведомость!$H$5:$H$397,18,Ведомость!$I$5:$I$397,"А500С",Ведомость!$V$5:$V$397,"Р-А") -> 51.576 | L13: =SUMIFS(Ведомость!$N$5:$N$397,Ведомость!$H$5:$H$397,18,Ведомость!$I$5:$I$397,"А500С",Ведомость!$V$5:$V$397,"Р-Б") -> 51.576 | M13: =SUMIFS(Ведомость!$N$5:$N$397,Ведомость!$H$5:$H$397,18,Ведомость!$I$5:$I$397,"А500С",Ведомость!$V$5:$V$397,"Р-В") -> 51.576 | N13: =SUMIFS(Ведомость!$N$5:$N$397,Ведомость!$H$5:$H$397,18,Ведомость!$I$5:$I$397,"А500С",Ведомость!$V$5:$V$397,"Р-Г") -> 51.576 | O13: =SUMIFS(Ведомость!$N$5:$N$397,Ведомость!$H$5:$H$397,18,Ведомость!$I$5:$I$397,"А500С",Ведомость!$V$5:$V$397,"Р-1, 5") -> 82.576 | P13: =SUMIFS(Ведомость!$N$5:$N$397,Ведомость!$H$5:$H$397,18,Ведомость!$I$5:$I$397,"А500С",Ведомость!$V$5:$V$397,"Р-2") -> 41.288 | Q13: =SUMIFS(Ведомость!$N$5:$N$397,Ведомость!$H$5:$H$397,18,Ведомость!$I$5:$I$397,"А500С",Ведомость!$V$5:$V$397,"Р-3") -> 41.288 | R13: =SUMIFS(Ведомость!$N$5:$N$397,Ведомость!$H$5:$H$397,18,Ведомость!$I$5:$I$397,"А500С",Ведомость!$V$5:$V$397,"Р-4") -> 41.288 | S13: =SUMIFS(Ведомость!$N$5:$N$397,Ведомость!$H$5:$H$397,18,Ведомость!$I$5:$I$397,"А500С",Ведомость!$V$5:$V$397,"Б-основная") -> 0 | T13: =SUMIFS(Ведомость!$N$5:$N$397,Ведомость!$H$5:$H$397,18,Ведомость!$I$5:$I$397,"А500С",Ведомость!$V$5:$V$397,"Б-хомуты") -> 0 | U13: =SUMIFS(Ведомость!$N$5:$N$397,Ведомость!$H$5:$H$397,18,Ведомость!$I$5:$I$397,"А500С",Ведомость!$V$5:$V$397,"Б-допник") -> 50.4 | V13: =SUMIFS(Ведомость!$N$5:$N$397,Ведомость!$H$5:$H$397,18,Ведомость!$I$5:$I$397,"А500С",Ведомость!$V$5:$V$397,"П-сетка") -> 0 | W13: =SUMIFS(Ведомость!$N$5:$N$397,Ведомость!$H$5:$H$397,18,Ведомость!$I$5:$I$397,"А500С",Ведомость!$V$5:$V$397,"П-фикс") -> 0 | X13: =SUMIFS(Ведомость!$N$5:$N$397,Ведомость!$H$5:$H$397,18,Ведомость!$I$5:$I$397,"А500С",Ведомость!$V$5:$V$397,"П-отв") -> 0 | Y13: =SUMIFS(Ведомость!$N$5:$N$397,Ведомость!$H$5:$H$397,18,Ведомость!$I$5:$I$397,"А500С",Ведомость!$V$5:$V$397,"П-доп-низ") -> 0 | Z13: =SUMIFS(Ведомость!$N$5:$N$397,Ведомость!$H$5:$H$397,18,Ведомость!$I$5:$I$397,"А500С",Ведомость!$V$5:$V$397,"П-доп-верх") -> 0 | AA13: =SUMIFS(Ведомость!$N$5:$N$397,Ведомость!$H$5:$H$397,18,Ведомость!$I$5:$I$397,"А500С",Ведомость!$V$5:$V$397,"П-край") -> 0 | AB13: =SUMIFS(Ведомость!$N$5:$N$397,Ведомость!$H$5:$H$397,18,Ведомость!$I$5:$I$397,"А500С",Ведомость!$V$5:$V$397,"ЛВ-1") -> 0 | AC13: =SUMIFS(Ведомость!$N$5:$N$397,Ведомость!$H$5:$H$397,18,Ведомость!$I$5:$I$397,"А500С",Ведомость!$V$5:$V$397,"С-1") -> 0 | AD13: =SUM(B13:AC13) -> 603.784 | AE13: =IFERROR(INDEX(Исходные!$B$18:$B$29,MATCH(18,Исходные!$A$18:$A$29,0)),0) -> 1.998 | AF13: =AD13*AE13*$AH$2 -> 1206.3604 | AG13: =SUM(B13:J13) -> 140.64 | AH13: =AE13 -> 1.998 | AI13: =AG13*AH13*$AH$2 -> 280.99872 | AJ13: =SUM(K13:AA13) -> 463.144 | AK13: =AE13 -> 1.998 | AL13: =AJ13*AK13*$AH$2 -> 925.36171 | AM13: =SUM(AB13:AB13) -> 0 | AN13: =AE13 -> 1.998 | AO13: =AM13*AN13*$AH$2 -> 0 | AP13: =SUM(AC13:AC13) -> 0 | AQ13: =AE13 -> 1.998 | AR13: =AP13*AQ13*$AH$2 -> 0
A14: Диаметр 16 А500С, L=м.п. | B14: =SUMIFS(Ведомость!$N$5:$N$397,Ведомость!$H$5:$H$397,16,Ведомость!$I$5:$I$397,"А500С",Ведомость!$V$5:$V$397,"Дм-1") -> 81 | C14: =SUMIFS(Ведомость!$N$5:$N$397,Ведомость!$H$5:$H$397,16,Ведомость!$I$5:$I$397,"А500С",Ведомость!$V$5:$V$397,"Дм-2") -> 126 | D14: =SUMIFS(Ведомость!$N$5:$N$397,Ведомость!$H$5:$H$397,16,Ведомость!$I$5:$I$397,"А500С",Ведомость!$V$5:$V$397,"Дм-3") -> 83 | E14: =SUMIFS(Ведомость!$N$5:$N$397,Ведомость!$H$5:$H$397,16,Ведомость!$I$5:$I$397,"А500С",Ведомость!$V$5:$V$397,"Дм-4") -> 52.2 | F14: =SUMIFS(Ведомость!$N$5:$N$397,Ведомость!$H$5:$H$397,16,Ведомость!$I$5:$I$397,"А500С",Ведомость!$V$5:$V$397,"Дм-5") -> 97.2 | G14: =SUMIFS(Ведомость!$N$5:$N$397,Ведомость!$H$5:$H$397,16,Ведомость!$I$5:$I$397,"А500С",Ведомость!$V$5:$V$397,"К-А") -> 0 | H14: =SUMIFS(Ведомость!$N$5:$N$397,Ведомость!$H$5:$H$397,16,Ведомость!$I$5:$I$397,"А500С",Ведомость!$V$5:$V$397,"К-Б") -> 0 | I14: =SUMIFS(Ведомость!$N$5:$N$397,Ведомость!$H$5:$H$397,16,Ведомость!$I$5:$I$397,"А500С",Ведомость!$V$5:$V$397,"К-В") -> 0 | J14: =SUMIFS(Ведомость!$N$5:$N$397,Ведомость!$H$5:$H$397,16,Ведомость!$I$5:$I$397,"А500С",Ведомость!$V$5:$V$397,"К-Г") -> 0 | K14: =SUMIFS(Ведомость!$N$5:$N$397,Ведомость!$H$5:$H$397,16,Ведомость!$I$5:$I$397,"А500С",Ведомость!$V$5:$V$397,"Р-А") -> 77.012 | L14: =SUMIFS(Ведомость!$N$5:$N$397,Ведомость!$H$5:$H$397,16,Ведомость!$I$5:$I$397,"А500С",Ведомость!$V$5:$V$397,"Р-Б") -> 63.112 | M14: =SUMIFS(Ведомость!$N$5:$N$397,Ведомость!$H$5:$H$397,16,Ведомость!$I$5:$I$397,"А500С",Ведомость!$V$5:$V$397,"Р-В") -> 63.112 | N14: =SUMIFS(Ведомость!$N$5:$N$397,Ведомость!$H$5:$H$397,16,Ведомость!$I$5:$I$397,"А500С",Ведомость!$V$5:$V$397,"Р-Г") -> 55.212 | O14: =SUMIFS(Ведомость!$N$5:$N$397,Ведомость!$H$5:$H$397,16,Ведомость!$I$5:$I$397,"А500С",Ведомость!$V$5:$V$397,"Р-1, 5") -> 125.912 | P14: =SUMIFS(Ведомость!$N$5:$N$397,Ведомость!$H$5:$H$397,16,Ведомость!$I$5:$I$397,"А500С",Ведомость!$V$5:$V$397,"Р-2") -> 48.456 | Q14: =SUMIFS(Ведомость!$N$5:$N$397,Ведомость!$H$5:$H$397,16,Ведомость!$I$5:$I$397,"А500С",Ведомость!$V$5:$V$397,"Р-3") -> 56.956 | R14: =SUMIFS(Ведомость!$N$5:$N$397,Ведомость!$H$5:$H$397,16,Ведомость!$I$5:$I$397,"А500С",Ведомость!$V$5:$V$397,"Р-4") -> 45.856 | S14: =SUMIFS(Ведомость!$N$5:$N$397,Ведомость!$H$5:$H$397,16,Ведомость!$I$5:$I$397,"А500С",Ведомость!$V$5:$V$397,"Б-основная") -> 0 | T14: =SUMIFS(Ведомость!$N$5:$N$397,Ведомость!$H$5:$H$397,16,Ведомость!$I$5:$I$397,"А500С",Ведомость!$V$5:$V$397,"Б-хомуты") -> 0 | U14: =SUMIFS(Ведомость!$N$5:$N$397,Ведомость!$H$5:$H$397,16,Ведомость!$I$5:$I$397,"А500С",Ведомость!$V$5:$V$397,"Б-допник") -> 0 | V14: =SUMIFS(Ведомость!$N$5:$N$397,Ведомость!$H$5:$H$397,16,Ведомость!$I$5:$I$397,"А500С",Ведомость!$V$5:$V$397,"П-сетка") -> 0 | W14: =SUMIFS(Ведомость!$N$5:$N$397,Ведомость!$H$5:$H$397,16,Ведомость!$I$5:$I$397,"А500С",Ведомость!$V$5:$V$397,"П-фикс") -> 0 | X14: =SUMIFS(Ведомость!$N$5:$N$397,Ведомость!$H$5:$H$397,16,Ведомость!$I$5:$I$397,"А500С",Ведомость!$V$5:$V$397,"П-отв") -> 0 | Y14: =SUMIFS(Ведомость!$N$5:$N$397,Ведомость!$H$5:$H$397,16,Ведомость!$I$5:$I$397,"А500С",Ведомость!$V$5:$V$397,"П-доп-низ") -> 0 | Z14: =SUMIFS(Ведомость!$N$5:$N$397,Ведомость!$H$5:$H$397,16,Ведомость!$I$5:$I$397,"А500С",Ведомость!$V$5:$V$397,"П-доп-верх") -> 0 | AA14: =SUMIFS(Ведомость!$N$5:$N$397,Ведомость!$H$5:$H$397,16,Ведомость!$I$5:$I$397,"А500С",Ведомость!$V$5:$V$397,"П-край") -> 0 | AB14: =SUMIFS(Ведомость!$N$5:$N$397,Ведомость!$H$5:$H$397,16,Ведомость!$I$5:$I$397,"А500С",Ведомость!$V$5:$V$397,"ЛВ-1") -> 0 | AC14: =SUMIFS(Ведомость!$N$5:$N$397,Ведомость!$H$5:$H$397,16,Ведомость!$I$5:$I$397,"А500С",Ведомость!$V$5:$V$397,"С-1") -> 0 | AD14: =SUM(B14:AC14) -> 975.028 | AE14: =IFERROR(INDEX(Исходные!$B$18:$B$29,MATCH(16,Исходные!$A$18:$A$29,0)),0) -> 1.578 | AF14: =AD14*AE14*$AH$2 -> 1538.5942 | AG14: =SUM(B14:J14) -> 439.4 | AH14: =AE14 -> 1.578 | AI14: =AG14*AH14*$AH$2 -> 693.3732 | AJ14: =SUM(K14:AA14) -> 535.628 | AK14: =AE14 -> 1.578 | AL14: =AJ14*AK14*$AH$2 -> 845.22098 | AM14: =SUM(AB14:AB14) -> 0 | AN14: =AE14 -> 1.578 | AO14: =AM14*AN14*$AH$2 -> 0 | AP14: =SUM(AC14:AC14) -> 0 | AQ14: =AE14 -> 1.578 | AR14: =AP14*AQ14*$AH$2 -> 0
A15: Диаметр 14 А500С, L=м.п. | B15: =SUMIFS(Ведомость!$N$5:$N$397,Ведомость!$H$5:$H$397,14,Ведомость!$I$5:$I$397,"А500С",Ведомость!$V$5:$V$397,"Дм-1") -> 0 | C15: =SUMIFS(Ведомость!$N$5:$N$397,Ведомость!$H$5:$H$397,14,Ведомость!$I$5:$I$397,"А500С",Ведомость!$V$5:$V$397,"Дм-2") -> 0 | D15: =SUMIFS(Ведомость!$N$5:$N$397,Ведомость!$H$5:$H$397,14,Ведомость!$I$5:$I$397,"А500С",Ведомость!$V$5:$V$397,"Дм-3") -> 52.2 | E15: =SUMIFS(Ведомость!$N$5:$N$397,Ведомость!$H$5:$H$397,14,Ведомость!$I$5:$I$397,"А500С",Ведомость!$V$5:$V$397,"Дм-4") -> 0 | F15: =SUMIFS(Ведомость!$N$5:$N$397,Ведомость!$H$5:$H$397,14,Ведомость!$I$5:$I$397,"А500С",Ведомость!$V$5:$V$397,"Дм-5") -> 8.7 | G15: =SUMIFS(Ведомость!$N$5:$N$397,Ведомость!$H$5:$H$397,14,Ведомость!$I$5:$I$397,"А500С",Ведомость!$V$5:$V$397,"К-А") -> 0 | H15: =SUMIFS(Ведомость!$N$5:$N$397,Ведомость!$H$5:$H$397,14,Ведомость!$I$5:$I$397,"А500С",Ведомость!$V$5:$V$397,"К-Б") -> 0 | I15: =SUMIFS(Ведомость!$N$5:$N$397,Ведомость!$H$5:$H$397,14,Ведомость!$I$5:$I$397,"А500С",Ведомость!$V$5:$V$397,"К-В") -> 0 | J15: =SUMIFS(Ведомость!$N$5:$N$397,Ведомость!$H$5:$H$397,14,Ведомость!$I$5:$I$397,"А500С",Ведомость!$V$5:$V$397,"К-Г") -> 0 | K15: =SUMIFS(Ведомость!$N$5:$N$397,Ведомость!$H$5:$H$397,14,Ведомость!$I$5:$I$397,"А500С",Ведомость!$V$5:$V$397,"Р-А") -> 0 | L15: =SUMIFS(Ведомость!$N$5:$N$397,Ведомость!$H$5:$H$397,14,Ведомость!$I$5:$I$397,"А500С",Ведомость!$V$5:$V$397,"Р-Б") -> 14.8 | M15: =SUMIFS(Ведомость!$N$5:$N$397,Ведомость!$H$5:$H$397,14,Ведомость!$I$5:$I$397,"А500С",Ведомость!$V$5:$V$397,"Р-В") -> 32 | N15: =SUMIFS(Ведомость!$N$5:$N$397,Ведомость!$H$5:$H$397,14,Ведомость!$I$5:$I$397,"А500С",Ведомость!$V$5:$V$397,"Р-Г") -> 0 | O15: =SUMIFS(Ведомость!$N$5:$N$397,Ведомость!$H$5:$H$397,14,Ведомость!$I$5:$I$397,"А500С",Ведомость!$V$5:$V$397,"Р-1, 5") -> 0 | P15: =SUMIFS(Ведомость!$N$5:$N$397,Ведомость!$H$5:$H$397,14,Ведомость!$I$5:$I$397,"А500С",Ведомость!$V$5:$V$397,"Р-2") -> 36.7 | Q15: =SUMIFS(Ведомость!$N$5:$N$397,Ведомость!$H$5:$H$397,14,Ведомость!$I$5:$I$397,"А500С",Ведомость!$V$5:$V$397,"Р-3") -> 0 | R15: =SUMIFS(Ведомость!$N$5:$N$397,Ведомость!$H$5:$H$397,14,Ведомость!$I$5:$I$397,"А500С",Ведомость!$V$5:$V$397,"Р-4") -> 0 | S15: =SUMIFS(Ведомость!$N$5:$N$397,Ведомость!$H$5:$H$397,14,Ведомость!$I$5:$I$397,"А500С",Ведомость!$V$5:$V$397,"Б-основная") -> 0 | T15: =SUMIFS(Ведомость!$N$5:$N$397,Ведомость!$H$5:$H$397,14,Ведомость!$I$5:$I$397,"А500С",Ведомость!$V$5:$V$397,"Б-хомуты") -> 0 | U15: =SUMIFS(Ведомость!$N$5:$N$397,Ведомость!$H$5:$H$397,14,Ведомость!$I$5:$I$397,"А500С",Ведомость!$V$5:$V$397,"Б-допник") -> 0 | V15: =SUMIFS(Ведомость!$N$5:$N$397,Ведомость!$H$5:$H$397,14,Ведомость!$I$5:$I$397,"А500С",Ведомость!$V$5:$V$397,"П-сетка") -> 0 | W15: =SUMIFS(Ведомость!$N$5:$N$397,Ведомость!$H$5:$H$397,14,Ведомость!$I$5:$I$397,"А500С",Ведомость!$V$5:$V$397,"П-фикс") -> 0 | X15: =SUMIFS(Ведомость!$N$5:$N$397,Ведомость!$H$5:$H$397,14,Ведомость!$I$5:$I$397,"А500С",Ведомость!$V$5:$V$397,"П-отв") -> 0 | Y15: =SUMIFS(Ведомость!$N$5:$N$397,Ведомость!$H$5:$H$397,14,Ведомость!$I$5:$I$397,"А500С",Ведомость!$V$5:$V$397,"П-доп-низ") -> 0 | Z15: =SUMIFS(Ведомость!$N$5:$N$397,Ведомость!$H$5:$H$397,14,Ведомость!$I$5:$I$397,"А500С",Ведомость!$V$5:$V$397,"П-доп-верх") -> 0 | AA15: =SUMIFS(Ведомость!$N$5:$N$397,Ведомость!$H$5:$H$397,14,Ведомость!$I$5:$I$397,"А500С",Ведомость!$V$5:$V$397,"П-край") -> 96.06 | AB15: =SUMIFS(Ведомость!$N$5:$N$397,Ведомость!$H$5:$H$397,14,Ведомость!$I$5:$I$397,"А500С",Ведомость!$V$5:$V$397,"ЛВ-1") -> 0 | AC15: =SUMIFS(Ведомость!$N$5:$N$397,Ведомость!$H$5:$H$397,14,Ведомость!$I$5:$I$397,"А500С",Ведомость!$V$5:$V$397,"С-1") -> 0 | AD15: =SUM(B15:AC15) -> 240.46 | AE15: =IFERROR(INDEX(Исходные!$B$18:$B$29,MATCH(14,Исходные!$A$18:$A$29,0)),0) -> 1.208 | AF15: =AD15*AE15*$AH$2 -> 290.47568 | AG15: =SUM(B15:J15) -> 60.9 | AH15: =AE15 -> 1.208 | AI15: =AG15*AH15*$AH$2 -> 73.5672 | AJ15: =SUM(K15:AA15) -> 179.56 | AK15: =AE15 -> 1.208 | AL15: =AJ15*AK15*$AH$2 -> 216.90848 | AM15: =SUM(AB15:AB15) -> 0 | AN15: =AE15 -> 1.208 | AO15: =AM15*AN15*$AH$2 -> 0 | AP15: =SUM(AC15:AC15) -> 0 | AQ15: =AE15 -> 1.208 | AR15: =AP15*AQ15*$AH$2 -> 0
A16: Диаметр 12 А500С, L=м.п. | B16: =SUMIFS(Ведомость!$N$5:$N$397,Ведомость!$H$5:$H$397,12,Ведомость!$I$5:$I$397,"А500С",Ведомость!$V$5:$V$397,"Дм-1") -> 0 | C16: =SUMIFS(Ведомость!$N$5:$N$397,Ведомость!$H$5:$H$397,12,Ведомость!$I$5:$I$397,"А500С",Ведомость!$V$5:$V$397,"Дм-2") -> 0 | D16: =SUMIFS(Ведомость!$N$5:$N$397,Ведомость!$H$5:$H$397,12,Ведомость!$I$5:$I$397,"А500С",Ведомость!$V$5:$V$397,"Дм-3") -> 0 | E16: =SUMIFS(Ведомость!$N$5:$N$397,Ведомость!$H$5:$H$397,12,Ведомость!$I$5:$I$397,"А500С",Ведомость!$V$5:$V$397,"Дм-4") -> 0 | F16: =SUMIFS(Ведомость!$N$5:$N$397,Ведомость!$H$5:$H$397,12,Ведомость!$I$5:$I$397,"А500С",Ведомость!$V$5:$V$397,"Дм-5") -> 0 | G16: =SUMIFS(Ведомость!$N$5:$N$397,Ведомость!$H$5:$H$397,12,Ведомость!$I$5:$I$397,"А500С",Ведомость!$V$5:$V$397,"К-А") -> 0 | H16: =SUMIFS(Ведомость!$N$5:$N$397,Ведомость!$H$5:$H$397,12,Ведомость!$I$5:$I$397,"А500С",Ведомость!$V$5:$V$397,"К-Б") -> 0 | I16: =SUMIFS(Ведомость!$N$5:$N$397,Ведомость!$H$5:$H$397,12,Ведомость!$I$5:$I$397,"А500С",Ведомость!$V$5:$V$397,"К-В") -> 0 | J16: =SUMIFS(Ведомость!$N$5:$N$397,Ведомость!$H$5:$H$397,12,Ведомость!$I$5:$I$397,"А500С",Ведомость!$V$5:$V$397,"К-Г") -> 0 | K16: =SUMIFS(Ведомость!$N$5:$N$397,Ведомость!$H$5:$H$397,12,Ведомость!$I$5:$I$397,"А500С",Ведомость!$V$5:$V$397,"Р-А") -> 0 | L16: =SUMIFS(Ведомость!$N$5:$N$397,Ведомость!$H$5:$H$397,12,Ведомость!$I$5:$I$397,"А500С",Ведомость!$V$5:$V$397,"Р-Б") -> 28.4 | M16: =SUMIFS(Ведомость!$N$5:$N$397,Ведомость!$H$5:$H$397,12,Ведомость!$I$5:$I$397,"А500С",Ведомость!$V$5:$V$397,"Р-В") -> 68.784 | N16: =SUMIFS(Ведомость!$N$5:$N$397,Ведомость!$H$5:$H$397,12,Ведомость!$I$5:$I$397,"А500С",Ведомость!$V$5:$V$397,"Р-Г") -> 0 | O16: =SUMIFS(Ведомость!$N$5:$N$397,Ведомость!$H$5:$H$397,12,Ведомость!$I$5:$I$397,"А500С",Ведомость!$V$5:$V$397,"Р-1, 5") -> 16.4 | P16: =SUMIFS(Ведомость!$N$5:$N$397,Ведомость!$H$5:$H$397,12,Ведомость!$I$5:$I$397,"А500С",Ведомость!$V$5:$V$397,"Р-2") -> 0 | Q16: =SUMIFS(Ведомость!$N$5:$N$397,Ведомость!$H$5:$H$397,12,Ведомость!$I$5:$I$397,"А500С",Ведомость!$V$5:$V$397,"Р-3") -> 38.6 | R16: =SUMIFS(Ведомость!$N$5:$N$397,Ведомость!$H$5:$H$397,12,Ведомость!$I$5:$I$397,"А500С",Ведомость!$V$5:$V$397,"Р-4") -> 46.8 | S16: =SUMIFS(Ведомость!$N$5:$N$397,Ведомость!$H$5:$H$397,12,Ведомость!$I$5:$I$397,"А500С",Ведомость!$V$5:$V$397,"Б-основная") -> 0 | T16: =SUMIFS(Ведомость!$N$5:$N$397,Ведомость!$H$5:$H$397,12,Ведомость!$I$5:$I$397,"А500С",Ведомость!$V$5:$V$397,"Б-хомуты") -> 0 | U16: =SUMIFS(Ведомость!$N$5:$N$397,Ведомость!$H$5:$H$397,12,Ведомость!$I$5:$I$397,"А500С",Ведомость!$V$5:$V$397,"Б-допник") -> 0 | V16: =SUMIFS(Ведомость!$N$5:$N$397,Ведомость!$H$5:$H$397,12,Ведомость!$I$5:$I$397,"А500С",Ведомость!$V$5:$V$397,"П-сетка") -> 0 | W16: =SUMIFS(Ведомость!$N$5:$N$397,Ведомость!$H$5:$H$397,12,Ведомость!$I$5:$I$397,"А500С",Ведомость!$V$5:$V$397,"П-фикс") -> 0 | X16: =SUMIFS(Ведомость!$N$5:$N$397,Ведомость!$H$5:$H$397,12,Ведомость!$I$5:$I$397,"А500С",Ведомость!$V$5:$V$397,"П-отв") -> 0 | Y16: =SUMIFS(Ведомость!$N$5:$N$397,Ведомость!$H$5:$H$397,12,Ведомость!$I$5:$I$397,"А500С",Ведомость!$V$5:$V$397,"П-доп-низ") -> 0 | Z16: =SUMIFS(Ведомость!$N$5:$N$397,Ведомость!$H$5:$H$397,12,Ведомость!$I$5:$I$397,"А500С",Ведомость!$V$5:$V$397,"П-доп-верх") -> 43.2 | AA16: =SUMIFS(Ведомость!$N$5:$N$397,Ведомость!$H$5:$H$397,12,Ведомость!$I$5:$I$397,"А500С",Ведомость!$V$5:$V$397,"П-край") -> 0 | AB16: =SUMIFS(Ведомость!$N$5:$N$397,Ведомость!$H$5:$H$397,12,Ведомость!$I$5:$I$397,"А500С",Ведомость!$V$5:$V$397,"ЛВ-1") -> 0 | AC16: =SUMIFS(Ведомость!$N$5:$N$397,Ведомость!$H$5:$H$397,12,Ведомость!$I$5:$I$397,"А500С",Ведомость!$V$5:$V$397,"С-1") -> 0 | AD16: =SUM(B16:AC16) -> 242.184 | AE16: =IFERROR(INDEX(Исходные!$B$18:$B$29,MATCH(12,Исходные!$A$18:$A$29,0)),0) -> 0.888 | AF16: =AD16*AE16*$AH$2 -> 215.05939 | AG16: =SUM(B16:J16) -> 0 | AH16: =AE16 -> 0.888 | AI16: =AG16*AH16*$AH$2 -> 0 | AJ16: =SUM(K16:AA16) -> 242.184 | AK16: =AE16 -> 0.888 | AL16: =AJ16*AK16*$AH$2 -> 215.05939 | AM16: =SUM(AB16:AB16) -> 0 | AN16: =AE16 -> 0.888 | AO16: =AM16*AN16*$AH$2 -> 0 | AP16: =SUM(AC16:AC16) -> 0 | AQ16: =AE16 -> 0.888 | AR16: =AP16*AQ16*$AH$2 -> 0
A17: Диаметр 10 А500С, L=м.п. | B17: =SUMIFS(Ведомость!$N$5:$N$397,Ведомость!$H$5:$H$397,10,Ведомость!$I$5:$I$397,"А500С",Ведомость!$V$5:$V$397,"Дм-1") -> 4.8 | C17: =SUMIFS(Ведомость!$N$5:$N$397,Ведомость!$H$5:$H$397,10,Ведомость!$I$5:$I$397,"А500С",Ведомость!$V$5:$V$397,"Дм-2") -> 0 | D17: =SUMIFS(Ведомость!$N$5:$N$397,Ведомость!$H$5:$H$397,10,Ведомость!$I$5:$I$397,"А500С",Ведомость!$V$5:$V$397,"Дм-3") -> 0 | E17: =SUMIFS(Ведомость!$N$5:$N$397,Ведомость!$H$5:$H$397,10,Ведомость!$I$5:$I$397,"А500С",Ведомость!$V$5:$V$397,"Дм-4") -> 0 | F17: =SUMIFS(Ведомость!$N$5:$N$397,Ведомость!$H$5:$H$397,10,Ведомость!$I$5:$I$397,"А500С",Ведомость!$V$5:$V$397,"Дм-5") -> 7.5 | G17: =SUMIFS(Ведомость!$N$5:$N$397,Ведомость!$H$5:$H$397,10,Ведомость!$I$5:$I$397,"А500С",Ведомость!$V$5:$V$397,"К-А") -> 0 | H17: =SUMIFS(Ведомость!$N$5:$N$397,Ведомость!$H$5:$H$397,10,Ведомость!$I$5:$I$397,"А500С",Ведомость!$V$5:$V$397,"К-Б") -> 0 | I17: =SUMIFS(Ведомость!$N$5:$N$397,Ведомость!$H$5:$H$397,10,Ведомость!$I$5:$I$397,"А500С",Ведомость!$V$5:$V$397,"К-В") -> 0 | J17: =SUMIFS(Ведомость!$N$5:$N$397,Ведомость!$H$5:$H$397,10,Ведомость!$I$5:$I$397,"А500С",Ведомость!$V$5:$V$397,"К-Г") -> 0 | K17: =SUMIFS(Ведомость!$N$5:$N$397,Ведомость!$H$5:$H$397,10,Ведомость!$I$5:$I$397,"А500С",Ведомость!$V$5:$V$397,"Р-А") -> 0 | L17: =SUMIFS(Ведомость!$N$5:$N$397,Ведомость!$H$5:$H$397,10,Ведомость!$I$5:$I$397,"А500С",Ведомость!$V$5:$V$397,"Р-Б") -> 0 | M17: =SUMIFS(Ведомость!$N$5:$N$397,Ведомость!$H$5:$H$397,10,Ведомость!$I$5:$I$397,"А500С",Ведомость!$V$5:$V$397,"Р-В") -> 0 | N17: =SUMIFS(Ведомость!$N$5:$N$397,Ведомость!$H$5:$H$397,10,Ведомость!$I$5:$I$397,"А500С",Ведомость!$V$5:$V$397,"Р-Г") -> 0 | O17: =SUMIFS(Ведомость!$N$5:$N$397,Ведомость!$H$5:$H$397,10,Ведомость!$I$5:$I$397,"А500С",Ведомость!$V$5:$V$397,"Р-1, 5") -> 0 | P17: =SUMIFS(Ведомость!$N$5:$N$397,Ведомость!$H$5:$H$397,10,Ведомость!$I$5:$I$397,"А500С",Ведомость!$V$5:$V$397,"Р-2") -> 0 | Q17: =SUMIFS(Ведомость!$N$5:$N$397,Ведомость!$H$5:$H$397,10,Ведомость!$I$5:$I$397,"А500С",Ведомость!$V$5:$V$397,"Р-3") -> 0 | R17: =SUMIFS(Ведомость!$N$5:$N$397,Ведомость!$H$5:$H$397,10,Ведомость!$I$5:$I$397,"А500С",Ведомость!$V$5:$V$397,"Р-4") -> 0 | S17: =SUMIFS(Ведомость!$N$5:$N$397,Ведомость!$H$5:$H$397,10,Ведомость!$I$5:$I$397,"А500С",Ведомость!$V$5:$V$397,"Б-основная") -> 0 | T17: =SUMIFS(Ведомость!$N$5:$N$397,Ведомость!$H$5:$H$397,10,Ведомость!$I$5:$I$397,"А500С",Ведомость!$V$5:$V$397,"Б-хомуты") -> 0 | U17: =SUMIFS(Ведомость!$N$5:$N$397,Ведомость!$H$5:$H$397,10,Ведомость!$I$5:$I$397,"А500С",Ведомость!$V$5:$V$397,"Б-допник") -> 0 | V17: =SUMIFS(Ведомость!$N$5:$N$397,Ведомость!$H$5:$H$397,10,Ведомость!$I$5:$I$397,"А500С",Ведомость!$V$5:$V$397,"П-сетка") -> 11113.06 | W17: =SUMIFS(Ведомость!$N$5:$N$397,Ведомость!$H$5:$H$397,10,Ведомость!$I$5:$I$397,"А500С",Ведомость!$V$5:$V$397,"П-фикс") -> 0 | X17: =SUMIFS(Ведомость!$N$5:$N$397,Ведомость!$H$5:$H$397,10,Ведомость!$I$5:$I$397,"А500С",Ведомость!$V$5:$V$397,"П-отв") -> 0 | Y17: =SUMIFS(Ведомость!$N$5:$N$397,Ведомость!$H$5:$H$397,10,Ведомость!$I$5:$I$397,"А500С",Ведомость!$V$5:$V$397,"П-доп-низ") -> 393 | Z17: =SUMIFS(Ведомость!$N$5:$N$397,Ведомость!$H$5:$H$397,10,Ведомость!$I$5:$I$397,"А500С",Ведомость!$V$5:$V$397,"П-доп-верх") -> 529 | AA17: =SUMIFS(Ведомость!$N$5:$N$397,Ведомость!$H$5:$H$397,10,Ведомость!$I$5:$I$397,"А500С",Ведомость!$V$5:$V$397,"П-край") -> 0 | AB17: =SUMIFS(Ведомость!$N$5:$N$397,Ведомость!$H$5:$H$397,10,Ведомость!$I$5:$I$397,"А500С",Ведомость!$V$5:$V$397,"ЛВ-1") -> 0 | AC17: =SUMIFS(Ведомость!$N$5:$N$397,Ведомость!$H$5:$H$397,10,Ведомость!$I$5:$I$397,"А500С",Ведомость!$V$5:$V$397,"С-1") -> 957.6 | AD17: =SUM(B17:AC17) -> 13004.96 | AE17: =IFERROR(INDEX(Исходные!$B$18:$B$29,MATCH(10,Исходные!$A$18:$A$29,0)),0) -> 0.617 | AF17: =AD17*AE17*$AH$2 -> 8024.0603 | AG17: =SUM(B17:J17) -> 12.3 | AH17: =AE17 -> 0.617 | AI17: =AG17*AH17*$AH$2 -> 7.5891 | AJ17: =SUM(K17:AA17) -> 12035.06 | AK17: =AE17 -> 0.617 | AL17: =AJ17*AK17*$AH$2 -> 7425.632 | AM17: =SUM(AB17:AB17) -> 0 | AN17: =AE17 -> 0.617 | AO17: =AM17*AN17*$AH$2 -> 0 | AP17: =SUM(AC17:AC17) -> 957.6 | AQ17: =AE17 -> 0.617 | AR17: =AP17*AQ17*$AH$2 -> 590.8392
A18: Диаметр 8 А500С, L=м.п. | B18: =SUMIFS(Ведомость!$N$5:$N$397,Ведомость!$H$5:$H$397,8,Ведомость!$I$5:$I$397,"А500С",Ведомость!$V$5:$V$397,"Дм-1") -> 0 | C18: =SUMIFS(Ведомость!$N$5:$N$397,Ведомость!$H$5:$H$397,8,Ведомость!$I$5:$I$397,"А500С",Ведомость!$V$5:$V$397,"Дм-2") -> 0 | D18: =SUMIFS(Ведомость!$N$5:$N$397,Ведомость!$H$5:$H$397,8,Ведомость!$I$5:$I$397,"А500С",Ведомость!$V$5:$V$397,"Дм-3") -> 0 | E18: =SUMIFS(Ведомость!$N$5:$N$397,Ведомость!$H$5:$H$397,8,Ведомость!$I$5:$I$397,"А500С",Ведомость!$V$5:$V$397,"Дм-4") -> 0 | F18: =SUMIFS(Ведомость!$N$5:$N$397,Ведомость!$H$5:$H$397,8,Ведомость!$I$5:$I$397,"А500С",Ведомость!$V$5:$V$397,"Дм-5") -> 0 | G18: =SUMIFS(Ведомость!$N$5:$N$397,Ведомость!$H$5:$H$397,8,Ведомость!$I$5:$I$397,"А500С",Ведомость!$V$5:$V$397,"К-А") -> 0 | H18: =SUMIFS(Ведомость!$N$5:$N$397,Ведомость!$H$5:$H$397,8,Ведомость!$I$5:$I$397,"А500С",Ведомость!$V$5:$V$397,"К-Б") -> 0 | I18: =SUMIFS(Ведомость!$N$5:$N$397,Ведомость!$H$5:$H$397,8,Ведомость!$I$5:$I$397,"А500С",Ведомость!$V$5:$V$397,"К-В") -> 0 | J18: =SUMIFS(Ведомость!$N$5:$N$397,Ведомость!$H$5:$H$397,8,Ведомость!$I$5:$I$397,"А500С",Ведомость!$V$5:$V$397,"К-Г") -> 0 | K18: =SUMIFS(Ведомость!$N$5:$N$397,Ведомость!$H$5:$H$397,8,Ведомость!$I$5:$I$397,"А500С",Ведомость!$V$5:$V$397,"Р-А") -> 0 | L18: =SUMIFS(Ведомость!$N$5:$N$397,Ведомость!$H$5:$H$397,8,Ведомость!$I$5:$I$397,"А500С",Ведомость!$V$5:$V$397,"Р-Б") -> 0 | M18: =SUMIFS(Ведомость!$N$5:$N$397,Ведомость!$H$5:$H$397,8,Ведомость!$I$5:$I$397,"А500С",Ведомость!$V$5:$V$397,"Р-В") -> 0 | N18: =SUMIFS(Ведомость!$N$5:$N$397,Ведомость!$H$5:$H$397,8,Ведомость!$I$5:$I$397,"А500С",Ведомость!$V$5:$V$397,"Р-Г") -> 0 | O18: =SUMIFS(Ведомость!$N$5:$N$397,Ведомость!$H$5:$H$397,8,Ведомость!$I$5:$I$397,"А500С",Ведомость!$V$5:$V$397,"Р-1, 5") -> 0 | P18: =SUMIFS(Ведомость!$N$5:$N$397,Ведомость!$H$5:$H$397,8,Ведомость!$I$5:$I$397,"А500С",Ведомость!$V$5:$V$397,"Р-2") -> 0 | Q18: =SUMIFS(Ведомость!$N$5:$N$397,Ведомость!$H$5:$H$397,8,Ведомость!$I$5:$I$397,"А500С",Ведомость!$V$5:$V$397,"Р-3") -> 0 | R18: =SUMIFS(Ведомость!$N$5:$N$397,Ведомость!$H$5:$H$397,8,Ведомость!$I$5:$I$397,"А500С",Ведомость!$V$5:$V$397,"Р-4") -> 0 | S18: =SUMIFS(Ведомость!$N$5:$N$397,Ведомость!$H$5:$H$397,8,Ведомость!$I$5:$I$397,"А500С",Ведомость!$V$5:$V$397,"Б-основная") -> 0 | T18: =SUMIFS(Ведомость!$N$5:$N$397,Ведомость!$H$5:$H$397,8,Ведомость!$I$5:$I$397,"А500С",Ведомость!$V$5:$V$397,"Б-хомуты") -> 0 | U18: =SUMIFS(Ведомость!$N$5:$N$397,Ведомость!$H$5:$H$397,8,Ведомость!$I$5:$I$397,"А500С",Ведомость!$V$5:$V$397,"Б-допник") -> 0 | V18: =SUMIFS(Ведомость!$N$5:$N$397,Ведомость!$H$5:$H$397,8,Ведомость!$I$5:$I$397,"А500С",Ведомость!$V$5:$V$397,"П-сетка") -> 0 | W18: =SUMIFS(Ведомость!$N$5:$N$397,Ведомость!$H$5:$H$397,8,Ведомость!$I$5:$I$397,"А500С",Ведомость!$V$5:$V$397,"П-фикс") -> 0 | X18: =SUMIFS(Ведомость!$N$5:$N$397,Ведомость!$H$5:$H$397,8,Ведомость!$I$5:$I$397,"А500С",Ведомость!$V$5:$V$397,"П-отв") -> 0 | Y18: =SUMIFS(Ведомость!$N$5:$N$397,Ведомость!$H$5:$H$397,8,Ведомость!$I$5:$I$397,"А500С",Ведомость!$V$5:$V$397,"П-доп-низ") -> 0 | Z18: =SUMIFS(Ведомость!$N$5:$N$397,Ведомость!$H$5:$H$397,8,Ведомость!$I$5:$I$397,"А500С",Ведомость!$V$5:$V$397,"П-доп-верх") -> 0 | AA18: =SUMIFS(Ведомость!$N$5:$N$397,Ведомость!$H$5:$H$397,8,Ведомость!$I$5:$I$397,"А500С",Ведомость!$V$5:$V$397,"П-край") -> 0 | AB18: =SUMIFS(Ведомость!$N$5:$N$397,Ведомость!$H$5:$H$397,8,Ведомость!$I$5:$I$397,"А500С",Ведомость!$V$5:$V$397,"ЛВ-1") -> 0 | AC18: =SUMIFS(Ведомость!$N$5:$N$397,Ведомость!$H$5:$H$397,8,Ведомость!$I$5:$I$397,"А500С",Ведомость!$V$5:$V$397,"С-1") -> 0 | AD18: =SUM(B18:AC18) -> 0 | AE18: =IFERROR(INDEX(Исходные!$B$18:$B$29,MATCH(8,Исходные!$A$18:$A$29,0)),0) -> 0.395 | AF18: =AD18*AE18*$AH$2 -> 0 | AG18: =SUM(B18:J18) -> 0 | AH18: =AE18 -> 0.395 | AI18: =AG18*AH18*$AH$2 -> 0 | AJ18: =SUM(K18:AA18) -> 0 | AK18: =AE18 -> 0.395 | AL18: =AJ18*AK18*$AH$2 -> 0 | AM18: =SUM(AB18:AB18) -> 0 | AN18: =AE18 -> 0.395 | AO18: =AM18*AN18*$AH$2 -> 0 | AP18: =SUM(AC18:AC18) -> 0 | AQ18: =AE18 -> 0.395 | AR18: =AP18*AQ18*$AH$2 -> 0
A19: Диаметр 12 А240, L=м.п. | B19: =SUMIFS(Ведомость!$N$5:$N$397,Ведомость!$H$5:$H$397,12,Ведомость!$I$5:$I$397,"А240",Ведомость!$V$5:$V$397,"Дм-1") -> 0 | C19: =SUMIFS(Ведомость!$N$5:$N$397,Ведомость!$H$5:$H$397,12,Ведомость!$I$5:$I$397,"А240",Ведомость!$V$5:$V$397,"Дм-2") -> 0 | D19: =SUMIFS(Ведомость!$N$5:$N$397,Ведомость!$H$5:$H$397,12,Ведомость!$I$5:$I$397,"А240",Ведомость!$V$5:$V$397,"Дм-3") -> 0 | E19: =SUMIFS(Ведомость!$N$5:$N$397,Ведомость!$H$5:$H$397,12,Ведомость!$I$5:$I$397,"А240",Ведомость!$V$5:$V$397,"Дм-4") -> 0 | F19: =SUMIFS(Ведомость!$N$5:$N$397,Ведомость!$H$5:$H$397,12,Ведомость!$I$5:$I$397,"А240",Ведомость!$V$5:$V$397,"Дм-5") -> 0 | G19: =SUMIFS(Ведомость!$N$5:$N$397,Ведомость!$H$5:$H$397,12,Ведомость!$I$5:$I$397,"А240",Ведомость!$V$5:$V$397,"К-А") -> 0 | H19: =SUMIFS(Ведомость!$N$5:$N$397,Ведомость!$H$5:$H$397,12,Ведомость!$I$5:$I$397,"А240",Ведомость!$V$5:$V$397,"К-Б") -> 0 | I19: =SUMIFS(Ведомость!$N$5:$N$397,Ведомость!$H$5:$H$397,12,Ведомость!$I$5:$I$397,"А240",Ведомость!$V$5:$V$397,"К-В") -> 0 | J19: =SUMIFS(Ведомость!$N$5:$N$397,Ведомость!$H$5:$H$397,12,Ведомость!$I$5:$I$397,"А240",Ведомость!$V$5:$V$397,"К-Г") -> 0 | K19: =SUMIFS(Ведомость!$N$5:$N$397,Ведомость!$H$5:$H$397,12,Ведомость!$I$5:$I$397,"А240",Ведомость!$V$5:$V$397,"Р-А") -> 0 | L19: =SUMIFS(Ведомость!$N$5:$N$397,Ведомость!$H$5:$H$397,12,Ведомость!$I$5:$I$397,"А240",Ведомость!$V$5:$V$397,"Р-Б") -> 0 | M19: =SUMIFS(Ведомость!$N$5:$N$397,Ведомость!$H$5:$H$397,12,Ведомость!$I$5:$I$397,"А240",Ведомость!$V$5:$V$397,"Р-В") -> 0 | N19: =SUMIFS(Ведомость!$N$5:$N$397,Ведомость!$H$5:$H$397,12,Ведомость!$I$5:$I$397,"А240",Ведомость!$V$5:$V$397,"Р-Г") -> 0 | O19: =SUMIFS(Ведомость!$N$5:$N$397,Ведомость!$H$5:$H$397,12,Ведомость!$I$5:$I$397,"А240",Ведомость!$V$5:$V$397,"Р-1, 5") -> 0 | P19: =SUMIFS(Ведомость!$N$5:$N$397,Ведомость!$H$5:$H$397,12,Ведомость!$I$5:$I$397,"А240",Ведомость!$V$5:$V$397,"Р-2") -> 0 | Q19: =SUMIFS(Ведомость!$N$5:$N$397,Ведомость!$H$5:$H$397,12,Ведомость!$I$5:$I$397,"А240",Ведомость!$V$5:$V$397,"Р-3") -> 0 | R19: =SUMIFS(Ведомость!$N$5:$N$397,Ведомость!$H$5:$H$397,12,Ведомость!$I$5:$I$397,"А240",Ведомость!$V$5:$V$397,"Р-4") -> 0 | S19: =SUMIFS(Ведомость!$N$5:$N$397,Ведомость!$H$5:$H$397,12,Ведомость!$I$5:$I$397,"А240",Ведомость!$V$5:$V$397,"Б-основная") -> 0 | T19: =SUMIFS(Ведомость!$N$5:$N$397,Ведомость!$H$5:$H$397,12,Ведомость!$I$5:$I$397,"А240",Ведомость!$V$5:$V$397,"Б-хомуты") -> 0 | U19: =SUMIFS(Ведомость!$N$5:$N$397,Ведомость!$H$5:$H$397,12,Ведомость!$I$5:$I$397,"А240",Ведомость!$V$5:$V$397,"Б-допник") -> 0 | V19: =SUMIFS(Ведомость!$N$5:$N$397,Ведомость!$H$5:$H$397,12,Ведомость!$I$5:$I$397,"А240",Ведомость!$V$5:$V$397,"П-сетка") -> 0 | W19: =SUMIFS(Ведомость!$N$5:$N$397,Ведомость!$H$5:$H$397,12,Ведомость!$I$5:$I$397,"А240",Ведомость!$V$5:$V$397,"П-фикс") -> 0 | X19: =SUMIFS(Ведомость!$N$5:$N$397,Ведомость!$H$5:$H$397,12,Ведомость!$I$5:$I$397,"А240",Ведомость!$V$5:$V$397,"П-отв") -> 0 | Y19: =SUMIFS(Ведомость!$N$5:$N$397,Ведомость!$H$5:$H$397,12,Ведомость!$I$5:$I$397,"А240",Ведомость!$V$5:$V$397,"П-доп-низ") -> 0 | Z19: =SUMIFS(Ведомость!$N$5:$N$397,Ведомость!$H$5:$H$397,12,Ведомость!$I$5:$I$397,"А240",Ведомость!$V$5:$V$397,"П-доп-верх") -> 0 | AA19: =SUMIFS(Ведомость!$N$5:$N$397,Ведомость!$H$5:$H$397,12,Ведомость!$I$5:$I$397,"А240",Ведомость!$V$5:$V$397,"П-край") -> 0 | AB19: =SUMIFS(Ведомость!$N$5:$N$397,Ведомость!$H$5:$H$397,12,Ведомость!$I$5:$I$397,"А240",Ведомость!$V$5:$V$397,"ЛВ-1") -> 0 | AC19: =SUMIFS(Ведомость!$N$5:$N$397,Ведомость!$H$5:$H$397,12,Ведомость!$I$5:$I$397,"А240",Ведомость!$V$5:$V$397,"С-1") -> 0 | AD19: =SUM(B19:AC19) -> 0 | AE19: =IFERROR(INDEX(Исходные!$B$18:$B$29,MATCH(12,Исходные!$A$18:$A$29,0)),0) -> 0.888 | AF19: =AD19*AE19*$AH$2 -> 0 | AG19: =SUM(B19:J19) -> 0 | AH19: =AE19 -> 0.888 | AI19: =AG19*AH19*$AH$2 -> 0 | AJ19: =SUM(K19:AA19) -> 0 | AK19: =AE19 -> 0.888 | AL19: =AJ19*AK19*$AH$2 -> 0 | AM19: =SUM(AB19:AB19) -> 0 | AN19: =AE19 -> 0.888 | AO19: =AM19*AN19*$AH$2 -> 0 | AP19: =SUM(AC19:AC19) -> 0 | AQ19: =AE19 -> 0.888 | AR19: =AP19*AQ19*$AH$2 -> 0
A20: Диаметр 10 А240, L=м.п. | B20: =SUMIFS(Ведомость!$N$5:$N$397,Ведомость!$H$5:$H$397,10,Ведомость!$I$5:$I$397,"А240",Ведомость!$V$5:$V$397,"Дм-1") -> 159.66 | C20: =SUMIFS(Ведомость!$N$5:$N$397,Ведомость!$H$5:$H$397,10,Ведомость!$I$5:$I$397,"А240",Ведомость!$V$5:$V$397,"Дм-2") -> 107.64 | D20: =SUMIFS(Ведомость!$N$5:$N$397,Ведомость!$H$5:$H$397,10,Ведомость!$I$5:$I$397,"А240",Ведомость!$V$5:$V$397,"Дм-3") -> 127.98 | E20: =SUMIFS(Ведомость!$N$5:$N$397,Ведомость!$H$5:$H$397,10,Ведомость!$I$5:$I$397,"А240",Ведомость!$V$5:$V$397,"Дм-4") -> 55.62 | F20: =SUMIFS(Ведомость!$N$5:$N$397,Ведомость!$H$5:$H$397,10,Ведомость!$I$5:$I$397,"А240",Ведомость!$V$5:$V$397,"Дм-5") -> 75.96 | G20: =SUMIFS(Ведомость!$N$5:$N$397,Ведомость!$H$5:$H$397,10,Ведомость!$I$5:$I$397,"А240",Ведомость!$V$5:$V$397,"К-А") -> 0 | H20: =SUMIFS(Ведомость!$N$5:$N$397,Ведомость!$H$5:$H$397,10,Ведомость!$I$5:$I$397,"А240",Ведомость!$V$5:$V$397,"К-Б") -> 0 | I20: =SUMIFS(Ведомость!$N$5:$N$397,Ведомость!$H$5:$H$397,10,Ведомость!$I$5:$I$397,"А240",Ведомость!$V$5:$V$397,"К-В") -> 0 | J20: =SUMIFS(Ведомость!$N$5:$N$397,Ведомость!$H$5:$H$397,10,Ведомость!$I$5:$I$397,"А240",Ведомость!$V$5:$V$397,"К-Г") -> 0 | K20: =SUMIFS(Ведомость!$N$5:$N$397,Ведомость!$H$5:$H$397,10,Ведомость!$I$5:$I$397,"А240",Ведомость!$V$5:$V$397,"Р-А") -> 84.9 | L20: =SUMIFS(Ведомость!$N$5:$N$397,Ведомость!$H$5:$H$397,10,Ведомость!$I$5:$I$397,"А240",Ведомость!$V$5:$V$397,"Р-Б") -> 226.1 | M20: =SUMIFS(Ведомость!$N$5:$N$397,Ведомость!$H$5:$H$397,10,Ведомость!$I$5:$I$397,"А240",Ведомость!$V$5:$V$397,"Р-В") -> 439.44 | N20: =SUMIFS(Ведомость!$N$5:$N$397,Ведомость!$H$5:$H$397,10,Ведомость!$I$5:$I$397,"А240",Ведомость!$V$5:$V$397,"Р-Г") -> 92.7 | O20: =SUMIFS(Ведомость!$N$5:$N$397,Ведомость!$H$5:$H$397,10,Ведомость!$I$5:$I$397,"А240",Ведомость!$V$5:$V$397,"Р-1, 5") -> 148.32 | P20: =SUMIFS(Ведомость!$N$5:$N$397,Ведомость!$H$5:$H$397,10,Ведомость!$I$5:$I$397,"А240",Ведомость!$V$5:$V$397,"Р-2") -> 327.12 | Q20: =SUMIFS(Ведомость!$N$5:$N$397,Ведомость!$H$5:$H$397,10,Ведомость!$I$5:$I$397,"А240",Ведомость!$V$5:$V$397,"Р-3") -> 298.36 | R20: =SUMIFS(Ведомость!$N$5:$N$397,Ведомость!$H$5:$H$397,10,Ведомость!$I$5:$I$397,"А240",Ведомость!$V$5:$V$397,"Р-4") -> 218.76 | S20: =SUMIFS(Ведомость!$N$5:$N$397,Ведомость!$H$5:$H$397,10,Ведомость!$I$5:$I$397,"А240",Ведомость!$V$5:$V$397,"Б-основная") -> 0 | T20: =SUMIFS(Ведомость!$N$5:$N$397,Ведомость!$H$5:$H$397,10,Ведомость!$I$5:$I$397,"А240",Ведомость!$V$5:$V$397,"Б-хомуты") -> 0 | U20: =SUMIFS(Ведомость!$N$5:$N$397,Ведомость!$H$5:$H$397,10,Ведомость!$I$5:$I$397,"А240",Ведомость!$V$5:$V$397,"Б-допник") -> 0 | V20: =SUMIFS(Ведомость!$N$5:$N$397,Ведомость!$H$5:$H$397,10,Ведомость!$I$5:$I$397,"А240",Ведомость!$V$5:$V$397,"П-сетка") -> 0 | W20: =SUMIFS(Ведомость!$N$5:$N$397,Ведомость!$H$5:$H$397,10,Ведомость!$I$5:$I$397,"А240",Ведомость!$V$5:$V$397,"П-фикс") -> 355.74 | X20: =SUMIFS(Ведомость!$N$5:$N$397,Ведомость!$H$5:$H$397,10,Ведомость!$I$5:$I$397,"А240",Ведомость!$V$5:$V$397,"П-отв") -> 0 | Y20: =SUMIFS(Ведомость!$N$5:$N$397,Ведомость!$H$5:$H$397,10,Ведомость!$I$5:$I$397,"А240",Ведомость!$V$5:$V$397,"П-доп-низ") -> 0 | Z20: =SUMIFS(Ведомость!$N$5:$N$397,Ведомость!$H$5:$H$397,10,Ведомость!$I$5:$I$397,"А240",Ведомость!$V$5:$V$397,"П-доп-верх") -> 0 | AA20: =SUMIFS(Ведомость!$N$5:$N$397,Ведомость!$H$5:$H$397,10,Ведомость!$I$5:$I$397,"А240",Ведомость!$V$5:$V$397,"П-край") -> 83.3 | AB20: =SUMIFS(Ведомость!$N$5:$N$397,Ведомость!$H$5:$H$397,10,Ведомость!$I$5:$I$397,"А240",Ведомость!$V$5:$V$397,"ЛВ-1") -> 0 | AC20: =SUMIFS(Ведомость!$N$5:$N$397,Ведомость!$H$5:$H$397,10,Ведомость!$I$5:$I$397,"А240",Ведомость!$V$5:$V$397,"С-1") -> 0 | AD20: =SUM(B20:AC20) -> 2801.6 | AE20: =IFERROR(INDEX(Исходные!$B$18:$B$29,MATCH(10,Исходные!$A$18:$A$29,0)),0) -> 0.617 | AF20: =AD20*AE20*$AH$2 -> 1728.5872 | AG20: =SUM(B20:J20) -> 526.86 | AH20: =AE20 -> 0.617 | AI20: =AG20*AH20*$AH$2 -> 325.07262 | AJ20: =SUM(K20:AA20) -> 2274.74 | AK20: =AE20 -> 0.617 | AL20: =AJ20*AK20*$AH$2 -> 1403.5146 | AM20: =SUM(AB20:AB20) -> 0 | AN20: =AE20 -> 0.617 | AO20: =AM20*AN20*$AH$2 -> 0 | AP20: =SUM(AC20:AC20) -> 0 | AQ20: =AE20 -> 0.617 | AR20: =AP20*AQ20*$AH$2 -> 0
A21: Диаметр 8 А240, L=м.п. | B21: =SUMIFS(Ведомость!$N$5:$N$397,Ведомость!$H$5:$H$397,8,Ведомость!$I$5:$I$397,"А240",Ведомость!$V$5:$V$397,"Дм-1") -> 191.46 | C21: =SUMIFS(Ведомость!$N$5:$N$397,Ведомость!$H$5:$H$397,8,Ведомость!$I$5:$I$397,"А240",Ведомость!$V$5:$V$397,"Дм-2") -> 177.15 | D21: =SUMIFS(Ведомость!$N$5:$N$397,Ведомость!$H$5:$H$397,8,Ведомость!$I$5:$I$397,"А240",Ведомость!$V$5:$V$397,"Дм-3") -> 218.37 | E21: =SUMIFS(Ведомость!$N$5:$N$397,Ведомость!$H$5:$H$397,8,Ведомость!$I$5:$I$397,"А240",Ведомость!$V$5:$V$397,"Дм-4") -> 162.84 | F21: =SUMIFS(Ведомость!$N$5:$N$397,Ведомость!$H$5:$H$397,8,Ведомость!$I$5:$I$397,"А240",Ведомость!$V$5:$V$397,"Дм-5") -> 204.06 | G21: =SUMIFS(Ведомость!$N$5:$N$397,Ведомость!$H$5:$H$397,8,Ведомость!$I$5:$I$397,"А240",Ведомость!$V$5:$V$397,"К-А") -> 431.28 | H21: =SUMIFS(Ведомость!$N$5:$N$397,Ведомость!$H$5:$H$397,8,Ведомость!$I$5:$I$397,"А240",Ведомость!$V$5:$V$397,"К-Б") -> 718.8 | I21: =SUMIFS(Ведомость!$N$5:$N$397,Ведомость!$H$5:$H$397,8,Ведомость!$I$5:$I$397,"А240",Ведомость!$V$5:$V$397,"К-В") -> 718.8 | J21: =SUMIFS(Ведомость!$N$5:$N$397,Ведомость!$H$5:$H$397,8,Ведомость!$I$5:$I$397,"А240",Ведомость!$V$5:$V$397,"К-Г") -> 287.52 | K21: =SUMIFS(Ведомость!$N$5:$N$397,Ведомость!$H$5:$H$397,8,Ведомость!$I$5:$I$397,"А240",Ведомость!$V$5:$V$397,"Р-А") -> 395.39 | L21: =SUMIFS(Ведомость!$N$5:$N$397,Ведомость!$H$5:$H$397,8,Ведомость!$I$5:$I$397,"А240",Ведомость!$V$5:$V$397,"Р-Б") -> 333.35 | M21: =SUMIFS(Ведомость!$N$5:$N$397,Ведомость!$H$5:$H$397,8,Ведомость!$I$5:$I$397,"А240",Ведомость!$V$5:$V$397,"Р-В") -> 245.84 | N21: =SUMIFS(Ведомость!$N$5:$N$397,Ведомость!$H$5:$H$397,8,Ведомость!$I$5:$I$397,"А240",Ведомость!$V$5:$V$397,"Р-Г") -> 375.86 | O21: =SUMIFS(Ведомость!$N$5:$N$397,Ведомость!$H$5:$H$397,8,Ведомость!$I$5:$I$397,"А240",Ведомость!$V$5:$V$397,"Р-1, 5") -> 681.86 | P21: =SUMIFS(Ведомость!$N$5:$N$397,Ведомость!$H$5:$H$397,8,Ведомость!$I$5:$I$397,"А240",Ведомость!$V$5:$V$397,"Р-2") -> 154.39 | Q21: =SUMIFS(Ведомость!$N$5:$N$397,Ведомость!$H$5:$H$397,8,Ведомость!$I$5:$I$397,"А240",Ведомость!$V$5:$V$397,"Р-3") -> 197.83 | R21: =SUMIFS(Ведомость!$N$5:$N$397,Ведомость!$H$5:$H$397,8,Ведомость!$I$5:$I$397,"А240",Ведомость!$V$5:$V$397,"Р-4") -> 189.63 | S21: =SUMIFS(Ведомость!$N$5:$N$397,Ведомость!$H$5:$H$397,8,Ведомость!$I$5:$I$397,"А240",Ведомость!$V$5:$V$397,"Б-основная") -> 0 | T21: =SUMIFS(Ведомость!$N$5:$N$397,Ведомость!$H$5:$H$397,8,Ведомость!$I$5:$I$397,"А240",Ведомость!$V$5:$V$397,"Б-хомуты") -> 1666.52 | U21: =SUMIFS(Ведомость!$N$5:$N$397,Ведомость!$H$5:$H$397,8,Ведомость!$I$5:$I$397,"А240",Ведомость!$V$5:$V$397,"Б-допник") -> 0 | V21: =SUMIFS(Ведомость!$N$5:$N$397,Ведомость!$H$5:$H$397,8,Ведомость!$I$5:$I$397,"А240",Ведомость!$V$5:$V$397,"П-сетка") -> 0 | W21: =SUMIFS(Ведомость!$N$5:$N$397,Ведомость!$H$5:$H$397,8,Ведомость!$I$5:$I$397,"А240",Ведомость!$V$5:$V$397,"П-фикс") -> 186.34 | X21: =SUMIFS(Ведомость!$N$5:$N$397,Ведомость!$H$5:$H$397,8,Ведомость!$I$5:$I$397,"А240",Ведомость!$V$5:$V$397,"П-отв") -> 0 | Y21: =SUMIFS(Ведомость!$N$5:$N$397,Ведомость!$H$5:$H$397,8,Ведомость!$I$5:$I$397,"А240",Ведомость!$V$5:$V$397,"П-доп-низ") -> 0 | Z21: =SUMIFS(Ведомость!$N$5:$N$397,Ведомость!$H$5:$H$397,8,Ведомость!$I$5:$I$397,"А240",Ведомость!$V$5:$V$397,"П-доп-верх") -> 0 | AA21: =SUMIFS(Ведомость!$N$5:$N$397,Ведомость!$H$5:$H$397,8,Ведомость!$I$5:$I$397,"А240",Ведомость!$V$5:$V$397,"П-край") -> 0 | AB21: =SUMIFS(Ведомость!$N$5:$N$397,Ведомость!$H$5:$H$397,8,Ведомость!$I$5:$I$397,"А240",Ведомость!$V$5:$V$397,"ЛВ-1") -> 0 | AC21: =SUMIFS(Ведомость!$N$5:$N$397,Ведомость!$H$5:$H$397,8,Ведомость!$I$5:$I$397,"А240",Ведомость!$V$5:$V$397,"С-1") -> 0 | AD21: =SUM(B21:AC21) -> 7537.29 | AE21: =IFERROR(INDEX(Исходные!$B$18:$B$29,MATCH(8,Исходные!$A$18:$A$29,0)),0) -> 0.395 | AF21: =AD21*AE21*$AH$2 -> 2977.2296 | AG21: =SUM(B21:J21) -> 3110.28 | AH21: =AE21 -> 0.395 | AI21: =AG21*AH21*$AH$2 -> 1228.5606 | AJ21: =SUM(K21:AA21) -> 4427.01 | AK21: =AE21 -> 0.395 | AL21: =AJ21*AK21*$AH$2 -> 1748.6689 | AM21: =SUM(AB21:AB21) -> 0 | AN21: =AE21 -> 0.395 | AO21: =AM21*AN21*$AH$2 -> 0 | AP21: =SUM(AC21:AC21) -> 0 | AQ21: =AE21 -> 0.395 | AR21: =AP21*AQ21*$AH$2 -> 0
A22: Диаметр 6 А240, L=м.п. | B22: =SUMIFS(Ведомость!$N$5:$N$397,Ведомость!$H$5:$H$397,6,Ведомость!$I$5:$I$397,"А240",Ведомость!$V$5:$V$397,"Дм-1") -> 0 | C22: =SUMIFS(Ведомость!$N$5:$N$397,Ведомость!$H$5:$H$397,6,Ведомость!$I$5:$I$397,"А240",Ведомость!$V$5:$V$397,"Дм-2") -> 0 | D22: =SUMIFS(Ведомость!$N$5:$N$397,Ведомость!$H$5:$H$397,6,Ведомость!$I$5:$I$397,"А240",Ведомость!$V$5:$V$397,"Дм-3") -> 0 | E22: =SUMIFS(Ведомость!$N$5:$N$397,Ведомость!$H$5:$H$397,6,Ведомость!$I$5:$I$397,"А240",Ведомость!$V$5:$V$397,"Дм-4") -> 0 | F22: =SUMIFS(Ведомость!$N$5:$N$397,Ведомость!$H$5:$H$397,6,Ведомость!$I$5:$I$397,"А240",Ведомость!$V$5:$V$397,"Дм-5") -> 0 | G22: =SUMIFS(Ведомость!$N$5:$N$397,Ведомость!$H$5:$H$397,6,Ведомость!$I$5:$I$397,"А240",Ведомость!$V$5:$V$397,"К-А") -> 0 | H22: =SUMIFS(Ведомость!$N$5:$N$397,Ведомость!$H$5:$H$397,6,Ведомость!$I$5:$I$397,"А240",Ведомость!$V$5:$V$397,"К-Б") -> 0 | I22: =SUMIFS(Ведомость!$N$5:$N$397,Ведомость!$H$5:$H$397,6,Ведомость!$I$5:$I$397,"А240",Ведомость!$V$5:$V$397,"К-В") -> 0 | J22: =SUMIFS(Ведомость!$N$5:$N$397,Ведомость!$H$5:$H$397,6,Ведомость!$I$5:$I$397,"А240",Ведомость!$V$5:$V$397,"К-Г") -> 0 | K22: =SUMIFS(Ведомость!$N$5:$N$397,Ведомость!$H$5:$H$397,6,Ведомость!$I$5:$I$397,"А240",Ведомость!$V$5:$V$397,"Р-А") -> 0 | L22: =SUMIFS(Ведомость!$N$5:$N$397,Ведомость!$H$5:$H$397,6,Ведомость!$I$5:$I$397,"А240",Ведомость!$V$5:$V$397,"Р-Б") -> 0 | M22: =SUMIFS(Ведомость!$N$5:$N$397,Ведомость!$H$5:$H$397,6,Ведомость!$I$5:$I$397,"А240",Ведомость!$V$5:$V$397,"Р-В") -> 0 | N22: =SUMIFS(Ведомость!$N$5:$N$397,Ведомость!$H$5:$H$397,6,Ведомость!$I$5:$I$397,"А240",Ведомость!$V$5:$V$397,"Р-Г") -> 0 | O22: =SUMIFS(Ведомость!$N$5:$N$397,Ведомость!$H$5:$H$397,6,Ведомость!$I$5:$I$397,"А240",Ведомость!$V$5:$V$397,"Р-1, 5") -> 0 | P22: =SUMIFS(Ведомость!$N$5:$N$397,Ведомость!$H$5:$H$397,6,Ведомость!$I$5:$I$397,"А240",Ведомость!$V$5:$V$397,"Р-2") -> 0 | Q22: =SUMIFS(Ведомость!$N$5:$N$397,Ведомость!$H$5:$H$397,6,Ведомость!$I$5:$I$397,"А240",Ведомость!$V$5:$V$397,"Р-3") -> 0 | R22: =SUMIFS(Ведомость!$N$5:$N$397,Ведомость!$H$5:$H$397,6,Ведомость!$I$5:$I$397,"А240",Ведомость!$V$5:$V$397,"Р-4") -> 0 | S22: =SUMIFS(Ведомость!$N$5:$N$397,Ведомость!$H$5:$H$397,6,Ведомость!$I$5:$I$397,"А240",Ведомость!$V$5:$V$397,"Б-основная") -> 0 | T22: =SUMIFS(Ведомость!$N$5:$N$397,Ведомость!$H$5:$H$397,6,Ведомость!$I$5:$I$397,"А240",Ведомость!$V$5:$V$397,"Б-хомуты") -> 0 | U22: =SUMIFS(Ведомость!$N$5:$N$397,Ведомость!$H$5:$H$397,6,Ведомость!$I$5:$I$397,"А240",Ведомость!$V$5:$V$397,"Б-допник") -> 0 | V22: =SUMIFS(Ведомость!$N$5:$N$397,Ведомость!$H$5:$H$397,6,Ведомость!$I$5:$I$397,"А240",Ведомость!$V$5:$V$397,"П-сетка") -> 0 | W22: =SUMIFS(Ведомость!$N$5:$N$397,Ведомость!$H$5:$H$397,6,Ведомость!$I$5:$I$397,"А240",Ведомость!$V$5:$V$397,"П-фикс") -> 0 | X22: =SUMIFS(Ведомость!$N$5:$N$397,Ведомость!$H$5:$H$397,6,Ведомость!$I$5:$I$397,"А240",Ведомость!$V$5:$V$397,"П-отв") -> 0 | Y22: =SUMIFS(Ведомость!$N$5:$N$397,Ведомость!$H$5:$H$397,6,Ведомость!$I$5:$I$397,"А240",Ведомость!$V$5:$V$397,"П-доп-низ") -> 0 | Z22: =SUMIFS(Ведомость!$N$5:$N$397,Ведомость!$H$5:$H$397,6,Ведомость!$I$5:$I$397,"А240",Ведомость!$V$5:$V$397,"П-доп-верх") -> 0 | AA22: =SUMIFS(Ведомость!$N$5:$N$397,Ведомость!$H$5:$H$397,6,Ведомость!$I$5:$I$397,"А240",Ведомость!$V$5:$V$397,"П-край") -> 0 | AB22: =SUMIFS(Ведомость!$N$5:$N$397,Ведомость!$H$5:$H$397,6,Ведомость!$I$5:$I$397,"А240",Ведомость!$V$5:$V$397,"ЛВ-1") -> 0 | AC22: =SUMIFS(Ведомость!$N$5:$N$397,Ведомость!$H$5:$H$397,6,Ведомость!$I$5:$I$397,"А240",Ведомость!$V$5:$V$397,"С-1") -> 0 | AD22: =SUM(B22:AC22) -> 0 | AE22: =IFERROR(INDEX(Исходные!$B$18:$B$29,MATCH(6,Исходные!$A$18:$A$29,0)),0) -> 0.222 | AF22: =AD22*AE22*$AH$2 -> 0 | AG22: =SUM(B22:J22) -> 0 | AH22: =AE22 -> 0.222 | AI22: =AG22*AH22*$AH$2 -> 0 | AJ22: =SUM(K22:AA22) -> 0 | AK22: =AE22 -> 0.222 | AL22: =AJ22*AK22*$AH$2 -> 0 | AM22: =SUM(AB22:AB22) -> 0 | AN22: =AE22 -> 0.222 | AO22: =AM22*AN22*$AH$2 -> 0 | AP22: =SUM(AC22:AC22) -> 0 | AQ22: =AE22 -> 0.222 | AR22: =AP22*AQ22*$AH$2 -> 0
A23: Масса по элементу, кг | B23: =SUMPRODUCT(B8:B22,$AE$8:$AE$22)*$AH$2 -> 1586.4157 | C23: =SUMPRODUCT(C8:C22,$AE$8:$AE$22)*$AH$2 -> 1244.9361 | D23: =SUMPRODUCT(D8:D22,$AE$8:$AE$22)*$AH$2 -> 1361.8301 | E23: =SUMPRODUCT(E8:E22,$AE$8:$AE$22)*$AH$2 -> 680.33394 | F23: =SUMPRODUCT(F8:F22,$AE$8:$AE$22)*$AH$2 -> 972.34972 | G23: =SUMPRODUCT(G8:G22,$AE$8:$AE$22)*$AH$2 -> 710.1156 | H23: =SUMPRODUCT(H8:H22,$AE$8:$AE$22)*$AH$2 -> 1183.526 | I23: =SUMPRODUCT(I8:I22,$AE$8:$AE$22)*$AH$2 -> 1183.526 | ... AC23: =SUMPRODUCT(AC8:AC22,$AE$8:$AE$22)*$AH$2 -> 590.8392 | AE23: Итого (кг): | AF23: =SUM(AF8:AF22) -> 31788.108 | AH23: Итого (кг): | AI23: =SUM(AI8:AI22) -> 9396.4436 | AK23: Итого (кг): | AL23: =SUM(AL8:AL22) -> 21800.826 | AN23: Итого (кг): | AO23: =SUM(AO8:AO22) -> 0 | AQ23: Итого (кг): | AR23: =SUM(AR8:AR22) -> 590.8392
AE24: Итого (т): | AF24: =AF23/1000 -> 31.788108 | AH24: Итого (т): | AI24: =AI23/1000 -> 9.3964436 | AK24: Итого (т): | AL24: =AL23/1000 -> 21.800826 | AN24: Итого (т): | AO24: =AO23/1000 -> 0 | AQ24: Итого (т): | AR24: =AR23/1000 -> 0.5908392
A25: Контроль: Всего = итог «Ведомости» × К(зап) | AF25: =ROUND(AF23-Ведомость!P398*$AH$2,1) -> 0 | AG25: ← должно быть 0
A27: Бетон, (м3)
A28: Бетон В25, м3 | B28: =(0.6*0.6+2*0.7*0.4+1.7*0.4)*(4-0.12) -> 6.208 | C28: =(0.6*0.6+0.7*0.4+1.7*0.4)*(4-0.12) -> 5.1216 | D28: =(0.6*0.6+2*0.7*0.4+0.9*0.4)*(4-0.12) -> 4.9664 | E28: =(0.6*0.6+0.9*0.4)*(4-0.12) -> 2.7936 | F28: =(0.6*0.6+0.7*0.4+0.9*0.4)*(4-0.12) -> 3.88 | G28: =3*0.6*0.6*(4-0.12) -> 4.1904 | H28: =5*0.6*0.6*(4-0.12) -> 6.984 | I28: =5*0.6*0.6*(4-0.12) -> 6.984 | J28: =2*0.6*0.6*(4-0.12) -> 2.7936 | K28: =1*0.45*(0.6-0.12)*20.5 -> 4.428 | L28: =1*0.45*(0.6-0.12)*22.6 -> 4.8816 | M28: =1*0.45*(0.6-0.12)*22.6 -> 4.8816 | N28: =1*0.45*(0.6-0.12)*19.8 -> 4.2768 | O28: =2*0.45*(0.6-0.12)*18.2 -> 7.8624 | P28: =1*0.45*(0.6-0.12)*15.8 -> 3.4128 | Q28: =1*0.45*(0.6-0.12)*18.2 -> 3.9312 | R28: =1*0.45*(0.6-0.12)*15.8 -> 3.4128 | S28: =137.85*0.3*(0.3-0.12)+6.05*0.3*(0.4-0.12)+11.71*0.2*(0.3-0.12)+35.75*0.25*(0.3-0.12) -> 9.98241 | V28: =542.03*0.12 -> 65.0436 | AD28: =SUM(B28:AC28) -> 156.03481 | AF28: =AD28*$AK$2 -> 156.03481 | AG28: =SUM(B28:J28) -> 43.9216 | AI28: =AG28*$AK$2 -> 43.9216 | AJ28: =SUM(K28:AA28) -> 112.11321 | AL28: =AJ28*$AK$2 -> 112.11321 | AM28: =SUM(AB28:AB28) -> 0 | AO28: =AM28*$AK$2 -> 0 | AP28: =SUM(AC28:AC28) -> 0 | AR28: =AP28*$AK$2 -> 0
A29: Удельный расход, кг/м³ (проверочный) | AF29: =IF(AF28>0,AF23/AF28,0) -> 203.72447 | AI29: =IF(AI28>0,AI23/AI28,0) -> 213.93673 | AL29: =IF(AL28>0,AL23/AL28,0) -> 194.45367 | AO29: =IF(AO28>0,AO23/AO28,0) -> 0 | AR29: =IF(AR28>0,AR23/AR28,0) -> 0
A31: Прочие материалы, (шт.)
A32: АШ-1, д14, шт. | AD32: =SUM(B32:AC32) -> 0 | AG32: =SUM(B32:J32) -> 0 | AJ32: =SUM(K32:AA32) -> 0 | AM32: =SUM(AB32:AB32) -> 0 | AP32: =SUM(AC32:AC32) -> 0
A33: АШ-2, д16, шт. | AD33: =SUM(B33:AC33) -> 0 | AG33: =SUM(B33:J33) -> 0 | AJ33: =SUM(K33:AA33) -> 0 | AM33: =SUM(AB33:AB33) -> 0 | AP33: =SUM(AC33:AC33) -> 0
A34: АШ-3, д18, шт. | AD34: =SUM(B34:AC34) -> 0 | AG34: =SUM(B34:J34) -> 0 | AJ34: =SUM(K34:AA34) -> 0 | AM34: =SUM(AB34:AB34) -> 0 | AP34: =SUM(AC34:AC34) -> 0
A35: АШ-4, д20, шт. | AD35: =SUM(B35:AC35) -> 0 | AG35: =SUM(B35:J35) -> 0 | AJ35: =SUM(K35:AA35) -> 0 | AM35: =SUM(AB35:AB35) -> 0 | AP35: =SUM(AC35:AC35) -> 0
A36: АШ-5, д22, шт. | N36: 2 | AD36: =SUM(B36:AC36) -> 2 | AG36: =SUM(B36:J36) -> 0 | AJ36: =SUM(K36:AA36) -> 2 | AM36: =SUM(AB36:AB36) -> 0 | AP36: =SUM(AC36:AC36) -> 0
A37: АШ-6, д25, шт. | K37: 4 | L37: 4 | M37: 2 | N37: 2 | O37: 4 | AD37: =SUM(B37:AC37) -> 16 | AG37: =SUM(B37:J37) -> 0 | AJ37: =SUM(K37:AA37) -> 16 | AM37: =SUM(AB37:AB37) -> 0 | AP37: =SUM(AC37:AC37) -> 0
A38: АШ-7, д28, шт. | K38: 12 | L38: 8 | M38: 10 | N38: 10 | O38: 20 | P38: 8 | Q38: 10 | R38: 8 | AD38: =SUM(B38:AC38) -> 86 | AG38: =SUM(B38:J38) -> 0 | AJ38: =SUM(K38:AA38) -> 86 | AM38: =SUM(AB38:AB38) -> 0 | AP38: =SUM(AC38:AC38) -> 0
A39: АШ-8, д32, шт. | P39: 2 | Q39: 2 | R39: 2 | AD39: =SUM(B39:AC39) -> 6 | AG39: =SUM(B39:J39) -> 0 | AJ39: =SUM(K39:AA39) -> 6 | AM39: =SUM(AB39:AB39) -> 0 | AP39: =SUM(AC39:AC39) -> 0
A40: ВН32, шт. (стыки ванной сваркой) | B40: 4 | C40: 4 | D40: 4 | E40: 4 | F40: 4 | G40: 12 | H40: 20 | I40: 20 | J40: 8 | AD40: =SUM(B40:AC40) -> 80 | AG40: =SUM(B40:J40) -> 80 | AJ40: =SUM(K40:AA40) -> 0 | AM40: =SUM(AB40:AB40) -> 0 | AP40: =SUM(AC40:AC40) -> 0
A41: ВН28, шт. (стыки ванной сваркой) | B41: 32 | C41: 22 | D41: 22 | E41: 14 | F41: 14 | K41: 8 | L41: 8 | M41: 8 | N41: 8 | O41: 8 | P41: 4 | Q41: 4 | R41: 4 | AD41: =SUM(B41:AC41) -> 156 | AG41: =SUM(B41:J41) -> 104 | AJ41: =SUM(K41:AA41) -> 52 | AM41: =SUM(AB41:AB41) -> 0 | AP41: =SUM(AC41:AC41) -> 0
A42: ВН25, шт. (стыки ванной сваркой) | B42: 8 | C42: 8 | D42: 10 | F42: 10 | S42: 40 | AD42: =SUM(B42:AC42) -> 76 | AG42: =SUM(B42:J42) -> 36 | AJ42: =SUM(K42:AA42) -> 40 | AM42: =SUM(AB42:AB42) -> 0 | AP42: =SUM(AC42:AC42) -> 0
A43: ВН22, шт. (стыки ванной сваркой) | C43: 16 | D43: 14 | F43: 6 | AD43: =SUM(B43:AC43) -> 36 | AG43: =SUM(B43:J43) -> 36 | AJ43: =SUM(K43:AA43) -> 0 | AM43: =SUM(AB43:AB43) -> 0 | AP43: =SUM(AC43:AC43) -> 0
A44: ВН20, шт. (стыки ванной сваркой) | B44: 16 | C44: 4 | D44: 8 | E44: 10 | F44: 8 | G44: 24 | H44: 40 | I44: 40 | J44: 16 | AD44: =SUM(B44:AC44) -> 166 | AG44: =SUM(B44:J44) -> 166 | AJ44: =SUM(K44:AA44) -> 0 | AM44: =SUM(AB44:AB44) -> 0 | AP44: =SUM(AC44:AC44) -> 0
A45: Ванная сварка «в инвентарных формах» (АС-19 прим.1, АС-32): число = кол-во стыков; вертикали Дм и колонн Ø≥20 — 1 стык на стержень на этаж; продольные Ø28 ригелей и Ø25 балок >11,7 м — стыки прутков.
A46: Отверстия: отдельного армирования нет — проёмы лестницы/лифта обрамлены балками 2-2, 4-4, 5-5 (учтены в «Балки плиты»).

Sheet Исходные
A1: Исходные данные, нормативы и принятые допущения
A3: Объект | B3: 5,7,9-эт. жилые дома с объектами СКБ, подземным автопаркингом и помещениями футбольной академии на 1 этажах, ул. Токомбаева (Блоки 11–15)
A4: Корпус/блок | B4: Блок 14 (проект ОсОО «Билд-Форм», стадия РП, раздел АС)
A5: Этаж/отметка | B5: 1 этаж: диафрагмы от -0.050 до +3.950; плита перекрытия на отм. +3.950 (над 1 этажом)
A6: Конструкции | B6: Диафрагмы Дм-1…Дм-5; колонны 600×600 (15 шт вне Дм); ригели рам на +3.950 (9 рам); плита перекрытия +3.950 (сетки, доп. стержни, край, балки плиты); сетки-гребёнки С-1; лестница ЛВ-1 (чертежей нет)
A7: Цель расчёта | B7: Чистый проектный расход + раскрой под прутки 11,7 м для заказа
A8: Бетон | B8: В25 (прим. АС-19, АС-34, АС-55)
A9: Арматура | B9: А500С, А240 по ГОСТ 34028-2016
A11: Параметры заказа (синим — вводимые значения)
A12: Длина стандартного прутка, м | B12: 11.7
A13: К(зап) арматура | B13: 1 | C13: в образце 1,07; по заданию запас не добавляется (1,00). Умножает массы на листах «1 этаж» и «потребность»
A14: К(зап) бетон | B14: 1 | C14: в образце 1,07; принято 1,00
A16: Теоретическая масса 1 м.п. (ГОСТ 34028-2016)
A17: Ø, мм | B17: кг/м
A18: 6 | B18: 0.222
A19: 8 | B19: 0.395
A20: 10 | B20: 0.617
A21: 12 | B21: 0.888
A22: 14 | B22: 1.208
A23: 16 | B23: 1.578
A24: 18 | B24: 1.998
A25: 20 | B25: 2.466
A26: 22 | B26: 2.984
A27: 25 | B27: 3.853
A28: 28 | B28: 4.834
A29: 32 | B29: 6.313
A31: Нахлёсты и стыки
A32: Сетки плиты Ø10 / Ø12 / Ø14 | B32: нахлёст 400 / 500 / 560 мм вразбежку (АС-58 «Деталь стыка арматуры армирования плиты»)
A33: Стержни Ø20 и более | B33: ванная сварка в инвентарных медных формах встык, без нахлёста (АС-19 прим.1; АС-34 прим.1)
A34: Стержни Ø18 и менее (вертикали Дм) | B34: нахлёст с электродуговой сваркой однофланговыми швами Lшва=8d (АС-34 прим.1) → +8d к длине
A35: Выпуски вертикалей Дм | B35: перепуск 800 и 500 мм над перекрытием (АС-34 прим.3) → длина стержня на этаж = высота этажа 4,0 м
A36: Защитный слой | B36: сетки плиты — 20 мм до оси (сеч. АС-55); торцы стержней — 25 мм (по L=1950 доп. стержней полки 2000 мм)
A38: Использованные листы (стр. PDF → лист)
A39: Стр. PDF | B39: Лист | C39: Содержание | D39: Использование
A40: 2 | B40: АС-19 | C40: Монтажная схема рам, примечания | D40: расположение Дм-1…Дм-5, число колонн, правила стыков
A41: 3–10 | B41: АС-20…АС-27 | C41: Рамы по осям А, Б, В, Г, 1, 5, 2, 3, 4 | D41: ригели +3.950: ОС, Ос (бок), привязки стержней, зоны штриховки хомутов; сечения колонн
A42: 11 | B42: АС-28 | C42: Сечения колонн 1-1…3-3, ригелей 4-4, 5-5; ведомость деталей; Фрагмент №1 | D42: колонны (4Ø32+8Ø20), ригели (4Ø28+2Ø18+2Ø16), хомуты поз.10–17
A43: 12 | B43: АС-29 | C43: Узлы «1», «2», расстановка хомутов ригелей | D43: С-1 «попарно шаг 90», высота узла 630
A44: 13 | B44: АС-30 | C44: Узлы «3»,«4»,«5»; сетка-гребёнка С-1 | D44: геометрия С-1 (7Ø10, 570 мм)
A45: 14 | B45: АС-31 | C45: Узлы «6»,«7» | D45: С-1 в узлах, узел ригель–диафрагма
A46: 15 | B46: АС-32 | C46: Схема расстановки хомутов колонн | D46: шаг хомутов колонн и Дм (100×12 у опор, 200 в середине)
A47: 16 | B47: АС-33 | C47: Таблица анкерующих шайб | D47: марки Аш-1…Аш-8 (бетон В20 и выше)
A48: 17–25 | B48: АС-34…АС-42 | C48: Дм-1…Дм-5: развертки, сечения, ведомость деталей | D48: вся арматура диафрагм
A49: 29 | B49: АС-47 | C49: План перекрытия на отм. 3.950 | D49: контур плиты, проёмы, балки, доп. Ø20 L=3000
A50: 31 | B50: АС-50 | C50: Нижняя сетка перекрытия 3.950÷14.750 | D50: осн. сетка, доп. нижние зоны
A51: 32 | B51: АС-51 | C51: Верхняя сетка перекрытия 3.950÷14.750 | D51: доп. верхние зоны, Ø12
A52: 35 | B52: АС-55 | C52: Сечения 1-1…6-6, фрагмент армирования, примечания | D52: балки, край плиты, фиксаторы, шпильки
A53: 36 | B53: АС-56 | C53: Узлы «А»,«Б»,«В» | D53: угловые Ø18 L=1200, хомуты у ригелей
A54: 37 | B54: АС-57 | C54: Схема армирования балки, узлы «1»,«2»,«Г»,«Д» | D54: шаг хомутов, анкеровка, стыки 1/3 L
A55: 38 | B55: АС-58 | C55: Деталь стыка сетки, усиление отверстий, ведомость деталей | D55: нахлёсты, хомуты балок, пешки
A56: 26–28, 30, 33, 34 | B56: АС-43, 45, 46, 48, 52, 54 | C56: Перекрытия -0.050, 7.550…21.750 | D56: сверка (не 1 этаж)
A57: 39 | B57: АС-59 | C57: Схема усиления стен 1 этажа | D57: лестница видна, ЛВ-1 не детализирована
A58: 1 | B58: АС-18 | C58: Другой объект (адм. здание, ул. Турусбекова–Пушкина) | D58: НЕ относится к Блоку 14 — не использован

Sheet Ведомость
A1: Рабочая ведомость подсчёта арматуры — Блок 14, 1 этаж (Дм-1…Дм-5, колонны, ригели, плита +3.950, С-1, ЛВ-1)
A2: Общая длина = Кол-во элементов × Стержней в 1 элементе × Длина 1 шт.; Масса = Общая длина × кг/м (кг/м — из листа «Исходные»). Синим — исходные данные из чертежей.
A4: № | B4: Этаж/отметка | C4: Конструкция | D4: Оси/участок | E4: Марка элемента | F4: Поз. | G4: Описание | H4: Ø | I4: Класс | J4: Шаг, мм | K4: Кол-во элементов | L4: Стержней в 1 элементе | M4: Длина 1 шт., м | N4: Общая длина, м | O4: кг/м | P4: Масса, кг | Q4: Основание | R4: Статус | S4: Примечание / расшифровка | T4: Группа | U4: Допущение (1/0) | V4: Колонка листа «1 этаж»
A5: 1. ДИАФРАГМЫ Дм-1…Дм-5, отм. -0.050…+3.950 (вертикали — сечения 1-1 «Подвал, 1 этаж»; горизонтали и доп. стержни — развертки)
A6: 1 | B6: 1 этаж (отм. -0.050…+3.950) | C6: Диафрагмы | D6: А/4 | E6: Дм-1 | F6: 1 | G6: Вертикальные: колонна, угловые | H6: 32 | I6: А500С | J6: — | K6: 1 | L6: 4 | M6: 4 | N6: =K6*L6*M6 -> 16 | O6: =IFERROR(INDEX(Исходные!$B$18:$B$29,MATCH(H6,Исходные!$A$18:$A$29,0)),0) -> 6.313 | P6: =N6*O6 -> 101.008 | Q6: АС-34 сеч.1-1 «Подвал, 1 этаж»; прим.1,3 | R6: по проекту | S6: стык ванной сваркой (Ø≥20), длина = высота этажа. поз.1 4Ø32 | T6: Диафрагмы | U6: 0 | V6: Дм-1
A7: 2 | B7: 1 этаж (отм. -0.050…+3.950) | C7: Диафрагмы | D7: А/4 | E7: Дм-1 | F7: 5 | G7: Вертикальные: колонна, промежуточные | H7: 20 | I7: А500С | J7: — | K7: 1 | L7: 8 | M7: 4 | N7: =K7*L7*M7 -> 32 | O7: =IFERROR(INDEX(Исходные!$B$18:$B$29,MATCH(H7,Исходные!$A$18:$A$29,0)),0) -> 2.466 | P7: =N7*O7 -> 78.912 | Q7: АС-34 сеч.1-1 «Подвал, 1 этаж»; прим.1,3 | R7: по проекту | S7: стык ванной сваркой (Ø≥20), длина = высота этажа. поз.5 8Ø20 | T7: Диафрагмы | U7: 0 | V7: Дм-1
A8: 3 | B8: 1 этаж (отм. -0.050…+3.950) | C8: Диафрагмы | D8: А/4 | E8: Дм-1 | F8: 2 | G8: Вертикальные: полка (2 торцевых эл-та × 11) | H8: 28 | I8: А500С | J8: — | K8: 1 | L8: 22 | M8: 4 | N8: =K8*L8*M8 -> 88 | O8: =IFERROR(INDEX(Исходные!$B$18:$B$29,MATCH(H8,Исходные!$A$18:$A$29,0)),0) -> 4.834 | P8: =N8*O8 -> 425.392 | Q8: АС-34 сеч.1-1 «Подвал, 1 этаж»; прим.1,3 | R8: по проекту | S8: стык ванной сваркой (Ø≥20), длина = высота этажа. выноска «6Ø28» на 6 стержней + 5 симметричных без выноски | T8: Диафрагмы | U8: 0 | V8: Дм-1
A9: 4 | B9: 1 этаж (отм. -0.050…+3.950) | C9: Диафрагмы | D9: А/4 | E9: Дм-1 | F9: 3 | G9: Вертикальные: полка, стенка (2 × 4) | H9: 25 | I9: А500С | J9: — | K9: 1 | L9: 8 | M9: 4 | N9: =K9*L9*M9 -> 32 | O9: =IFERROR(INDEX(Исходные!$B$18:$B$29,MATCH(H9,Исходные!$A$18:$A$29,0)),0) -> 3.853 | P9: =N9*O9 -> 123.296 | Q9: АС-34 сеч.1-1 «Подвал, 1 этаж»; прим.1,3 | R9: по проекту | S9: стык ванной сваркой (Ø≥20), длина = высота этажа. выноска «2Ø25» + 2 симметричных | T9: Диафрагмы | U9: 0 | V9: Дм-1
A10: 5 | B10: 1 этаж (отм. -0.050…+3.950) | C10: Диафрагмы | D10: А/4 | E10: Дм-1 | F10: 2 | G10: Вертикальные: ребро, торцевой элемент | H10: 28 | I10: А500С | J10: — | K10: 1 | L10: 10 | M10: 4 | N10: =K10*L10*M10 -> 40 | O10: =IFERROR(INDEX(Исходные!$B$18:$B$29,MATCH(H10,Исходные!$A$18:$A$29,0)),0) -> 4.834 | P10: =N10*O10 -> 193.36 | Q10: АС-34 сеч.1-1 «Подвал, 1 этаж»; прим.1,3 | R10: по проекту | S10: стык ванной сваркой (Ø≥20), длина = высота этажа. выноска «5Ø28» + 5 симметричных | T10: Диафрагмы | U10: 0 | V10: Дм-1
A11: 6 | B11: 1 этаж (отм. -0.050…+3.950) | C11: Диафрагмы | D11: А/4 | E11: Дм-1 | F11: 5 | G11: Вертикальные: ребро, стенка | H11: 20 | I11: А500С | J11: — | K11: 1 | L11: 8 | M11: 4 | N11: =K11*L11*M11 -> 32 | O11: =IFERROR(INDEX(Исходные!$B$18:$B$29,MATCH(H11,Исходные!$A$18:$A$29,0)),0) -> 2.466 | P11: =N11*O11 -> 78.912 | Q11: АС-34 сеч.1-1 «Подвал, 1 этаж»; прим.1,3 | R11: по проекту | S11: стык ванной сваркой (Ø≥20), длина = высота этажа. выноска «4Ø20» + 4 симметричных | T11: Диафрагмы | U11: 0 | V11: Дм-1
A12: 7 | B12: 1 этаж (отм. -0.050…+3.950) | C12: Диафрагмы | D12: А/4 | E12: Дм-1 | F12: 6 | G12: Вертикальные: ребро, стенка (4+4) + 1 на торце | H12: 18 | I12: А500С | J12: — | K12: 1 | L12: 9 | M12: 4.144 | N12: =K12*L12*M12 -> 37.296 | O12: =IFERROR(INDEX(Исходные!$B$18:$B$29,MATCH(H12,Исходные!$A$18:$A$29,0)),0) -> 1.998 | P12: =N12*O12 -> 74.517408 | Q12: АС-34 сеч.1-1 «Подвал, 1 этаж»; прим.1,3 | R12: по проекту | S12: нахлёст 8d со сваркой (Ø≤18), учтён в длине. выноски «4Ø18» и «1Ø18» | T12: Диафрагмы | U12: 0 | V12: Дм-1
A13: 8 | B13: 1 этаж (отм. -0.050…+3.950) | C13: Диафрагмы | D13: А/4 | E13: Дм-1 | F13: гор. | G13: Горизонтальные «Осн. стержни»: полка вдоль оси А, L=2000-2×25 | H13: 18 | I13: А500С | J13: 200 | K13: 1 | L13: 36 | M13: 1.95 | N13: =K13*L13*M13 -> 70.2 | O13: =IFERROR(INDEX(Исходные!$B$18:$B$29,MATCH(H13,Исходные!$A$18:$A$29,0)),0) -> 1.998 | P13: =N13*O13 -> 140.2596 | Q13: АС-34 развертка, шаг 200x16+100 (18 рядов × 2 грани) | R13: по геометрии (уточнить) | S13: L=1950 как у доп. стержней полки | T13: Диафрагмы | U13: 1 | V13: Дм-1
A14: 9 | B14: 1 этаж (отм. -0.050…+3.950) | C14: Диафрагмы | D14: А/4 | E14: Дм-1 | F14: гор. | G14: Горизонтальные «Осн. стержни»: ребро вдоль оси 4, L=2300-2×25 | H14: 16 | I14: А500С | J14: 200 | K14: 1 | L14: 36 | M14: 2.25 | N14: =K14*L14*M14 -> 81 | O14: =IFERROR(INDEX(Исходные!$B$18:$B$29,MATCH(H14,Исходные!$A$18:$A$29,0)),0) -> 1.578 | P14: =N14*O14 -> 127.818 | Q14: АС-34 развертка, шаг 200x16+100 (18 рядов × 2 грани) | R14: по геометрии (уточнить) | S14: ребро 1700 + колонна 600 | T14: Диафрагмы | U14: 1 | V14: Дм-1
A15: 10 | B15: 1 этаж (отм. -0.050…+3.950) | C15: Диафрагмы | D15: А/4 | E15: Дм-1 | F15: доп. | G15: Доп. стержни: полка у отм. -0.050, 10Ø20 L=1950 | H15: 20 | I15: А500С | J15: 200 | K15: 1 | L15: 10 | M15: 1.95 | N15: =K15*L15*M15 -> 19.5 | O15: =IFERROR(INDEX(Исходные!$B$18:$B$29,MATCH(H15,Исходные!$A$18:$A$29,0)),0) -> 2.466 | P15: =N15*O15 -> 48.087 | Q15: АС-34 развертка, выноска «Доп. стержень» | R15: по проекту | T15: Диафрагмы | U15: 0 | V15: Дм-1
A16: 11 | B16: 1 этаж (отм. -0.050…+3.950) | C16: Диафрагмы | D16: А/4 | E16: Дм-1 | F16: доп. | G16: Доп. стержни: ребро у отм. -0.050, 6Ø20 L=1200 | H16: 20 | I16: А500С | J16: 200 | K16: 1 | L16: 6 | M16: 1.2 | N16: =K16*L16*M16 -> 7.2 | O16: =IFERROR(INDEX(Исходные!$B$18:$B$29,MATCH(H16,Исходные!$A$18:$A$29,0)),0) -> 2.466 | P16: =N16*O16 -> 17.7552 | Q16: АС-34 развертка, выноска «Доп. стержень» | R16: по проекту | T16: Диафрагмы | U16: 0 | V16: Дм-1
A17: 12 | B17: 1 этаж (отм. -0.050…+3.950) | C17: Диафрагмы | D17: А/4 | E17: Дм-1 | F17: доп. | G17: Доп. стержни: ребро у отм. -0.050, 4Ø10 L=1200 | H17: 10 | I17: А500С | J17: 200 | K17: 1 | L17: 4 | M17: 1.2 | N17: =K17*L17*M17 -> 4.8 | O17: =IFERROR(INDEX(Исходные!$B$18:$B$29,MATCH(H17,Исходные!$A$18:$A$29,0)),0) -> 0.617 | P17: =N17*O17 -> 2.9616 | Q17: АС-34 развертка, выноска «Доп. стержень» | R17: по проекту | T17: Диафрагмы | U17: 0 | V17: Дм-1
A18: 13 | B18: 1 этаж (отм. -0.050…+3.950) | C18: Диафрагмы | D18: А/4 | E18: Дм-1 | F18: 14 | G18: П-образный стержень на торцах стенки: 3 шт/ряд × 18 рядов | H18: 10 | I18: А240 | J18: 200 | K18: 1 | L18: 54 | M18: 1.33 | N18: =K18*L18*M18 -> 71.82 | O18: =IFERROR(INDEX(Исходные!$B$18:$B$29,MATCH(H18,Исходные!$A$18:$A$29,0)),0) -> 0.617 | P18: =N18*O18 -> 44.31294 | Q18: сечение 1-1; АС-42 ведомость деталей поз.14 L=1330 | R18: по проекту | T18: Диафрагмы | U18: 0 | V18: Дм-1
A19: 14 | B19: 1 этаж (отм. -0.050…+3.950) | C19: Диафрагмы | D19: А/4 | E19: Дм-1 | F19: 12* | G19: Хомут торцевого элемента полки: 2 шт/ряд × 18 | H19: 10 | I19: А240 | J19: 200 | K19: 1 | L19: 36 | M19: 1.56 | N19: =K19*L19*M19 -> 56.16 | O19: =IFERROR(INDEX(Исходные!$B$18:$B$29,MATCH(H19,Исходные!$A$18:$A$29,0)),0) -> 0.617 | P19: =N19*O19 -> 34.65072 | Q19: сечение 1-1 «хом.Ø10 ш.200»; АС-42 ведомость деталей поз.12 L=1560 | R19: по проекту | T19: Диафрагмы | U19: 0 | V19: Дм-1
A20: 15 | B20: 1 этаж (отм. -0.050…+3.950) | C20: Диафрагмы | D20: А/4 | E20: Дм-1 | F20: 15* | G20: Хомут торцевого элемента ребра: 1 шт/ряд × 18 | H20: 10 | I20: А240 | J20: 200 | K20: 1 | L20: 18 | M20: 1.76 | N20: =K20*L20*M20 -> 31.68 | O20: =IFERROR(INDEX(Исходные!$B$18:$B$29,MATCH(H20,Исходные!$A$18:$A$29,0)),0) -> 0.617 | P20: =N20*O20 -> 19.54656 | Q20: сечение 1-1; АС-42 ведомость деталей поз.15,(15*) L=1760 | R20: по проекту | T20: Диафрагмы | U20: 0 | V20: Дм-1
A21: 16 | B21: 1 этаж (отм. -0.050…+3.950) | C21: Диафрагмы | D21: А/4 | E21: Дм-1 | F21: 10 | G21: Хомут колонны наружный (шаг 100 у опор ×12, 200 в середине) — 30 шт | H21: 8 | I21: А240 | J21: 200 | K21: 1 | L21: 30 | M21: 2.44 | N21: =K21*L21*M21 -> 73.2 | O21: =IFERROR(INDEX(Исходные!$B$18:$B$29,MATCH(H21,Исходные!$A$18:$A$29,0)),0) -> 0.395 | P21: =N21*O21 -> 28.914 | Q21: АС-32 схема хомутов колонн; АС-42 ведомость деталей поз.10 L=2440 | R21: по проекту | T21: Диафрагмы | U21: 0 | V21: Дм-1
A22: 17 | B22: 1 этаж (отм. -0.050…+3.950) | C22: Диафрагмы | D22: А/4 | E22: Дм-1 | F22: 11 | G22: Хомут колонны внутренний: 2 шт/ряд × 18 | H22: 8 | I22: А240 | J22: 200 | K22: 1 | L22: 36 | M22: 1.96 | N22: =K22*L22*M22 -> 70.56 | O22: =IFERROR(INDEX(Исходные!$B$18:$B$29,MATCH(H22,Исходные!$A$18:$A$29,0)),0) -> 0.395 | P22: =N22*O22 -> 27.8712 | Q22: сечение 1-1 «ш.200»; АС-42 ведомость деталей поз.11 L=1960 | R22: по проекту | T22: Диафрагмы | U22: 0 | V22: Дм-1
A23: 18 | B23: 1 этаж (отм. -0.050…+3.950) | C23: Диафрагмы | D23: А/4 | E23: Дм-1 | F23: 13 | G23: Шпилька ш.400 в шахм. порядке: 10 мест × 9 рядов | H23: 8 | I23: А240 | J23: 200 | K23: 1 | L23: 90 | M23: 0.53 | N23: =K23*L23*M23 -> 47.7 | O23: =IFERROR(INDEX(Исходные!$B$18:$B$29,MATCH(H23,Исходные!$A$18:$A$29,0)),0) -> 0.395 | P23: =N23*O23 -> 18.8415 | Q23: сечение 1-1, прим.6; АС-42 ведомость деталей поз.13 L=530 | R23: по проекту | T23: Диафрагмы | U23: 0 | V23: Дм-1
A24: 19 | B24: 1 этаж (отм. -0.050…+3.950) | C24: Диафрагмы | D24: А/2 | E24: Дм-2 | F24: 1 | G24: Вертикальные: колонна, угловые | H24: 32 | I24: А500С | J24: — | K24: 1 | L24: 4 | M24: 4 | N24: =K24*L24*M24 -> 16 | O24: =IFERROR(INDEX(Исходные!$B$18:$B$29,MATCH(H24,Исходные!$A$18:$A$29,0)),0) -> 6.313 | P24: =N24*O24 -> 101.008 | Q24: АС-36 сеч.1-1 «Подвал, 1 этаж»; прим.1,3 | R24: по проекту | S24: стык ванной сваркой (Ø≥20), длина = высота этажа. поз.1 4Ø32 | T24: Диафрагмы | U24: 0 | V24: Дм-2
A25: 20 | B25: 1 этаж (отм. -0.050…+3.950) | C25: Диафрагмы | D25: А/2 | E25: Дм-2 | F25: 3 | G25: Вертикальные: колонна (1 этаж — поз.3 2Ø25 + 2 симметр.) | H25: 25 | I25: А500С | J25: — | K25: 1 | L25: 4 | M25: 4 | N25: =K25*L25*M25 -> 16 | O25: =IFERROR(INDEX(Исходные!$B$18:$B$29,MATCH(H25,Исходные!$A$18:$A$29,0)),0) -> 3.853 | P25: =N25*O25 -> 61.648 | Q25: АС-36 сеч.1-1 «Подвал, 1 этаж»; прим.1,3 | R25: по проекту | S25: стык ванной сваркой (Ø≥20), длина = высота этажа. «2,(3) 2Ø28 (2Ø25)»; в скобках — 1 этаж | T25: Диафрагмы | U25: 0 | V25: Дм-2
A26: 21 | B26: 1 этаж (отм. -0.050…+3.950) | C26: Диафрагмы | D26: А/2 | E26: Дм-2 | F26: 5 | G26: Вертикальные: колонна (2Ø20 + 2 симметр.) | H26: 20 | I26: А500С | J26: — | K26: 1 | L26: 4 | M26: 4 | N26: =K26*L26*M26 -> 16 | O26: =IFERROR(INDEX(Исходные!$B$18:$B$29,MATCH(H26,Исходные!$A$18:$A$29,0)),0) -> 2.466 | P26: =N26*O26 -> 39.456 | Q26: АС-36 сеч.1-1 «Подвал, 1 этаж»; прим.1,3 | R26: по проекту | S26: стык ванной сваркой (Ø≥20), длина = высота этажа. поз.5 2Ø20 | T26: Диафрагмы | U26: 0 | V26: Дм-2
A27: 22 | B27: 1 этаж (отм. -0.050…+3.950) | C27: Диафрагмы | D27: А/2 | E27: Дм-2 | F27: 2 | G27: Вертикальные: полка, торцевой эл-т | H27: 28 | I27: А500С | J27: — | K27: 1 | L27: 11 | M27: 4 | N27: =K27*L27*M27 -> 44 | O27: =IFERROR(INDEX(Исходные!$B$18:$B$29,MATCH(H27,Исходные!$A$18:$A$29,0)),0) -> 4.834 | P27: =N27*O27 -> 212.696 | Q27: АС-36 сеч.1-1 «Подвал, 1 этаж»; прим.1,3 | R27: по проекту | S27: стык ванной сваркой (Ø≥20), длина = высота этажа. выноска «6Ø28» + 5 симметр. | T27: Диафрагмы | U27: 0 | V27: Дм-2
A28: 23 | B28: 1 этаж (отм. -0.050…+3.950) | C28: Диафрагмы | D28: А/2 | E28: Дм-2 | F28: 3 | G28: Вертикальные: полка, стенка | H28: 25 | I28: А500С | J28: — | K28: 1 | L28: 4 | M28: 4 | N28: =K28*L28*M28 -> 16 | O28: =IFERROR(INDEX(Исходные!$B$18:$B$29,MATCH(H28,Исходные!$A$18:$A$29,0)),0) -> 3.853 | P28: =N28*O28 -> 61.648 | Q28: АС-36 сеч.1-1 «Подвал, 1 этаж»; прим.1,3 | R28: по проекту | S28: стык ванной сваркой (Ø≥20), длина = высота этажа. «2Ø25» + 2 симметр. | T28: Диафрагмы | U28: 0 | V28: Дм-2
A29: 24 | B29: 1 этаж (отм. -0.050…+3.950) | C29: Диафрагмы | D29: А/2 | E29: Дм-2 | F29: 2 | G29: Вертикальные: ребро, торцевой эл-т | H29: 28 | I29: А500С | J29: — | K29: 1 | L29: 11 | M29: 4 | N29: =K29*L29*M29 -> 44 | O29: =IFERROR(INDEX(Исходные!$B$18:$B$29,MATCH(H29,Исходные!$A$18:$A$29,0)),0) -> 4.834 | P29: =N29*O29 -> 212.696 | Q29: АС-36 сеч.1-1 «Подвал, 1 этаж»; прим.1,3 | R29: по проекту | S29: стык ванной сваркой (Ø≥20), длина = высота этажа. выноска «6Ø28» + 5 симметр. | T29: Диафрагмы | U29: 0 | V29: Дм-2
A30: 25 | B30: 1 этаж (отм. -0.050…+3.950) | C30: Диафрагмы | D30: А/2 | E30: Дм-2 | F30: 4 | G30: Вертикальные: ребро, стенка | H30: 22 | I30: А500С | J30: — | K30: 1 | L30: 16 | M30: 4 | N30: =K30*L30*M30 -> 64 | O30: =IFERROR(INDEX(Исходные!$B$18:$B$29,MATCH(H30,Исходные!$A$18:$A$29,0)),0) -> 2.984 | P30: =N30*O30 -> 190.976 | Q30: АС-36 сеч.1-1 «Подвал, 1 этаж»; прим.1,3 | R30: по проекту | S30: стык ванной сваркой (Ø≥20), длина = высота этажа. две выноски «4Ø22» + 8 симметр. | T30: Диафрагмы | U30: 0 | V30: Дм-2
A31: 26 | B31: 1 этаж (отм. -0.050…+3.950) | C31: Диафрагмы | D31: А/2 | E31: Дм-2 | F31: гор. | G31: Горизонтальные «Осн. стержни»: полка вдоль оси А, L=1300-2×25 | H31: 16 | I31: А500С | J31: 200 | K31: 1 | L31: 36 | M31: 1.25 | N31: =K31*L31*M31 -> 45 | O31: =IFERROR(INDEX(Исходные!$B$18:$B$29,MATCH(H31,Исходные!$A$18:$A$29,0)),0) -> 1.578 | P31: =N31*O31 -> 71.01 | Q31: АС-36 развертка, шаг 200x16+100 (18 рядов × 2 грани) | R31: по геометрии (уточнить) | S31: L=1250 как у доп. стержней полки | T31: Диафрагмы | U31: 1 | V31: Дм-2
A32: 27 | B32: 1 этаж (отм. -0.050…+3.950) | C32: Диафрагмы | D32: А/2 | E32: Дм-2 | F32: гор. | G32: Горизонтальные «Осн. стержни»: ребро вдоль оси 2, L=2300-2×25 | H32: 16 | I32: А500С | J32: 200 | K32: 1 | L32: 36 | M32: 2.25 | N32: =K32*L32*M32 -> 81 | O32: =IFERROR(INDEX(Исходные!$B$18:$B$29,MATCH(H32,Исходные!$A$18:$A$29,0)),0) -> 1.578 | P32: =N32*O32 -> 127.818 | Q32: АС-36 развертка, шаг 200x16+100 (18 рядов × 2 грани) | R32: по геометрии (уточнить) | T32: Диафрагмы | U32: 1 | V32: Дм-2
A33: 28 | B33: 1 этаж (отм. -0.050…+3.950) | C33: Диафрагмы | D33: А/2 | E33: Дм-2 | F33: доп. | G33: Доп. стержни: ребро у отм. -0.050, 10Ø20 L=1200 | H33: 20 | I33: А500С | J33: 200 | K33: 1 | L33: 10 | M33: 1.2 | N33: =K33*L33*M33 -> 12 | O33: =IFERROR(INDEX(Исходные!$B$18:$B$29,MATCH(H33,Исходные!$A$18:$A$29,0)),0) -> 2.466 | P33: =N33*O33 -> 29.592 | Q33: АС-36 развертка, выноска «Доп. стержень» | R33: по проекту | T33: Диафрагмы | U33: 0 | V33: Дм-2
A34: 29 | B34: 1 этаж (отм. -0.050…+3.950) | C34: Диафрагмы | D34: А/2 | E34: Дм-2 | F34: 14 | G34: П-образный стержень на торцах стенки: 2 шт/ряд × 18 рядов | H34: 10 | I34: А240 | J34: 200 | K34: 1 | L34: 36 | M34: 1.33 | N34: =K34*L34*M34 -> 47.88 | O34: =IFERROR(INDEX(Исходные!$B$18:$B$29,MATCH(H34,Исходные!$A$18:$A$29,0)),0) -> 0.617 | P34: =N34*O34 -> 29.54196 | Q34: сечение 1-1; АС-42 ведомость деталей поз.14 L=1330 | R34: по проекту | T34: Диафрагмы | U34: 0 | V34: Дм-2
A35: 30 | B35: 1 этаж (отм. -0.050…+3.950) | C35: Диафрагмы | D35: А/2 | E35: Дм-2 | F35: 12* | G35: Хомут торцевого элемента полки: 1 шт/ряд × 18 | H35: 10 | I35: А240 | J35: 200 | K35: 1 | L35: 18 | M35: 1.56 | N35: =K35*L35*M35 -> 28.08 | O35: =IFERROR(INDEX(Исходные!$B$18:$B$29,MATCH(H35,Исходные!$A$18:$A$29,0)),0) -> 0.617 | P35: =N35*O35 -> 17.32536 | Q35: сечение 1-1 «хом.Ø10 ш.200»; АС-42 ведомость деталей поз.12 L=1560 | R35: по проекту | T35: Диафрагмы | U35: 0 | V35: Дм-2
A36: 31 | B36: 1 этаж (отм. -0.050…+3.950) | C36: Диафрагмы | D36: А/2 | E36: Дм-2 | F36: 15* | G36: Хомут торцевого элемента ребра: 1 шт/ряд × 18 | H36: 10 | I36: А240 | J36: 200 | K36: 1 | L36: 18 | M36: 1.76 | N36: =K36*L36*M36 -> 31.68 | O36: =IFERROR(INDEX(Исходные!$B$18:$B$29,MATCH(H36,Исходные!$A$18:$A$29,0)),0) -> 0.617 | P36: =N36*O36 -> 19.54656 | Q36: сечение 1-1; АС-42 ведомость деталей поз.15,(15*) L=1760 | R36: по проекту | T36: Диафрагмы | U36: 0 | V36: Дм-2
A37: 32 | B37: 1 этаж (отм. -0.050…+3.950) | C37: Диафрагмы | D37: А/2 | E37: Дм-2 | F37: 10 | G37: Хомут колонны наружный (шаг 100 у опор ×12, 200 в середине) — 30 шт | H37: 8 | I37: А240 | J37: 200 | K37: 1 | L37: 30 | M37: 2.44 | N37: =K37*L37*M37 -> 73.2 | O37: =IFERROR(INDEX(Исходные!$B$18:$B$29,MATCH(H37,Исходные!$A$18:$A$29,0)),0) -> 0.395 | P37: =N37*O37 -> 28.914 | Q37: АС-32 схема хомутов колонн; АС-42 ведомость деталей поз.10 L=2440 | R37: по проекту | T37: Диафрагмы | U37: 0 | V37: Дм-2
A38: 33 | B38: 1 этаж (отм. -0.050…+3.950) | C38: Диафрагмы | D38: А/2 | E38: Дм-2 | F38: 11 | G38: Хомут колонны внутренний: 2 шт/ряд × 18 | H38: 8 | I38: А240 | J38: 200 | K38: 1 | L38: 36 | M38: 1.96 | N38: =K38*L38*M38 -> 70.56 | O38: =IFERROR(INDEX(Исходные!$B$18:$B$29,MATCH(H38,Исходные!$A$18:$A$29,0)),0) -> 0.395 | P38: =N38*O38 -> 27.8712 | Q38: сечение 1-1 «ш.200»; АС-42 ведомость деталей поз.11 L=1960 | R38: по проекту | T38: Диафрагмы | U38: 0 | V38: Дм-2
A39: 34 | B39: 1 этаж (отм. -0.050…+3.950) | C39: Диафрагмы | D39: А/2 | E39: Дм-2 | F39: 13 | G39: Шпилька ш.400 в шахм. порядке: 7 мест × 9 рядов | H39: 8 | I39: А240 | J39: 200 | K39: 1 | L39: 63 | M39: 0.53 | N39: =K39*L39*M39 -> 33.39 | O39: =IFERROR(INDEX(Исходные!$B$18:$B$29,MATCH(H39,Исходные!$A$18:$A$29,0)),0) -> 0.395 | P39: =N39*O39 -> 13.18905 | Q39: сечение 1-1, прим.6; АС-42 ведомость деталей поз.13 L=530 | R39: по проекту | T39: Диафрагмы | U39: 0 | V39: Дм-2
A40: 35 | B40: 1 этаж (отм. -0.050…+3.950) | C40: Диафрагмы | D40: Г/2 | E40: Дм-3 | F40: 1 | G40: Вертикальные: колонна, угловые | H40: 32 | I40: А500С | J40: — | K40: 1 | L40: 4 | M40: 4 | N40: =K40*L40*M40 -> 16 | O40: =IFERROR(INDEX(Исходные!$B$18:$B$29,MATCH(H40,Исходные!$A$18:$A$29,0)),0) -> 6.313 | P40: =N40*O40 -> 101.008 | Q40: АС-38 сеч.1-1 «Подвал, 1 этаж»; прим.1,3 | R40: по проекту | S40: стык ванной сваркой (Ø≥20), длина = высота этажа. поз.1 | T40: Диафрагмы | U40: 0 | V40: Дм-3
A41: 36 | B41: 1 этаж (отм. -0.050…+3.950) | C41: Диафрагмы | D41: Г/2 | E41: Дм-3 | F41: 5 | G41: Вертикальные: колонна, промежуточные | H41: 20 | I41: А500С | J41: — | K41: 1 | L41: 8 | M41: 4 | N41: =K41*L41*M41 -> 32 | O41: =IFERROR(INDEX(Исходные!$B$18:$B$29,MATCH(H41,Исходные!$A$18:$A$29,0)),0) -> 2.466 | P41: =N41*O41 -> 78.912 | Q41: АС-38 сеч.1-1 «Подвал, 1 этаж»; прим.1,3 | R41: по проекту | S41: стык ванной сваркой (Ø≥20), длина = высота этажа. поз.5 8Ø20 | T41: Диафрагмы | U41: 0 | V41: Дм-3
A42: 37 | B42: 1 этаж (отм. -0.050…+3.950) | C42: Диафрагмы | D42: Г/2 | E42: Дм-3 | F42: 2 | G42: Вертикальные: полка (2 торцевых эл-та × 11) | H42: 28 | I42: А500С | J42: — | K42: 1 | L42: 22 | M42: 4 | N42: =K42*L42*M42 -> 88 | O42: =IFERROR(INDEX(Исходные!$B$18:$B$29,MATCH(H42,Исходные!$A$18:$A$29,0)),0) -> 4.834 | P42: =N42*O42 -> 425.392 | Q42: АС-38 сеч.1-1 «Подвал, 1 этаж»; прим.1,3 | R42: по проекту | S42: стык ванной сваркой (Ø≥20), длина = высота этажа. «6Ø28» + 5 симметр. в каждом | T42: Диафрагмы | U42: 0 | V42: Дм-3
A43: 38 | B43: 1 этаж (отм. -0.050…+3.950) | C43: Диафрагмы | D43: Г/2 | E43: Дм-3 | F43: 4 | G43: Вертикальные: полка, стенка (2 × 4) | H43: 22 | I43: А500С | J43: — | K43: 1 | L43: 8 | M43: 4 | N43: =K43*L43*M43 -> 32 | O43: =IFERROR(INDEX(Исходные!$B$18:$B$29,MATCH(H43,Исходные!$A$18:$A$29,0)),0) -> 2.984 | P43: =N43*O43 -> 95.488 | Q43: АС-38 сеч.1-1 «Подвал, 1 этаж»; прим.1,3 | R43: по проекту | S43: стык ванной сваркой (Ø≥20), длина = высота этажа. «2Ø22» + 2 симметр. | T43: Диафрагмы | U43: 0 | V43: Дм-3
A44: 39 | B44: 1 этаж (отм. -0.050…+3.950) | C44: Диафрагмы | D44: Г/2 | E44: Дм-3 | F44: 4 | G44: Вертикальные: ребро, стенка | H44: 22 | I44: А500С | J44: — | K44: 1 | L44: 6 | M44: 4 | N44: =K44*L44*M44 -> 24 | O44: =IFERROR(INDEX(Исходные!$B$18:$B$29,MATCH(H44,Исходные!$A$18:$A$29,0)),0) -> 2.984 | P44: =N44*O44 -> 71.616 | Q44: АС-38 сеч.1-1 «Подвал, 1 этаж»; прим.1,3 | R44: по проекту | S44: стык ванной сваркой (Ø≥20), длина = высота этажа. «3Ø22» + 3 симметр. | T44: Диафрагмы | U44: 0 | V44: Дм-3
A45: 40 | B45: 1 этаж (отм. -0.050…+3.950) | C45: Диафрагмы | D45: Г/2 | E45: Дм-3 | F45: 3 | G45: Вертикальные: ребро, торцевой эл-т | H45: 25 | I45: А500С | J45: — | K45: 1 | L45: 10 | M45: 4 | N45: =K45*L45*M45 -> 40 | O45: =IFERROR(INDEX(Исходные!$B$18:$B$29,MATCH(H45,Исходные!$A$18:$A$29,0)),0) -> 3.853 | P45: =N45*O45 -> 154.12 | Q45: АС-38 сеч.1-1 «Подвал, 1 этаж»; прим.1,3 | R45: по проекту | S45: стык ванной сваркой (Ø≥20), длина = высота этажа. «5Ø25» + 5 симметр. | T45: Диафрагмы | U45: 0 | V45: Дм-3
A46: 41 | B46: 1 этаж (отм. -0.050…+3.950) | C46: Диафрагмы | D46: Г/2 | E46: Дм-3 | F46: 6 | G46: Вертикальные: ребро, торец | H46: 18 | I46: А500С | J46: — | K46: 1 | L46: 1 | M46: 4.144 | N46: =K46*L46*M46 -> 4.144 | O46: =IFERROR(INDEX(Исходные!$B$18:$B$29,MATCH(H46,Исходные!$A$18:$A$29,0)),0) -> 1.998 | P46: =N46*O46 -> 8.279712 | Q46: АС-38 сеч.1-1 «Подвал, 1 этаж»; прим.1,3 | R46: по проекту | S46: нахлёст 8d со сваркой (Ø≤18), учтён в длине. «1Ø18» | T46: Диафрагмы | U46: 0 | V46: Дм-3
A47: 42 | B47: 1 этаж (отм. -0.050…+3.950) | C47: Диафрагмы | D47: Г/2 | E47: Дм-3 | F47: гор. | G47: Горизонтальные «Осн. стержни»: полка вдоль оси Г, L=2000-2×25 | H47: 16 | I47: А500С | J47: 200 | K47: 1 | L47: 36 | M47: 1.95 | N47: =K47*L47*M47 -> 70.2 | O47: =IFERROR(INDEX(Исходные!$B$18:$B$29,MATCH(H47,Исходные!$A$18:$A$29,0)),0) -> 1.578 | P47: =N47*O47 -> 110.7756 | Q47: АС-38 развертка, шаг 200x16+100 (18 рядов × 2 грани) | R47: по геометрии (уточнить) | T47: Диафрагмы | U47: 1 | V47: Дм-3
A48: 43 | B48: 1 этаж (отм. -0.050…+3.950) | C48: Диафрагмы | D48: Г/2 | E48: Дм-3 | F48: гор. | G48: Горизонтальные «Осн. стержни»: ребро вдоль оси 2, L=1500-2×25 | H48: 14 | I48: А500С | J48: 200 | K48: 1 | L48: 36 | M48: 1.45 | N48: =K48*L48*M48 -> 52.2 | O48: =IFERROR(INDEX(Исходные!$B$18:$B$29,MATCH(H48,Исходные!$A$18:$A$29,0)),0) -> 1.208 | P48: =N48*O48 -> 63.0576 | Q48: АС-38 развертка, шаг 200x16+100 (18 рядов × 2 грани) | R48: по геометрии (уточнить) | S48: L=1450 как у доп. стержней | T48: Диафрагмы | U48: 1 | V48: Дм-3
A49: 44 | B49: 1 этаж (отм. -0.050…+3.950) | C49: Диафрагмы | D49: Г/2 | E49: Дм-3 | F49: доп. | G49: Доп. стержни: полка у отм. -0.050, 10Ø22 L=1300 | H49: 22 | I49: А500С | J49: 200 | K49: 1 | L49: 10 | M49: 1.3 | N49: =K49*L49*M49 -> 13 | O49: =IFERROR(INDEX(Исходные!$B$18:$B$29,MATCH(H49,Исходные!$A$18:$A$29,0)),0) -> 2.984 | P49: =N49*O49 -> 38.792 | Q49: АС-38 развертка, выноска «Доп. стержень» | R49: по проекту | T49: Диафрагмы | U49: 0 | V49: Дм-3
A50: 45 | B50: 1 этаж (отм. -0.050…+3.950) | C50: Диафрагмы | D50: Г/2 | E50: Дм-3 | F50: доп. | G50: Доп. стержни: ребро у отм. -0.050, 10Ø18 L=1450 | H50: 18 | I50: А500С | J50: 200 | K50: 1 | L50: 10 | M50: 1.45 | N50: =K50*L50*M50 -> 14.5 | O50: =IFERROR(INDEX(Исходные!$B$18:$B$29,MATCH(H50,Исходные!$A$18:$A$29,0)),0) -> 1.998 | P50: =N50*O50 -> 28.971 | Q50: АС-38 развертка, выноска «Доп. стержень» | R50: по проекту | T50: Диафрагмы | U50: 0 | V50: Дм-3
A51: 46 | B51: 1 этаж (отм. -0.050…+3.950) | C51: Диафрагмы | D51: Г/2 | E51: Дм-3 | F51: доп. | G51: Доп. стержни: вертикальные у отм. +3.950 «по 4Ø16 L=1600» × 2 места | H51: 16 | I51: А500С | J51: 200 | K51: 1 | L51: 8 | M51: 1.6 | N51: =K51*L51*M51 -> 12.8 | O51: =IFERROR(INDEX(Исходные!$B$18:$B$29,MATCH(H51,Исходные!$A$18:$A$29,0)),0) -> 1.578 | P51: =N51*O51 -> 20.1984 | Q51: АС-38 развертка, выноска «Доп. стержень» | R51: по проекту | T51: Диафрагмы | U51: 0 | V51: Дм-3
A52: 47 | B52: 1 этаж (отм. -0.050…+3.950) | C52: Диафрагмы | D52: Г/2 | E52: Дм-3 | F52: 14 | G52: П-образный стержень на торцах стенки: 3 шт/ряд × 18 рядов | H52: 10 | I52: А240 | J52: 200 | K52: 1 | L52: 54 | M52: 1.33 | N52: =K52*L52*M52 -> 71.82 | O52: =IFERROR(INDEX(Исходные!$B$18:$B$29,MATCH(H52,Исходные!$A$18:$A$29,0)),0) -> 0.617 | P52: =N52*O52 -> 44.31294 | Q52: сечение 1-1; АС-42 ведомость деталей поз.14 L=1330 | R52: по проекту | T52: Диафрагмы | U52: 0 | V52: Дм-3
A53: 48 | B53: 1 этаж (отм. -0.050…+3.950) | C53: Диафрагмы | D53: Г/2 | E53: Дм-3 | F53: 12* | G53: Хомут торцевого элемента полки: 2 шт/ряд × 18 | H53: 10 | I53: А240 | J53: 200 | K53: 1 | L53: 36 | M53: 1.56 | N53: =K53*L53*M53 -> 56.16 | O53: =IFERROR(INDEX(Исходные!$B$18:$B$29,MATCH(H53,Исходные!$A$18:$A$29,0)),0) -> 0.617 | P53: =N53*O53 -> 34.65072 | Q53: сечение 1-1 «хом.Ø10 ш.200»; АС-42 ведомость деталей поз.12 L=1560 | R53: по проекту | T53: Диафрагмы | U53: 0 | V53: Дм-3
A54: 49 | B54: 1 этаж (отм. -0.050…+3.950) | C54: Диафрагмы | D54: Г/2 | E54: Дм-3 | F54: 15 | G54: Хомут торцевого элемента ребра: 1 шт/ряд × 18 | H54: 8 | I54: А240 | J54: 200 | K54: 1 | L54: 18 | M54: 1.76 | N54: =K54*L54*M54 -> 31.68 | O54: =IFERROR(INDEX(Исходные!$B$18:$B$29,MATCH(H54,Исходные!$A$18:$A$29,0)),0) -> 0.395 | P54: =N54*O54 -> 12.5136 | Q54: сечение 1-1; АС-42 ведомость деталей поз.15,(15*) L=1760 | R54: по проекту | T54: Диафрагмы | U54: 0 | V54: Дм-3
A55: 50 | B55: 1 этаж (отм. -0.050…+3.950) | C55: Диафрагмы | D55: Г/2 | E55: Дм-3 | F55: 10 | G55: Хомут колонны наружный (шаг 100 у опор ×12, 200 в середине) — 30 шт | H55: 8 | I55: А240 | J55: 200 | K55: 1 | L55: 30 | M55: 2.44 | N55: =K55*L55*M55 -> 73.2 | O55: =IFERROR(INDEX(Исходные!$B$18:$B$29,MATCH(H55,Исходные!$A$18:$A$29,0)),0) -> 0.395 | P55: =N55*O55 -> 28.914 | Q55: АС-32 схема хомутов колонн; АС-42 ведомость деталей поз.10 L=2440 | R55: по проекту | T55: Диафрагмы | U55: 0 | V55: Дм-3
A56: 51 | B56: 1 этаж (отм. -0.050…+3.950) | C56: Диафрагмы | D56: Г/2 | E56: Дм-3 | F56: 11 | G56: Хомут колонны внутренний: 2 шт/ряд × 18 | H56: 8 | I56: А240 | J56: 200 | K56: 1 | L56: 36 | M56: 1.96 | N56: =K56*L56*M56 -> 70.56 | O56: =IFERROR(INDEX(Исходные!$B$18:$B$29,MATCH(H56,Исходные!$A$18:$A$29,0)),0) -> 0.395 | P56: =N56*O56 -> 27.8712 | Q56: сечение 1-1 «ш.200»; АС-42 ведомость деталей поз.11 L=1960 | R56: по проекту | T56: Диафрагмы | U56: 0 | V56: Дм-3
A57: 52 | B57: 1 этаж (отм. -0.050…+3.950) | C57: Диафрагмы | D57: Г/2 | E57: Дм-3 | F57: 13 | G57: Шпилька ш.400 в шахм. порядке: 9 мест × 9 рядов | H57: 8 | I57: А240 | J57: 200 | K57: 1 | L57: 81 | M57: 0.53 | N57: =K57*L57*M57 -> 42.93 | O57: =IFERROR(INDEX(Исходные!$B$18:$B$29,MATCH(H57,Исходные!$A$18:$A$29,0)),0) -> 0.395 | P57: =N57*O57 -> 16.95735 | Q57: сечение 1-1, прим.6; АС-42 ведомость деталей поз.13 L=530 | R57: по проекту | T57: Диафрагмы | U57: 0 | V57: Дм-3
A58: 53 | B58: 1 этаж (отм. -0.050…+3.950) | C58: Диафрагмы | D58: Г/3 | E58: Дм-4 | F58: 1 | G58: Вертикальные: колонна, угловые | H58: 32 | I58: А500С | J58: — | K58: 1 | L58: 4 | M58: 4 | N58: =K58*L58*M58 -> 16 | O58: =IFERROR(INDEX(Исходные!$B$18:$B$29,MATCH(H58,Исходные!$A$18:$A$29,0)),0) -> 6.313 | P58: =N58*O58 -> 101.008 | Q58: АС-40 сеч.1-1 «Подвал, 1 этаж»; прим.1,3 | R58: по проекту | S58: стык ванной сваркой (Ø≥20), длина = высота этажа. поз.1 | T58: Диафрагмы | U58: 0 | V58: Дм-4
A59: 54 | B59: 1 этаж (отм. -0.050…+3.950) | C59: Диафрагмы | D59: Г/3 | E59: Дм-4 | F59: 2 | G59: Вертикальные: колонна (2Ø28 + 2 симметр.) | H59: 28 | I59: А500С | J59: — | K59: 1 | L59: 4 | M59: 4 | N59: =K59*L59*M59 -> 16 | O59: =IFERROR(INDEX(Исходные!$B$18:$B$29,MATCH(H59,Исходные!$A$18:$A$29,0)),0) -> 4.834 | P59: =N59*O59 -> 77.344 | Q59: АС-40 сеч.1-1 «Подвал, 1 этаж»; прим.1,3 | R59: по проекту | S59: стык ванной сваркой (Ø≥20), длина = высота этажа. поз.2 2Ø28 | T59: Диафрагмы | U59: 0 | V59: Дм-4
A60: 55 | B60: 1 этаж (отм. -0.050…+3.950) | C60: Диафрагмы | D60: Г/3 | E60: Дм-4 | F60: 5 | G60: Вертикальные: колонна (2Ø20 + 2 симметр.) | H60: 20 | I60: А500С | J60: — | K60: 1 | L60: 4 | M60: 4 | N60: =K60*L60*M60 -> 16 | O60: =IFERROR(INDEX(Исходные!$B$18:$B$29,MATCH(H60,Исходные!$A$18:$A$29,0)),0) -> 2.466 | P60: =N60*O60 -> 39.456 | Q60: АС-40 сеч.1-1 «Подвал, 1 этаж»; прим.1,3 | R60: по проекту | S60: стык ванной сваркой (Ø≥20), длина = высота этажа. поз.5 2Ø20 | T60: Диафрагмы | U60: 0 | V60: Дм-4
A61: 56 | B61: 1 этаж (отм. -0.050…+3.950) | C61: Диафрагмы | D61: Г/3 | E61: Дм-4 | F61: 5 | G61: Вертикальные: стенка | H61: 20 | I61: А500С | J61: — | K61: 1 | L61: 6 | M61: 4 | N61: =K61*L61*M61 -> 24 | O61: =IFERROR(INDEX(Исходные!$B$18:$B$29,MATCH(H61,Исходные!$A$18:$A$29,0)),0) -> 2.466 | P61: =N61*O61 -> 59.184 | Q61: АС-40 сеч.1-1 «Подвал, 1 этаж»; прим.1,3 | R61: по проекту | S61: стык ванной сваркой (Ø≥20), длина = высота этажа. «3Ø20» + 3 симметр. | T61: Диафрагмы | U61: 0 | V61: Дм-4
A62: 57 | B62: 1 этаж (отм. -0.050…+3.950) | C62: Диафрагмы | D62: Г/3 | E62: Дм-4 | F62: 2 | G62: Вертикальные: торцевой эл-т | H62: 28 | I62: А500С | J62: — | K62: 1 | L62: 10 | M62: 4 | N62: =K62*L62*M62 -> 40 | O62: =IFERROR(INDEX(Исходные!$B$18:$B$29,MATCH(H62,Исходные!$A$18:$A$29,0)),0) -> 4.834 | P62: =N62*O62 -> 193.36 | Q62: АС-40 сеч.1-1 «Подвал, 1 этаж»; прим.1,3 | R62: по проекту | S62: стык ванной сваркой (Ø≥20), длина = высота этажа. «5Ø28» + 5 симметр. | T62: Диафрагмы | U62: 0 | V62: Дм-4
A63: 58 | B63: 1 этаж (отм. -0.050…+3.950) | C63: Диафрагмы | D63: Г/3 | E63: Дм-4 | F63: гор. | G63: Горизонтальные «Осн. стержни»: вдоль оси Г, L=1500-2×25 | H63: 16 | I63: А500С | J63: 200 | K63: 1 | L63: 36 | M63: 1.45 | N63: =K63*L63*M63 -> 52.2 | O63: =IFERROR(INDEX(Исходные!$B$18:$B$29,MATCH(H63,Исходные!$A$18:$A$29,0)),0) -> 1.578 | P63: =N63*O63 -> 82.3716 | Q63: АС-40 развертка, шаг 200x16+100 (18 рядов × 2 грани) | R63: по геометрии (уточнить) | T63: Диафрагмы | U63: 1 | V63: Дм-4
A64: 59 | B64: 1 этаж (отм. -0.050…+3.950) | C64: Диафрагмы | D64: Г/3 | E64: Дм-4 | F64: доп. | G64: Доп. стержни: у отм. -0.050, 10Ø18 L=1450 | H64: 18 | I64: А500С | J64: 200 | K64: 1 | L64: 10 | M64: 1.45 | N64: =K64*L64*M64 -> 14.5 | O64: =IFERROR(INDEX(Исходные!$B$18:$B$29,MATCH(H64,Исходные!$A$18:$A$29,0)),0) -> 1.998 | P64: =N64*O64 -> 28.971 | Q64: АС-40 развертка, выноска «Доп. стержень» | R64: по проекту | T64: Диафрагмы | U64: 0 | V64: Дм-4
A65: 60 | B65: 1 этаж (отм. -0.050…+3.950) | C65: Диафрагмы | D65: Г/3 | E65: Дм-4 | F65: 14 | G65: П-образный стержень на торцах стенки: 1 шт/ряд × 18 рядов | H65: 10 | I65: А240 | J65: 200 | K65: 1 | L65: 18 | M65: 1.33 | N65: =K65*L65*M65 -> 23.94 | O65: =IFERROR(INDEX(Исходные!$B$18:$B$29,MATCH(H65,Исходные!$A$18:$A$29,0)),0) -> 0.617 | P65: =N65*O65 -> 14.77098 | Q65: сечение 1-1; АС-42 ведомость деталей поз.14 L=1330 | R65: по проекту | T65: Диафрагмы | U65: 0 | V65: Дм-4
A66: 61 | B66: 1 этаж (отм. -0.050…+3.950) | C66: Диафрагмы | D66: Г/3 | E66: Дм-4 | F66: 15* | G66: Хомут торцевого элемента ребра: 1 шт/ряд × 18 | H66: 10 | I66: А240 | J66: 200 | K66: 1 | L66: 18 | M66: 1.76 | N66: =K66*L66*M66 -> 31.68 | O66: =IFERROR(INDEX(Исходные!$B$18:$B$29,MATCH(H66,Исходные!$A$18:$A$29,0)),0) -> 0.617 | P66: =N66*O66 -> 19.54656 | Q66: сечение 1-1; АС-42 ведомость деталей поз.15,(15*) L=1760 | R66: по проекту | T66: Диафрагмы | U66: 0 | V66: Дм-4
A67: 62 | B67: 1 этаж (отм. -0.050…+3.950) | C67: Диафрагмы | D67: Г/3 | E67: Дм-4 | F67: 10 | G67: Хомут колонны наружный (шаг 100 у опор ×12, 200 в середине) — 30 шт | H67: 8 | I67: А240 | J67: 200 | K67: 1 | L67: 30 | M67: 2.44 | N67: =K67*L67*M67 -> 73.2 | O67: =IFERROR(INDEX(Исходные!$B$18:$B$29,MATCH(H67,Исходные!$A$18:$A$29,0)),0) -> 0.395 | P67: =N67*O67 -> 28.914 | Q67: АС-32 схема хомутов колонн; АС-42 ведомость деталей поз.10 L=2440 | R67: по проекту | T67: Диафрагмы | U67: 0 | V67: Дм-4
A68: 63 | B68: 1 этаж (отм. -0.050…+3.950) | C68: Диафрагмы | D68: Г/3 | E68: Дм-4 | F68: 11 | G68: Хомут колонны внутренний: 2 шт/ряд × 18 | H68: 8 | I68: А240 | J68: 200 | K68: 1 | L68: 36 | M68: 1.96 | N68: =K68*L68*M68 -> 70.56 | O68: =IFERROR(INDEX(Исходные!$B$18:$B$29,MATCH(H68,Исходные!$A$18:$A$29,0)),0) -> 0.395 | P68: =N68*O68 -> 27.8712 | Q68: сечение 1-1 «ш.200»; АС-42 ведомость деталей поз.11 L=1960 | R68: по проекту | T68: Диафрагмы | U68: 0 | V68: Дм-4
A69: 64 | B69: 1 этаж (отм. -0.050…+3.950) | C69: Диафрагмы | D69: Г/3 | E69: Дм-4 | F69: 13 | G69: Шпилька ш.400 в шахм. порядке: 4 мест × 9 рядов | H69: 8 | I69: А240 | J69: 200 | K69: 1 | L69: 36 | M69: 0.53 | N69: =K69*L69*M69 -> 19.08 | O69: =IFERROR(INDEX(Исходные!$B$18:$B$29,MATCH(H69,Исходные!$A$18:$A$29,0)),0) -> 0.395 | P69: =N69*O69 -> 7.5366 | Q69: сечение 1-1, прим.6; АС-42 ведомость деталей поз.13 L=530 | R69: по проекту | T69: Диафрагмы | U69: 0 | V69: Дм-4
A70: 65 | B70: 1 этаж (отм. -0.050…+3.950) | C70: Диафрагмы | D70: Г/4 | E70: Дм-5 | F70: 1 | G70: Вертикальные: колонна, угловые | H70: 32 | I70: А500С | J70: — | K70: 1 | L70: 4 | M70: 4 | N70: =K70*L70*M70 -> 16 | O70: =IFERROR(INDEX(Исходные!$B$18:$B$29,MATCH(H70,Исходные!$A$18:$A$29,0)),0) -> 6.313 | P70: =N70*O70 -> 101.008 | Q70: АС-41 сеч.1-1 «Подвал, 1 этаж»; прим.1,3 | R70: по проекту | S70: стык ванной сваркой (Ø≥20), длина = высота этажа. поз.1 | T70: Диафрагмы | U70: 0 | V70: Дм-5
A71: 66 | B71: 1 этаж (отм. -0.050…+3.950) | C71: Диафрагмы | D71: Г/4 | E71: Дм-5 | F71: 2 | G71: Вертикальные: колонна (2Ø28 + 2 симметр.) | H71: 28 | I71: А500С | J71: — | K71: 1 | L71: 4 | M71: 4 | N71: =K71*L71*M71 -> 16 | O71: =IFERROR(INDEX(Исходные!$B$18:$B$29,MATCH(H71,Исходные!$A$18:$A$29,0)),0) -> 4.834 | P71: =N71*O71 -> 77.344 | Q71: АС-41 сеч.1-1 «Подвал, 1 этаж»; прим.1,3 | R71: по проекту | S71: стык ванной сваркой (Ø≥20), длина = высота этажа. поз.2 | T71: Диафрагмы | U71: 0 | V71: Дм-5
A72: 67 | B72: 1 этаж (отм. -0.050…+3.950) | C72: Диафрагмы | D72: Г/4 | E72: Дм-5 | F72: 5 | G72: Вертикальные: колонна (2Ø20 + 2 симметр.) | H72: 20 | I72: А500С | J72: — | K72: 1 | L72: 4 | M72: 4 | N72: =K72*L72*M72 -> 16 | O72: =IFERROR(INDEX(Исходные!$B$18:$B$29,MATCH(H72,Исходные!$A$18:$A$29,0)),0) -> 2.466 | P72: =N72*O72 -> 39.456 | Q72: АС-41 сеч.1-1 «Подвал, 1 этаж»; прим.1,3 | R72: по проекту | S72: стык ванной сваркой (Ø≥20), длина = высота этажа. поз.5 | T72: Диафрагмы | U72: 0 | V72: Дм-5
A73: 68 | B73: 1 этаж (отм. -0.050…+3.950) | C73: Диафрагмы | D73: Г/4 | E73: Дм-5 | F73: 2 | G73: Вертикальные: полка, торцевой эл-т | H73: 28 | I73: А500С | J73: — | K73: 1 | L73: 10 | M73: 4 | N73: =K73*L73*M73 -> 40 | O73: =IFERROR(INDEX(Исходные!$B$18:$B$29,MATCH(H73,Исходные!$A$18:$A$29,0)),0) -> 4.834 | P73: =N73*O73 -> 193.36 | Q73: АС-41 сеч.1-1 «Подвал, 1 этаж»; прим.1,3 | R73: по проекту | S73: стык ванной сваркой (Ø≥20), длина = высота этажа. «5Ø28» + 5 симметр. | T73: Диафрагмы | U73: 0 | V73: Дм-5
A74: 69 | B74: 1 этаж (отм. -0.050…+3.950) | C74: Диафрагмы | D74: Г/4 | E74: Дм-5 | F74: 5 | G74: Вертикальные: полка, стенка | H74: 20 | I74: А500С | J74: — | K74: 1 | L74: 4 | M74: 4 | N74: =K74*L74*M74 -> 16 | O74: =IFERROR(INDEX(Исходные!$B$18:$B$29,MATCH(H74,Исходные!$A$18:$A$29,0)),0) -> 2.466 | P74: =N74*O74 -> 39.456 | Q74: АС-41 сеч.1-1 «Подвал, 1 этаж»; прим.1,3 | R74: по проекту | S74: стык ванной сваркой (Ø≥20), длина = высота этажа. «2Ø20» + 2 симметр. | T74: Диафрагмы | U74: 0 | V74: Дм-5
A75: 70 | B75: 1 этаж (отм. -0.050…+3.950) | C75: Диафрагмы | D75: Г/4 | E75: Дм-5 | F75: 4 | G75: Вертикальные: ребро, стенка | H75: 22 | I75: А500С | J75: — | K75: 1 | L75: 6 | M75: 4 | N75: =K75*L75*M75 -> 24 | O75: =IFERROR(INDEX(Исходные!$B$18:$B$29,MATCH(H75,Исходные!$A$18:$A$29,0)),0) -> 2.984 | P75: =N75*O75 -> 71.616 | Q75: АС-41 сеч.1-1 «Подвал, 1 этаж»; прим.1,3 | R75: по проекту | S75: стык ванной сваркой (Ø≥20), длина = высота этажа. «3Ø22» + 3 симметр. | T75: Диафрагмы | U75: 0 | V75: Дм-5
A76: 71 | B76: 1 этаж (отм. -0.050…+3.950) | C76: Диафрагмы | D76: Г/4 | E76: Дм-5 | F76: 3 | G76: Вертикальные: ребро, торцевой эл-т | H76: 25 | I76: А500С | J76: — | K76: 1 | L76: 10 | M76: 4 | N76: =K76*L76*M76 -> 40 | O76: =IFERROR(INDEX(Исходные!$B$18:$B$29,MATCH(H76,Исходные!$A$18:$A$29,0)),0) -> 3.853 | P76: =N76*O76 -> 154.12 | Q76: АС-41 сеч.1-1 «Подвал, 1 этаж»; прим.1,3 | R76: по проекту | S76: стык ванной сваркой (Ø≥20), длина = высота этажа. «5Ø25» + 5 симметр. | T76: Диафрагмы | U76: 0 | V76: Дм-5
A77: 72 | B77: 1 этаж (отм. -0.050…+3.950) | C77: Диафрагмы | D77: Г/4 | E77: Дм-5 | F77: гор. | G77: Горизонтальные «Осн. стержни»: полка вдоль оси Г, L=1300-2×25 | H77: 16 | I77: А500С | J77: 200 | K77: 1 | L77: 36 | M77: 1.25 | N77: =K77*L77*M77 -> 45 | O77: =IFERROR(INDEX(Исходные!$B$18:$B$29,MATCH(H77,Исходные!$A$18:$A$29,0)),0) -> 1.578 | P77: =N77*O77 -> 71.01 | Q77: АС-41 развертка, шаг 200x16+100 (18 рядов × 2 грани) | R77: по геометрии (уточнить) | S77: L=1250 как у доп. стержней | T77: Диафрагмы | U77: 1 | V77: Дм-5
A78: 73 | B78: 1 этаж (отм. -0.050…+3.950) | C78: Диафрагмы | D78: Г/4 | E78: Дм-5 | F78: гор. | G78: Горизонтальные «Осн. стержни»: ребро вдоль оси 4, L=1500-2×25 | H78: 16 | I78: А500С | J78: 200 | K78: 1 | L78: 36 | M78: 1.45 | N78: =K78*L78*M78 -> 52.2 | O78: =IFERROR(INDEX(Исходные!$B$18:$B$29,MATCH(H78,Исходные!$A$18:$A$29,0)),0) -> 1.578 | P78: =N78*O78 -> 82.3716 | Q78: АС-41 развертка, шаг 200x16+100 (18 рядов × 2 грани) | R78: по геометрии (уточнить) | T78: Диафрагмы | U78: 1 | V78: Дм-5
A79: 74 | B79: 1 этаж (отм. -0.050…+3.950) | C79: Диафрагмы | D79: Г/4 | E79: Дм-5 | F79: доп. | G79: Доп. стержни: полка у отм. -0.050, 6Ø10 L=1250 | H79: 10 | I79: А500С | J79: 200 | K79: 1 | L79: 6 | M79: 1.25 | N79: =K79*L79*M79 -> 7.5 | O79: =IFERROR(INDEX(Исходные!$B$18:$B$29,MATCH(H79,Исходные!$A$18:$A$29,0)),0) -> 0.617 | P79: =N79*O79 -> 4.6275 | Q79: АС-41 развертка, выноска «Доп. стержень» | R79: по проекту | T79: Диафрагмы | U79: 0 | V79: Дм-5
A80: 75 | B80: 1 этаж (отм. -0.050…+3.950) | C80: Диафрагмы | D80: Г/4 | E80: Дм-5 | F80: доп. | G80: Доп. стержни: ребро у отм. -0.050, 6Ø14 L=1450 | H80: 14 | I80: А500С | J80: 200 | K80: 1 | L80: 6 | M80: 1.45 | N80: =K80*L80*M80 -> 8.7 | O80: =IFERROR(INDEX(Исходные!$B$18:$B$29,MATCH(H80,Исходные!$A$18:$A$29,0)),0) -> 1.208 | P80: =N80*O80 -> 10.5096 | Q80: АС-41 развертка, выноска «Доп. стержень» | R80: по проекту | T80: Диафрагмы | U80: 0 | V80: Дм-5
A81: 76 | B81: 1 этаж (отм. -0.050…+3.950) | C81: Диафрагмы | D81: Г/4 | E81: Дм-5 | F81: 14 | G81: П-образный стержень на торцах стенки: 2 шт/ряд × 18 рядов | H81: 10 | I81: А240 | J81: 200 | K81: 1 | L81: 36 | M81: 1.33 | N81: =K81*L81*M81 -> 47.88 | O81: =IFERROR(INDEX(Исходные!$B$18:$B$29,MATCH(H81,Исходные!$A$18:$A$29,0)),0) -> 0.617 | P81: =N81*O81 -> 29.54196 | Q81: сечение 1-1; АС-42 ведомость деталей поз.14 L=1330 | R81: по проекту | T81: Диафрагмы | U81: 0 | V81: Дм-5
A82: 77 | B82: 1 этаж (отм. -0.050…+3.950) | C82: Диафрагмы | D82: Г/4 | E82: Дм-5 | F82: 12* | G82: Хомут торцевого элемента полки: 1 шт/ряд × 18 | H82: 10 | I82: А240 | J82: 200 | K82: 1 | L82: 18 | M82: 1.56 | N82: =K82*L82*M82 -> 28.08 | O82: =IFERROR(INDEX(Исходные!$B$18:$B$29,MATCH(H82,Исходные!$A$18:$A$29,0)),0) -> 0.617 | P82: =N82*O82 -> 17.32536 | Q82: сечение 1-1 «хом.Ø10 ш.200»; АС-42 ведомость деталей поз.12 L=1560 | R82: по проекту | T82: Диафрагмы | U82: 0 | V82: Дм-5
A83: 78 | B83: 1 этаж (отм. -0.050…+3.950) | C83: Диафрагмы | D83: Г/4 | E83: Дм-5 | F83: 15 | G83: Хомут торцевого элемента ребра: 1 шт/ряд × 18 | H83: 8 | I83: А240 | J83: 200 | K83: 1 | L83: 18 | M83: 1.76 | N83: =K83*L83*M83 -> 31.68 | O83: =IFERROR(INDEX(Исходные!$B$18:$B$29,MATCH(H83,Исходные!$A$18:$A$29,0)),0) -> 0.395 | P83: =N83*O83 -> 12.5136 | Q83: сечение 1-1; АС-42 ведомость деталей поз.15,(15*) L=1760 | R83: по проекту | T83: Диафрагмы | U83: 0 | V83: Дм-5
A84: 79 | B84: 1 этаж (отм. -0.050…+3.950) | C84: Диафрагмы | D84: Г/4 | E84: Дм-5 | F84: 10 | G84: Хомут колонны наружный (шаг 100 у опор ×12, 200 в середине) — 30 шт | H84: 8 | I84: А240 | J84: 200 | K84: 1 | L84: 30 | M84: 2.44 | N84: =K84*L84*M84 -> 73.2 | O84: =IFERROR(INDEX(Исходные!$B$18:$B$29,MATCH(H84,Исходные!$A$18:$A$29,0)),0) -> 0.395 | P84: =N84*O84 -> 28.914 | Q84: АС-32 схема хомутов колонн; АС-42 ведомость деталей поз.10 L=2440 | R84: по проекту | T84: Диафрагмы | U84: 0 | V84: Дм-5
A85: 80 | B85: 1 этаж (отм. -0.050…+3.950) | C85: Диафрагмы | D85: Г/4 | E85: Дм-5 | F85: 11 | G85: Хомут колонны внутренний: 2 шт/ряд × 18 | H85: 8 | I85: А240 | J85: 200 | K85: 1 | L85: 36 | M85: 1.96 | N85: =K85*L85*M85 -> 70.56 | O85: =IFERROR(INDEX(Исходные!$B$18:$B$29,MATCH(H85,Исходные!$A$18:$A$29,0)),0) -> 0.395 | P85: =N85*O85 -> 27.8712 | Q85: сечение 1-1 «ш.200»; АС-42 ведомость деталей поз.11 L=1960 | R85: по проекту | T85: Диафрагмы | U85: 0 | V85: Дм-5
A86: 81 | B86: 1 этаж (отм. -0.050…+3.950) | C86: Диафрагмы | D86: Г/4 | E86: Дм-5 | F86: 13 | G86: Шпилька ш.400 в шахм. порядке: 6 мест × 9 рядов | H86: 8 | I86: А240 | J86: 200 | K86: 1 | L86: 54 | M86: 0.53 | N86: =K86*L86*M86 -> 28.62 | O86: =IFERROR(INDEX(Исходные!$B$18:$B$29,MATCH(H86,Исходные!$A$18:$A$29,0)),0) -> 0.395 | P86: =N86*O86 -> 11.3049 | Q86: сечение 1-1, прим.6; АС-42 ведомость деталей поз.13 L=530 | R86: по проекту | T86: Диафрагмы | U86: 0 | V86: Дм-5
A87: 1а. КОЛОННЫ 600×600 вне диафрагм (15 шт), отм. -0.050…+3.950 — сеч.1-1 АС-28, хомуты по АС-32
A88: 82 | B88: 1 этаж (отм. -0.050…+3.950) | C88: Колонны | D88: ось А: А/1, А/3, А/5 | E88: К-А | F88: 1 | G88: Вертикальные: угловые 4Ø32 (сеч.1-1) | H88: 32 | I88: А500С | J88: — | K88: 3 | L88: 4 | M88: 4 | N88: =K88*L88*M88 -> 48 | O88: =IFERROR(INDEX(Исходные!$B$18:$B$29,MATCH(H88,Исходные!$A$18:$A$29,0)),0) -> 6.313 | P88: =N88*O88 -> 303.024 | Q88: АС-28 сеч.1-1 поз.1; сечение по рамам АС-20…23 (1-1 у отм. -3.900…-0.050, принято и для 1 этажа) | R88: принято (уточнить) | S88: Длина = высота этажа 4,0 м (стык ванной сваркой, разбежка 800/500 — АС-32, АС-19 прим.1). | T88: Колонны | U88: 1 | V88: К-А
A89: 83 | B89: 1 этаж (отм. -0.050…+3.950) | C89: Колонны | D89: ось А: А/1, А/3, А/5 | E89: К-А | F89: 5 | G89: Вертикальные: промежуточные 8Ø20 (сеч.1-1) | H89: 20 | I89: А500С | J89: — | K89: 3 | L89: 8 | M89: 4 | N89: =K89*L89*M89 -> 96 | O89: =IFERROR(INDEX(Исходные!$B$18:$B$29,MATCH(H89,Исходные!$A$18:$A$29,0)),0) -> 2.466 | P89: =N89*O89 -> 236.736 | Q89: АС-28 сеч.1-1 поз.5 | R89: принято (уточнить) | S89: Длина = высота этажа 4,0 м, стык ванной сваркой. | T89: Колонны | U89: 1 | V89: К-А
A90: 84 | B90: 1 этаж (отм. -0.050…+3.950) | C90: Колонны | D90: ось А: А/1, А/3, А/5 | E90: К-А | F90: 10 | G90: Хомут наружный Ø8 L=2440: 13 (100×12 низ) + 4 (ш.200) + 13 (100×12 верх) = 30 шт | H90: 8 | I90: А240 | J90: 100/200 | K90: 3 | L90: 30 | M90: 2.44 | N90: =K90*L90*M90 -> 219.6 | O90: =IFERROR(INDEX(Исходные!$B$18:$B$29,MATCH(H90,Исходные!$A$18:$A$29,0)),0) -> 0.395 | P90: =N90*O90 -> 86.742 | Q90: АС-32 схема хомутов колонн (1 этаж: 50+100×12+200×n+100×12+50+600); АС-28 поз.10 L=2440 | R90: по проекту | T90: Колонны | U90: 0 | V90: К-А
A91: 85 | B91: 1 этаж (отм. -0.050…+3.950) | C91: Колонны | D91: ось А: А/1, А/3, А/5 | E91: К-А | F91: 11 | G91: Хомут внутренний Ø8 L=1960 ш.200: 2 шт × 18 рядов | H91: 8 | I91: А240 | J91: 200 | K91: 3 | L91: 36 | M91: 1.96 | N91: =K91*L91*M91 -> 211.68 | O91: =IFERROR(INDEX(Исходные!$B$18:$B$29,MATCH(H91,Исходные!$A$18:$A$29,0)),0) -> 0.395 | P91: =N91*O91 -> 83.6136 | Q91: АС-28 сеч.1-1 «11 хом.Ø8 ш.200», поз.11 L=1960 | R91: по проекту | T91: Колонны | U91: 0 | V91: К-А
A92: 86 | B92: 1 этаж (отм. -0.050…+3.950) | C92: Колонны | D92: ось Б: Б/1, Б/2, Б/3, Б/4, Б/5 | E92: К-Б | F92: 1 | G92: Вертикальные: угловые 4Ø32 (сеч.1-1) | H92: 32 | I92: А500С | J92: — | K92: 5 | L92: 4 | M92: 4 | N92: =K92*L92*M92 -> 80 | O92: =IFERROR(INDEX(Исходные!$B$18:$B$29,MATCH(H92,Исходные!$A$18:$A$29,0)),0) -> 6.313 | P92: =N92*O92 -> 505.04 | Q92: АС-28 сеч.1-1 поз.1; сечение по рамам АС-20…23 (1-1 у отм. -3.900…-0.050, принято и для 1 этажа) | R92: принято (уточнить) | S92: Длина = высота этажа 4,0 м (стык ванной сваркой, разбежка 800/500 — АС-32, АС-19 прим.1). | T92: Колонны | U92: 1 | V92: К-Б
A93: 87 | B93: 1 этаж (отм. -0.050…+3.950) | C93: Колонны | D93: ось Б: Б/1, Б/2, Б/3, Б/4, Б/5 | E93: К-Б | F93: 5 | G93: Вертикальные: промежуточные 8Ø20 (сеч.1-1) | H93: 20 | I93: А500С | J93: — | K93: 5 | L93: 8 | M93: 4 | N93: =K93*L93*M93 -> 160 | O93: =IFERROR(INDEX(Исходные!$B$18:$B$29,MATCH(H93,Исходные!$A$18:$A$29,0)),0) -> 2.466 | P93: =N93*O93 -> 394.56 | Q93: АС-28 сеч.1-1 поз.5 | R93: принято (уточнить) | S93: Длина = высота этажа 4,0 м, стык ванной сваркой. | T93: Колонны | U93: 1 | V93: К-Б
A94: 88 | B94: 1 этаж (отм. -0.050…+3.950) | C94: Колонны | D94: ось Б: Б/1, Б/2, Б/3, Б/4, Б/5 | E94: К-Б | F94: 10 | G94: Хомут наружный Ø8 L=2440: 13 (100×12 низ) + 4 (ш.200) + 13 (100×12 верх) = 30 шт | H94: 8 | I94: А240 | J94: 100/200 | K94: 5 | L94: 30 | M94: 2.44 | N94: =K94*L94*M94 -> 366 | O94: =IFERROR(INDEX(Исходные!$B$18:$B$29,MATCH(H94,Исходные!$A$18:$A$29,0)),0) -> 0.395 | P94: =N94*O94 -> 144.57 | Q94: АС-32 схема хомутов колонн (1 этаж: 50+100×12+200×n+100×12+50+600); АС-28 поз.10 L=2440 | R94: по проекту | T94: Колонны | U94: 0 | V94: К-Б
A95: 89 | B95: 1 этаж (отм. -0.050…+3.950) | C95: Колонны | D95: ось Б: Б/1, Б/2, Б/3, Б/4, Б/5 | E95: К-Б | F95: 11 | G95: Хомут внутренний Ø8 L=1960 ш.200: 2 шт × 18 рядов | H95: 8 | I95: А240 | J95: 200 | K95: 5 | L95: 36 | M95: 1.96 | N95: =K95*L95*M95 -> 352.8 | O95: =IFERROR(INDEX(Исходные!$B$18:$B$29,MATCH(H95,Исходные!$A$18:$A$29,0)),0) -> 0.395 | P95: =N95*O95 -> 139.356 | Q95: АС-28 сеч.1-1 «11 хом.Ø8 ш.200», поз.11 L=1960 | R95: по проекту | T95: Колонны | U95: 0 | V95: К-Б
A96: 90 | B96: 1 этаж (отм. -0.050…+3.950) | C96: Колонны | D96: ось В: В/1, В/2, В/3, В/4, В/5 | E96: К-В | F96: 1 | G96: Вертикальные: угловые 4Ø32 (сеч.1-1) | H96: 32 | I96: А500С | J96: — | K96: 5 | L96: 4 | M96: 4 | N96: =K96*L96*M96 -> 80 | O96: =IFERROR(INDEX(Исходные!$B$18:$B$29,MATCH(H96,Исходные!$A$18:$A$29,0)),0) -> 6.313 | P96: =N96*O96 -> 505.04 | Q96: АС-28 сеч.1-1 поз.1; сечение по рамам АС-20…23 (1-1 у отм. -3.900…-0.050, принято и для 1 этажа) | R96: принято (уточнить) | S96: Длина = высота этажа 4,0 м (стык ванной сваркой, разбежка 800/500 — АС-32, АС-19 прим.1). | T96: Колонны | U96: 1 | V96: К-В
A97: 91 | B97: 1 этаж (отм. -0.050…+3.950) | C97: Колонны | D97: ось В: В/1, В/2, В/3, В/4, В/5 | E97: К-В | F97: 5 | G97: Вертикальные: промежуточные 8Ø20 (сеч.1-1) | H97: 20 | I97: А500С | J97: — | K97: 5 | L97: 8 | M97: 4 | N97: =K97*L97*M97 -> 160 | O97: =IFERROR(INDEX(Исходные!$B$18:$B$29,MATCH(H97,Исходные!$A$18:$A$29,0)),0) -> 2.466 | P97: =N97*O97 -> 394.56 | Q97: АС-28 сеч.1-1 поз.5 | R97: принято (уточнить) | S97: Длина = высота этажа 4,0 м, стык ванной сваркой. | T97: Колонны | U97: 1 | V97: К-В
A98: 92 | B98: 1 этаж (отм. -0.050…+3.950) | C98: Колонны | D98: ось В: В/1, В/2, В/3, В/4, В/5 | E98: К-В | F98: 10 | G98: Хомут наружный Ø8 L=2440: 13 (100×12 низ) + 4 (ш.200) + 13 (100×12 верх) = 30 шт | H98: 8 | I98: А240 | J98: 100/200 | K98: 5 | L98: 30 | M98: 2.44 | N98: =K98*L98*M98 -> 366 | O98: =IFERROR(INDEX(Исходные!$B$18:$B$29,MATCH(H98,Исходные!$A$18:$A$29,0)),0) -> 0.395 | P98: =N98*O98 -> 144.57 | Q98: АС-32 схема хомутов колонн (1 этаж: 50+100×12+200×n+100×12+50+600); АС-28 поз.10 L=2440 | R98: по проекту | T98: Колонны | U98: 0 | V98: К-В
A99: 93 | B99: 1 этаж (отм. -0.050…+3.950) | C99: Колонны | D99: ось В: В/1, В/2, В/3, В/4, В/5 | E99: К-В | F99: 11 | G99: Хомут внутренний Ø8 L=1960 ш.200: 2 шт × 18 рядов | H99: 8 | I99: А240 | J99: 200 | K99: 5 | L99: 36 | M99: 1.96 | N99: =K99*L99*M99 -> 352.8 | O99: =IFERROR(INDEX(Исходные!$B$18:$B$29,MATCH(H99,Исходные!$A$18:$A$29,0)),0) -> 0.395 | P99: =N99*O99 -> 139.356 | Q99: АС-28 сеч.1-1 «11 хом.Ø8 ш.200», поз.11 L=1960 | R99: по проекту | T99: Колонны | U99: 0 | V99: К-В
A100: 94 | B100: 1 этаж (отм. -0.050…+3.950) | C100: Колонны | D100: ось Г: Г/1, Г/5 | E100: К-Г | F100: 1 | G100: Вертикальные: угловые 4Ø32 (сеч.1-1) | H100: 32 | I100: А500С | J100: — | K100: 2 | L100: 4 | M100: 4 | N100: =K100*L100*M100 -> 32 | O100: =IFERROR(INDEX(Исходные!$B$18:$B$29,MATCH(H100,Исходные!$A$18:$A$29,0)),0) -> 6.313 | P100: =N100*O100 -> 202.016 | Q100: АС-28 сеч.1-1 поз.1; сечение по рамам АС-20…23 (1-1 у отм. -3.900…-0.050, принято и для 1 этажа) | R100: принято (уточнить) | S100: Длина = высота этажа 4,0 м (стык ванной сваркой, разбежка 800/500 — АС-32, АС-19 прим.1). | T100: Колонны | U100: 1 | V100: К-Г
A101: 95 | B101: 1 этаж (отм. -0.050…+3.950) | C101: Колонны | D101: ось Г: Г/1, Г/5 | E101: К-Г | F101: 5 | G101: Вертикальные: промежуточные 8Ø20 (сеч.1-1) | H101: 20 | I101: А500С | J101: — | K101: 2 | L101: 8 | M101: 4 | N101: =K101*L101*M101 -> 64 | O101: =IFERROR(INDEX(Исходные!$B$18:$B$29,MATCH(H101,Исходные!$A$18:$A$29,0)),0) -> 2.466 | P101: =N101*O101 -> 157.824 | Q101: АС-28 сеч.1-1 поз.5 | R101: принято (уточнить) | S101: Длина = высота этажа 4,0 м, стык ванной сваркой. | T101: Колонны | U101: 1 | V101: К-Г
...

Sheet Раскрой 11,7м
A1: Раскрой арматуры под стандартные прутки 11,7 м (алгоритм «лучший подходящий по убыванию», отдельно по каждому Ø и классу)
A2: Детали: стержни ≤11,7 м — целиком; длиннее 11,7 м — делятся на прутки 11,7 + «хвост» (для Ø10–14 с нахлёстами 400/500/560 мм, для Ø≥20 — встык ванной сваркой). Раскрой не смешивается с проектной массой.
A4: Ø | B4: Класс | C4: Схема № | D4: Деталь 1, м | E4: шт | F4: Деталь 2, м | G4: шт | H4: Деталь 3, м | I4: шт | J4: Деталь 4, м | K4: шт | L4: Использовано из прутка, м | M4: Остаток, м | N4: Кол-во прутков, шт | O4: Деталей всего, шт | P4: Длина деталей всего, м | Q4: Отход всего, м
A5: 32 | B5: А500С | C5: 1 | D5: 4 | E5: 2 | F5: 3.7 | G5: 1 | L5: =D5*E5+F5*G5+H5*I5+J5*K5 -> 11.7 | M5: =Исходные!$B$12-L5 -> 0 | N5: 6 | O5: =(E5+G5+I5+K5)*N5 -> 18 | P5: =L5*N5 -> 70.2 | Q5: =M5*N5 -> 0
A6: 32 | B6: А500С | C6: 2 | D6: 4 | E6: 2 | F6: 3.6 | G6: 1 | L6: =D6*E6+F6*G6+H6*I6+J6*K6 -> 11.6 | M6: =Исходные!$B$12-L6 -> 0.1 | N6: 2 | O6: =(E6+G6+I6+K6)*N6 -> 6 | P6: =L6*N6 -> 23.2 | Q6: =M6*N6 -> 0.2
A7: 32 | B7: А500С | C7: 3 | D7: 7.5 | E7: 1 | F7: 4 | G7: 1 | L7: =D7*E7+F7*G7+H7*I7+J7*K7 -> 11.5 | M7: =Исходные!$B$12-L7 -> 0.2 | N7: 2 | O7: =(E7+G7+I7+K7)*N7 -> 4 | P7: =L7*N7 -> 23 | Q7: =M7*N7 -> 0.4
A8: 32 | B8: А500С | C8: 4 | D8: 4.3 | E8: 2 | F8: 2.85 | G8: 1 | L8: =D8*E8+F8*G8+H8*I8+J8*K8 -> 11.45 | M8: =Исходные!$B$12-L8 -> 0.25 | N8: 1 | O8: =(E8+G8+I8+K8)*N8 -> 3 | P8: =L8*N8 -> 11.45 | Q8: =M8*N8 -> 0.25
A9: 32 | B9: А500С | C9: 5 | D9: 4 | E9: 2 | F9: 3.4 | G9: 1 | L9: =D9*E9+F9*G9+H9*I9+J9*K9 -> 11.4 | M9: =Исходные!$B$12-L9 -> 0.3 | N9: 2 | O9: =(E9+G9+I9+K9)*N9 -> 6 | P9: =L9*N9 -> 22.8 | Q9: =M9*N9 -> 0.6
A10: 32 | B10: А500С | C10: 6 | D10: 3.8 | E10: 3 | L10: =D10*E10+F10*G10+H10*I10+J10*K10 -> 11.4 | M10: =Исходные!$B$12-L10 -> 0.3 | N10: 1 | O10: =(E10+G10+I10+K10)*N10 -> 3 | P10: =L10*N10 -> 11.4 | Q10: =M10*N10 -> 0.3
A11: 32 | B11: А500С | C11: 7 | D11: 4 | E11: 2 | F11: 3.3 | G11: 1 | L11: =D11*E11+F11*G11+H11*I11+J11*K11 -> 11.3 | M11: =Исходные!$B$12-L11 -> 0.4 | N11: 2 | O11: =(E11+G11+I11+K11)*N11 -> 6 | P11: =L11*N11 -> 22.6 | Q11: =M11*N11 -> 0.8
A12: 32 | B12: А500С | C12: 8 | D12: 4 | E12: 2 | F12: 2.85 | G12: 1 | L12: =D12*E12+F12*G12+H12*I12+J12*K12 -> 10.85 | M12: =Исходные!$B$12-L12 -> 0.85 | N12: 3 | O12: =(E12+G12+I12+K12)*N12 -> 9 | P12: =L12*N12 -> 32.55 | Q12: =M12*N12 -> 2.55
A13: 32 | B13: А500С | C13: 9 | D13: 4 | E13: 2 | F13: 2.4 | G13: 1 | L13: =D13*E13+F13*G13+H13*I13+J13*K13 -> 10.4 | M13: =Исходные!$B$12-L13 -> 1.3 | N13: 2 | O13: =(E13+G13+I13+K13)*N13 -> 6 | P13: =L13*N13 -> 20.8 | Q13: =M13*N13 -> 2.6
A14: 32 | B14: А500С | C14: 10 | D14: 4 | E14: 2 | F14: 2.05 | G14: 1 | L14: =D14*E14+F14*G14+H14*I14+J14*K14 -> 10.05 | M14: =Исходные!$B$12-L14 -> 1.65 | N14: 2 | O14: =(E14+G14+I14+K14)*N14 -> 6 | P14: =L14*N14 -> 20.1 | Q14: =M14*N14 -> 3.3
A15: 32 | B15: А500С | C15: 11 | D15: 4 | E15: 2 | L15: =D15*E15+F15*G15+H15*I15+J15*K15 -> 8 | M15: =Исходные!$B$12-L15 -> 3.7 | N15: 20 | O15: =(E15+G15+I15+K15)*N15 -> 40 | P15: =L15*N15 -> 160 | Q15: =M15*N15 -> 74
A16: 32 | B16: А500С | C16: 12 | D16: 3.8 | E16: 1 | L16: =D16*E16+F16*G16+H16*I16+J16*K16 -> 3.8 | M16: =Исходные!$B$12-L16 -> 7.9 | N16: 1 | O16: =(E16+G16+I16+K16)*N16 -> 1 | P16: =L16*N16 -> 3.8 | Q16: =M16*N16 -> 7.9
A17: 28 | B17: А500С | C17: 1 | D17: 11.7 | E17: 1 | L17: =D17*E17+F17*G17+H17*I17+J17*K17 -> 11.7 | M17: =Исходные!$B$12-L17 -> 0 | N17: 52 | O17: =(E17+G17+I17+K17)*N17 -> 52 | P17: =L17*N17 -> 608.4 | Q17: =M17*N17 -> 0
A18: 28 | B18: А500С | C18: 2 | D18: 4 | E18: 2 | F18: 3.7 | G18: 1 | L18: =D18*E18+F18*G18+H18*I18+J18*K18 -> 11.7 | M18: =Исходные!$B$12-L18 -> 0 | N18: 2 | O18: =(E18+G18+I18+K18)*N18 -> 6 | P18: =L18*N18 -> 23.4 | Q18: =M18*N18 -> 0
A19: 28 | B19: А500С | C19: 3 | D19: 4 | E19: 2 | F19: 1.85 | G19: 2 | L19: =D19*E19+F19*G19+H19*I19+J19*K19 -> 11.7 | M19: =Исходные!$B$12-L19 -> 0 | N19: 1 | O19: =(E19+G19+I19+K19)*N19 -> 4 | P19: =L19*N19 -> 11.7 | Q19: =M19*N19 -> 0
A20: 28 | B20: А500С | C20: 4 | D20: 7.85 | E20: 1 | F20: 3.8 | G20: 1 | L20: =D20*E20+F20*G20+H20*I20+J20*K20 -> 11.65 | M20: =Исходные!$B$12-L20 -> 0.05 | N20: 2 | O20: =(E20+G20+I20+K20)*N20 -> 4 | P20: =L20*N20 -> 23.3 | Q20: =M20*N20 -> 0.1
A21: 28 | B21: А500С | C21: 5 | D21: 4.3 | E21: 2 | F21: 3 | G21: 1 | L21: =D21*E21+F21*G21+H21*I21+J21*K21 -> 11.6 | M21: =Исходные!$B$12-L21 -> 0.1 | N21: 1 | O21: =(E21+G21+I21+K21)*N21 -> 3 | P21: =L21*N21 -> 11.6 | Q21: =M21*N21 -> 0.1
A22: 28 | B22: А500С | C22: 6 | D22: 4 | E22: 2 | F22: 3.6 | G22: 1 | L22: =D22*E22+F22*G22+H22*I22+J22*K22 -> 11.6 | M22: =Исходные!$B$12-L22 -> 0.1 | N22: 6 | O22: =(E22+G22+I22+K22)*N22 -> 18 | P22: =L22*N22 -> 69.6 | Q22: =M22*N22 -> 0.6
A23: 28 | B23: А500С | C23: 7 | D23: 4.7 | E23: 2 | F23: 2.1 | G23: 1 | L23: =D23*E23+F23*G23+H23*I23+J23*K23 -> 11.5 | M23: =Исходные!$B$12-L23 -> 0.2 | N23: 2 | O23: =(E23+G23+I23+K23)*N23 -> 6 | P23: =L23*N23 -> 23 | Q23: =M23*N23 -> 0.4
A24: 28 | B24: А500С | C24: 8 | D24: 3.8 | E24: 3 | L24: =D24*E24+F24*G24+H24*I24+J24*K24 -> 11.4 | M24: =Исходные!$B$12-L24 -> 0.3 | N24: 1 | O24: =(E24+G24+I24+K24)*N24 -> 3 | P24: =L24*N24 -> 11.4 | Q24: =M24*N24 -> 0.3
A25: 28 | B25: А500С | C25: 9 | D25: 5.5 | E25: 2 | L25: =D25*E25+F25*G25+H25*I25+J25*K25 -> 11 | M25: =Исходные!$B$12-L25 -> 0.7 | N25: 1 | O25: =(E25+G25+I25+K25)*N25 -> 2 | P25: =L25*N25 -> 11 | Q25: =M25*N25 -> 0.7
A26: 28 | B26: А500С | C26: 10 | D26: 4 | E26: 2 | F26: 3 | G26: 1 | L26: =D26*E26+F26*G26+H26*I26+J26*K26 -> 11 | M26: =Исходные!$B$12-L26 -> 0.7 | N26: 1 | O26: =(E26+G26+I26+K26)*N26 -> 3 | P26: =L26*N26 -> 11 | Q26: =M26*N26 -> 0.7
A27: 28 | B27: А500С | C27: 11 | D27: 8.8 | E27: 1 | F27: 2.1 | G27: 1 | L27: =D27*E27+F27*G27+H27*I27+J27*K27 -> 10.9 | M27: =Исходные!$B$12-L27 -> 0.8 | N27: 14 | O27: =(E27+G27+I27+K27)*N27 -> 28 | P27: =L27*N27 -> 152.6 | Q27: =M27*N27 -> 11.2
A28: 28 | B28: А500С | C28: 12 | D28: 8.8 | E28: 1 | F28: 2.05 | G28: 1 | L28: =D28*E28+F28*G28+H28*I28+J28*K28 -> 10.85 | M28: =Исходные!$B$12-L28 -> 0.85 | N28: 6 | O28: =(E28+G28+I28+K28)*N28 -> 12 | P28: =L28*N28 -> 65.1 | Q28: =M28*N28 -> 5.1
A29: 28 | B29: А500С | C29: 13 | D29: 4 | E29: 2 | F29: 2.05 | G29: 1 | L29: =D29*E29+F29*G29+H29*I29+J29*K29 -> 10.05 | M29: =Исходные!$B$12-L29 -> 1.65 | N29: 4 | O29: =(E29+G29+I29+K29)*N29 -> 12 | P29: =L29*N29 -> 40.2 | Q29: =M29*N29 -> 6.6
A30: 28 | B30: А500С | C30: 14 | D30: 4 | E30: 2 | L30: =D30*E30+F30*G30+H30*I30+J30*K30 -> 8 | M30: =Исходные!$B$12-L30 -> 3.7 | N30: 38 | O30: =(E30+G30+I30+K30)*N30 -> 76 | P30: =L30*N30 -> 304 | Q30: =M30*N30 -> 140.6
A31: 28 | B31: А500С | C31: 15 | D31: 3.8 | E31: 1 | L31: =D31*E31+F31*G31+H31*I31+J31*K31 -> 3.8 | M31: =Исходные!$B$12-L31 -> 7.9 | N31: 1 | O31: =(E31+G31+I31+K31)*N31 -> 1 | P31: =L31*N31 -> 3.8 | Q31: =M31*N31 -> 7.9
A32: 25 | B32: А500С | C32: 1 | D32: 11.7 | E32: 1 | L32: =D32*E32+F32*G32+H32*I32+J32*K32 -> 11.7 | M32: =Исходные!$B$12-L32 -> 0 | N32: 40 | O32: =(E32+G32+I32+K32)*N32 -> 40 | P32: =L32*N32 -> 468 | Q32: =M32*N32 -> 0
A33: 25 | B33: А500С | C33: 2 | D33: 7.85 | E33: 1 | F33: 3.8 | G33: 1 | L33: =D33*E33+F33*G33+H33*I33+J33*K33 -> 11.65 | M33: =Исходные!$B$12-L33 -> 0.05 | N33: 4 | O33: =(E33+G33+I33+K33)*N33 -> 8 | P33: =L33*N33 -> 46.6 | Q33: =M33*N33 -> 0.2
A34: 25 | B34: А500С | C34: 3 | D34: 3.8 | E34: 2 | F34: 3.785 | G34: 1 | H34: 0.2 | I34: 1 | L34: =D34*E34+F34*G34+H34*I34+J34*K34 -> 11.585 | M34: =Исходные!$B$12-L34 -> 0.115 | N34: 1 | O34: =(E34+G34+I34+K34)*N34 -> 4 | P34: =L34*N34 -> 11.585 | Q34: =M34*N34 -> 0.115
A35: 25 | B35: А500С | C35: 4 | D35: 4 | E35: 2 | F35: 3.365 | G35: 1 | H35: 0.2 | I35: 1 | L35: =D35*E35+F35*G35+H35*I35+J35*K35 -> 11.565 | M35: =Исходные!$B$12-L35 -> 0.135 | N35: 3 | O35: =(E35+G35+I35+K35)*N35 -> 12 | P35: =L35*N35 -> 34.695 | Q35: =M35*N35 -> 0.405
A36: 25 | B36: А500С | C36: 5 | D36: 4 | E36: 2 | F36: 3.365 | G36: 1 | L36: =D36*E36+F36*G36+H36*I36+J36*K36 -> 11.365 | M36: =Исходные!$B$12-L36 -> 0.335 | N36: 1 | O36: =(E36+G36+I36+K36)*N36 -> 3 | P36: =L36*N36 -> 11.365 | Q36: =M36*N36 -> 0.335
A37: 25 | B37: А500С | C37: 6 | D37: 3.785 | E37: 3 | L37: =D37*E37+F37*G37+H37*I37+J37*K37 -> 11.355 | M37: =Исходные!$B$12-L37 -> 0.345 | N37: 1 | O37: =(E37+G37+I37+K37)*N37 -> 3 | P37: =L37*N37 -> 11.355 | Q37: =M37*N37 -> 0.345
A38: 25 | B38: А500С | C38: 7 | D38: 8.7 | E38: 1 | F38: 2.2 | G38: 1 | L38: =D38*E38+F38*G38+H38*I38+J38*K38 -> 10.9 | M38: =Исходные!$B$12-L38 -> 0.8 | N38: 8 | O38: =(E38+G38+I38+K38)*N38 -> 16 | P38: =L38*N38 -> 87.2 | Q38: =M38*N38 -> 6.4
A39: 25 | B39: А500С | C39: 8 | D39: 8.7 | E39: 1 | F39: 2.05 | G39: 1 | L39: =D39*E39+F39*G39+H39*I39+J39*K39 -> 10.75 | M39: =Исходные!$B$12-L39 -> 0.95 | N39: 4 | O39: =(E39+G39+I39+K39)*N39 -> 8 | P39: =L39*N39 -> 43 | Q39: =M39*N39 -> 3.8
A40: 25 | B40: А500С | C40: 9 | D40: 6.2 | E40: 1 | F40: 4.5 | G40: 1 | L40: =D40*E40+F40*G40+H40*I40+J40*K40 -> 10.7 | M40: =Исходные!$B$12-L40 -> 1 | N40: 2 | O40: =(E40+G40+I40+K40)*N40 -> 4 | P40: =L40*N40 -> 21.4 | Q40: =M40*N40 -> 2
A41: 25 | B41: А500С | C41: 10 | D41: 10.5 | E41: 1 | L41: =D41*E41+F41*G41+H41*I41+J41*K41 -> 10.5 | M41: =Исходные!$B$12-L41 -> 1.2 | N41: 2 | O41: =(E41+G41+I41+K41)*N41 -> 2 | P41: =L41*N41 -> 21 | Q41: =M41*N41 -> 2.4
A42: 25 | B42: А500С | C42: 11 | D42: 4 | E42: 2 | F42: 2.05 | G42: 1 | L42: =D42*E42+F42*G42+H42*I42+J42*K42 -> 10.05 | M42: =Исходные!$B$12-L42 -> 1.65 | N42: 8 | O42: =(E42+G42+I42+K42)*N42 -> 24 | P42: =L42*N42 -> 80.4 | Q42: =M42*N42 -> 13.2
A43: 25 | B43: А500С | C43: 12 | D43: 4 | E43: 2 | F43: 2 | G43: 1 | L43: =D43*E43+F43*G43+H43*I43+J43*K43 -> 10 | M43: =Исходные!$B$12-L43 -> 1.7 | N43: 6 | O43: =(E43+G43+I43+K43)*N43 -> 18 | P43: =L43*N43 -> 60 | Q43: =M43*N43 -> 10.2
A44: 25 | B44: А500С | C44: 13 | D44: 2 | E44: 2 | L44: =D44*E44+F44*G44+H44*I44+J44*K44 -> 4 | M44: =Исходные!$B$12-L44 -> 7.7 | N44: 1 | O44: =(E44+G44+I44+K44)*N44 -> 2 | P44: =L44*N44 -> 4 | Q44: =M44*N44 -> 7.7
A45: 22 | B45: А500С | C45: 1 | D45: 4 | E45: 2 | F45: 2.375 | G45: 1 | H45: 1.3 | I45: 1 | L45: =D45*E45+F45*G45+H45*I45+J45*K45 -> 11.675 | M45: =Исходные!$B$12-L45 -> 0.025 | N45: 3 | O45: =(E45+G45+I45+K45)*N45 -> 12 | P45: =L45*N45 -> 35.025 | Q45: =M45*N45 -> 0.075
A46: 22 | B46: А500С | C46: 2 | D46: 4.7 | E46: 2 | F46: 2.175 | G46: 1 | L46: =D46*E46+F46*G46+H46*I46+J46*K46 -> 11.575 | M46: =Исходные!$B$12-L46 -> 0.125 | N46: 1 | O46: =(E46+G46+I46+K46)*N46 -> 3 | P46: =L46*N46 -> 11.575 | Q46: =M46*N46 -> 0.125
A47: 22 | B47: А500С | C47: 3 | D47: 3.775 | E47: 1 | F47: 2.15 | G47: 3 | H47: 1.3 | I47: 1 | L47: =D47*E47+F47*G47+H47*I47+J47*K47 -> 11.525 | M47: =Исходные!$B$12-L47 -> 0.175 | N47: 1 | O47: =(E47+G47+I47+K47)*N47 -> 5 | P47: =L47*N47 -> 11.525 | Q47: =M47*N47 -> 0.175
A48: 22 | B48: А500С | C48: 4 | D48: 4.15 | E48: 2 | F48: 3.2 | G48: 1 | L48: =D48*E48+F48*G48+H48*I48+J48*K48 -> 11.5 | M48: =Исходные!$B$12-L48 -> 0.2 | N48: 4 | O48: =(E48+G48+I48+K48)*N48 -> 12 | P48: =L48*N48 -> 46 | Q48: =M48*N48 -> 0.8
A49: 22 | B49: А500С | C49: 5 | D49: 4 | E49: 2 | F49: 2.175 | G49: 1 | H49: 1.3 | I49: 1 | L49: =D49*E49+F49*G49+H49*I49+J49*K49 -> 11.475 | M49: =Исходные!$B$12-L49 -> 0.225 | N49: 6 | O49: =(E49+G49+I49+K49)*N49 -> 24 | P49: =L49*N49 -> 68.85 | Q49: =M49*N49 -> 1.35
A50: 22 | B50: А500С | C50: 6 | D50: 4.5 | E50: 2 | F50: 2.375 | G50: 1 | L50: =D50*E50+F50*G50+H50*I50+J50*K50 -> 11.375 | M50: =Исходные!$B$12-L50 -> 0.325 | N50: 1 | O50: =(E50+G50+I50+K50)*N50 -> 3 | P50: =L50*N50 -> 11.375 | Q50: =M50*N50 -> 0.325
A51: 22 | B51: А500С | C51: 7 | D51: 3.775 | E51: 3 | L51: =D51*E51+F51*G51+H51*I51+J51*K51 -> 11.325 | M51: =Исходные!$B$12-L51 -> 0.375 | N51: 1 | O51: =(E51+G51+I51+K51)*N51 -> 3 | P51: =L51*N51 -> 11.325 | Q51: =M51*N51 -> 0.375
A52: 22 | B52: А500С | C52: 8 | D52: 5.5 | E52: 2 | L52: =D52*E52+F52*G52+H52*I52+J52*K52 -> 11 | M52: =Исходные!$B$12-L52 -> 0.7 | N52: 2 | O52: =(E52+G52+I52+K52)*N52 -> 4 | P52: =L52*N52 -> 22 | Q52: =M52*N52 -> 1.4
A53: 22 | B53: А500С | C53: 9 | D53: 2.15 | E53: 5 | L53: =D53*E53+F53*G53+H53*I53+J53*K53 -> 10.75 | M53: =Исходные!$B$12-L53 -> 0.95 | N53: 1 | O53: =(E53+G53+I53+K53)*N53 -> 5 | P53: =L53*N53 -> 10.75 | Q53: =M53*N53 -> 0.95
A54: 22 | B54: А500С | C54: 10 | D54: 2.15 | E54: 4 | F54: 2.05 | G54: 1 | L54: =D54*E54+F54*G54+H54*I54+J54*K54 -> 10.65 | M54: =Исходные!$B$12-L54 -> 1.05 | N54: 1 | O54: =(E54+G54+I54+K54)*N54 -> 5 | P54: =L54*N54 -> 10.65 | Q54: =M54*N54 -> 1.05
A55: 22 | B55: А500С | C55: 11 | D55: 4 | E55: 2 | F55: 2.175 | G55: 1 | L55: =D55*E55+F55*G55+H55*I55+J55*K55 -> 10.175 | M55: =Исходные!$B$12-L55 -> 1.525 | N55: 9 | O55: =(E55+G55+I55+K55)*N55 -> 27 | P55: =L55*N55 -> 91.575 | Q55: =M55*N55 -> 13.725
A56: 22 | B56: А500С | C56: 12 | D56: 7.95 | E56: 1 | F56: 2.15 | G56: 1 | L56: =D56*E56+F56*G56+H56*I56+J56*K56 -> 10.1 | M56: =Исходные!$B$12-L56 -> 1.6 | N56: 4 | O56: =(E56+G56+I56+K56)*N56 -> 8 | P56: =L56*N56 -> 40.4 | Q56: =M56*N56 -> 6.4
A57: 22 | B57: А500С | C57: 13 | D57: 2.05 | E57: 1 | L57: =D57*E57+F57*G57+H57*I57+J57*K57 -> 2.05 | M57: =Исходные!$B$12-L57 -> 9.65 | N57: 1 | O57: =(E57+G57+I57+K57)*N57 -> 1 | P57: =L57*N57 -> 2.05 | Q57: =M57*N57 -> 9.65
A58: 20 | B58: А500С | C58: 1 | D58: 4 | E58: 2 | F58: 2.4 | G58: 1 | H58: 1.2 | I58: 1 | L58: =D58*E58+F58*G58+H58*I58+J58*K58 -> 11.6 | M58: =Исходные!$B$12-L58 -> 0.1 | N58: 1 | O58: =(E58+G58+I58+K58)*N58 -> 4 | P58: =L58*N58 -> 11.6 | Q58: =M58*N58 -> 0.1
A59: 20 | B59: А500С | C59: 2 | D59: 4 | E59: 2 | F59: 1.2 | G59: 3 | L59: =D59*E59+F59*G59+H59*I59+J59*K59 -> 11.6 | M59: =Исходные!$B$12-L59 -> 0.1 | N59: 1 | O59: =(E59+G59+I59+K59)*N59 -> 5 | P59: =L59*N59 -> 11.6 | Q59: =M59*N59 -> 0.1
A60: 20 | B60: А500С | C60: 3 | D60: 4.1 | E60: 2 | F60: 3.325 | G60: 1 | L60: =D60*E60+F60*G60+H60*I60+J60*K60 -> 11.525 | M60: =Исходные!$B$12-L60 -> 0.175 | N60: 2 | O60: =(E60+G60+I60+K60)*N60 -> 6 | P60: =L60*N60 -> 23.05 | Q60: =M60*N60 -> 0.35
A61: 20 | B61: А500С | C61: 4 | D61: 3.785 | E61: 3 | L61: =D61*E61+F61*G61+H61*I61+J61*K61 -> 11.355 | M61: =Исходные!$B$12-L61 -> 0.345 | N61: 1 | O61: =(E61+G61+I61+K61)*N61 -> 3 | P61: =L61*N61 -> 11.355 | Q61: =M61*N61 -> 0.345
A62: 20 | B62: А500С | C62: 5 | D62: 4 | E62: 2 | F62: 3.325 | G62: 1 | L62: =D62*E62+F62*G62+H62*I62+J62*K62 -> 11.325 | M62: =Исходные!$B$12-L62 -> 0.375 | N62: 2 | O62: =(E62+G62+I62+K62)*N62 -> 6 | P62: =L62*N62 -> 22.65 | Q62: =M62*N62 -> 0.75
A63: 20 | B63: А500С | C63: 6 | D63: 4 | E63: 2 | F63: 1.95 | G63: 1 | H63: 1.2 | I63: 1 | L63: =D63*E63+F63*G63+H63*I63+J63*K63 -> 11.15 | M63: =Исходные!$B$12-L63 -> 0.55 | N63: 10 | O63: =(E63+G63+I63+K63)*N63 -> 40 | P63: =L63*N63 -> 111.5 | Q63: =M63*N63 -> 5.5
A64: 20 | B64: А500С | C64: 7 | D64: 4 | E64: 2 | F64: 3.05 | G64: 1 | L64: =D64*E64+F64*G64+H64*I64+J64*K64 -> 11.05 | M64: =Исходные!$B$12-L64 -> 0.65 | N64: 4 | O64: =(E64+G64+I64+K64)*N64 -> 12 | P64: =L64*N64 -> 44.2 | Q64: =M64*N64 -> 2.6
A65: 20 | B65: А500С | C65: 8 | D65: 4 | E65: 2 | F65: 3 | G65: 1 | L65: =D65*E65+F65*G65+H65*I65+J65*K65 -> 11 | M65: =Исходные!$B$12-L65 -> 0.7 | N65: 6 | O65: =(E65+G65+I65+K65)*N65 -> 18 | P65: =L65*N65 -> 66 | Q65: =M65*N65 -> 4.2
A66: 20 | B66: А500С | C66: 9 | D66: 4 | E66: 2 | F66: 2.85 | G66: 1 | L66: =D66*E66+F66*G66+H66*I66+J66*K66 -> 10.85 | M66: =Исходные!$B$12-L66 -> 0.85 | N66: 2 | O66: =(E66+G66+I66+K66)*N66 -> 6 | P66: =L66*N66 -> 21.7 | Q66: =M66*N66 -> 1.7
A67: 20 | B67: А500С | C67: 10 | D67: 4 | E67: 2 | F67: 1.2 | G67: 2 | L67: =D67*E67+F67*G67+H67*I67+J67*K67 -> 10.4 | M67: =Исходные!$B$12-L67 -> 1.3 | N67: 1 | O67: =(E67+G67+I67+K67)*N67 -> 4 | P67: =L67*N67 -> 10.4 | Q67: =M67*N67 -> 1.3
A68: 20 | B68: А500С | C68: 11 | D68: 4 | E68: 2 | L68: =D68*E68+F68*G68+H68*I68+J68*K68 -> 8 | M68: =Исходные!$B$12-L68 -> 3.7 | N68: 56 | O68: =(E68+G68+I68+K68)*N68 -> 112 | P68: =L68*N68 -> 448 | Q68: =M68*N68 -> 207.2
A69: 20 | B69: А500С | C69: 12 | D69: 3.785 | E69: 1 | L69: =D69*E69+F69*G69+H69*I69+J69*K69 -> 3.785 | M69: =Исходные!$B$12-L69 -> 7.915 | N69: 1 | O69: =(E69+G69+I69+K69)*N69 -> 1 | P69: =L69*N69 -> 3.785 | Q69: =M69*N69 -> 7.915
A70: 18 | B70: А500С | C70: 1 | D70: 11.7 | E70: 1 | L70: =D70*E70+F70*G70+H70*I70+J70*K70 -> 11.7 | M70: =Исходные!$B$12-L70 -> 0 | N70: 26 | O70: =(E70+G70+I70+K70)*N70 -> 26 | P70: =L70*N70 -> 304.2 | Q70: =M70*N70 -> 0
A71: 18 | B71: А500С | C71: 2 | D71: 1.95 | E71: 6 | L71: =D71*E71+F71*G71+H71*I71+J71*K71 -> 11.7 | M71: =Исходные!$B$12-L71 -> 0 | N71: 4 | O71: =(E71+G71+I71+K71)*N71 -> 24 | P71: =L71*N71 -> 46.8 | Q71: =M71*N71 -> 0
A72: 18 | B72: А500С | C72: 3 | D72: 4.144 | E72: 2 | F72: 1.95 | G72: 1 | H72: 1.45 | I72: 1 | L72: =D72*E72+F72*G72+H72*I72+J72*K72 -> 11.688 | M72: =Исходные!$B$12-L72 -> 0.012 | N72: 5 | O72: =(E72+G72+I72+K72)*N72 -> 20 | P72: =L72*N72 -> 58.44 | Q72: =M72*N72 -> 0.06
A73: 18 | B73: А500С | C73: 4 | D73: 1.45 | E73: 8 | L73: =D73*E73+F73*G73+H73*I73+J73*K73 -> 11.6 | M73: =Исходные!$B$12-L73 -> 0.1 | N73: 1 | O73: =(E73+G73+I73+K73)*N73 -> 8 | P73: =L73*N73 -> 11.6 | Q73: =M73*N73 -> 0.1
A74: 18 | B74: А500С | C74: 5 | D74: 8.944 | E74: 1 | F74: 2.388 | G74: 1 | L74: =D74*E74+F74*G74+H74*I74+J74*K74 -> 11.332 | M74: =Исходные!$B$12-L74 -> 0.368 | N74: 8 | O74: =(E74+G74+I74+K74)*N74 -> 16 | P74: =L74*N74 -> 90.656 | Q74: =M74*N74 -> 2.944
A75: 18 | B75: А500С | C75: 6 | D75: 1.95 | E75: 5 | F75: 1.45 | G75: 1 | L75: =D75*E75+F75*G75+H75*I75+J75*K75 -> 11.2 | M75: =Исходные!$B$12-L75 -> 0.5 | N75: 1 | O75: =(E75+G75+I75+K75)*N75 -> 6 | P75: =L75*N75 -> 11.2 | Q75: =M75*N75 -> 0.5
A76: 18 | B76: А500С | C76: 7 | D76: 1.45 | E76: 6 | F76: 1.2 | G76: 2 | L76: =D76*E76+F76*G76+H76*I76+J76*K76 -> 11.1 | M76: =Исходные!$B$12-L76 -> 0.6 | N76: 1 | O76: =(E76+G76+I76+K76)*N76 -> 8 | P76: =L76*N76 -> 11.1 | Q76: =M76*N76 -> 0.6
A77: 18 | B77: А500С | C77: 8 | D77: 8.944 | E77: 1 | F77: 1.95 | G77: 1 | L77: =D77*E77+F77*G77+H77*I77+J77*K77 -> 10.894 | M77: =Исходные!$B$12-L77 -> 0.806 | N77: 2 | O77: =(E77+G77+I77+K77)*N77 -> 4 | P77: =L77*N77 -> 21.788 | Q77: =M77*N77 -> 1.612
A78: 18 | B78: А500С | C78: 9 | D78: 1.2 | E78: 9 | L78: =D78*E78+F78*G78+H78*I78+J78*K78 -> 10.8 | M78: =Исходные!$B$12-L78 -> 0.9 | N78: 4 | O78: =(E78+G78+I78+K78)*N78 -> 36 | P78: =L78*N78 -> 43.2 | Q78: =M78*N78 -> 3.6
A79: 18 | B79: А500С | C79: 10 | D79: 1.2 | E79: 4 | L79: =D79*E79+F79*G79+H79*I79+J79*K79 -> 4.8 | M79: =Исходные!$B$12-L79 -> 6.9 | N79: 1 | O79: =(E79+G79+I79+K79)*N79 -> 4 | P79: =L79*N79 -> 4.8 | Q79: =M79*N79 -> 6.9
A80: 16 | B80: А500С | C80: 1 | D80: 11.7 | E80: 1 | L80: =D80*E80+F80*G80+H80*I80+J80*K80 -> 11.7 | M80: =Исходные!$B$12-L80 -> 0 | N80: 26 | O80: =(E80+G80+I80+K80)*N80 -> 26 | P80: =L80*N80 -> 304.2 | Q80: =M80*N80 -> 0
A81: 16 | B81: А500С | C81: 2 | D81: 9.45 | E81: 1 | F81: 2.25 | G81: 1 | L81: =D81*E81+F81*G81+H81*I81+J81*K81 -> 11.7 | M81: =Исходные!$B$12-L81 -> 0 | N81: 2 | O81: =(E81+G81+I81+K81)*N81 -> 4 | P81: =L81*N81 -> 23.4 | Q81: =M81*N81 -> 0
A82: 16 | B82: А500С | C82: 3 | D82: 1.95 | E82: 6 | L82: =D82*E82+F82*G82+H82*I82+J82*K82 -> 11.7 | M82: =Исходные!$B$12-L82 -> 0 | N82: 5 | O82: =(E82+G82+I82+K82)*N82 -> 30 | P82: =L82*N82 -> 58.5 | Q82: =M82*N82 -> 0
A83: 16 | B83: А500С | C83: 4 | D83: 3.3 | E83: 1 | F83: 3 | G83: 2 | H83: 2.356 | I83: 1 | L83: =D83*E83+F83*G83+H83*I83+J83*K83 -> 11.656 | M83: =Исходные!$B$12-L83 -> 0.044 | N83: 1 | O83: =(E83+G83+I83+K83)*N83 -> 4 | P83: =L83*N83 -> 11.656 | Q83: =M83*N83 -> 0.044
A84: 16 | B84: А500С | C84: 5 | D84: 2.9 | E84: 4 | L84: =D84*E84+F84*G84+H84*I84+J84*K84 -> 11.6 | M84: =Исходные!$B$12-L84 -> 0.1 | N84: 3 | O84: =(E84+G84+I84+K84)*N84 -> 12 | P84: =L84*N84 -> 34.8 | Q84: =M84*N84 -> 0.3
A85: 16 | B85: А500С | C85: 6 | D85: 2.9 | E85: 1 | F85: 2.25 | G85: 3 | H85: 1.95 | I85: 1 | L85: =D85*E85+F85*G85+H85*I85+J85*K85 -> 11.6 | M85: =Исходные!$B$12-L85 -> 0.1 | N85: 1 | O85: =(E85+G85+I85+K85)*N85 -> 5 | P85: =L85*N85 -> 11.6 | Q85: =M85*N85 -> 0.1
A86: 16 | B86: А500С | C86: 7 | D86: 1.95 | E86: 5 | F86: 1.85 | G86: 1 | L86: =D86*E86+F86*G86+H86*I86+J86*K86 -> 11.6 | M86: =Исходные!$B$12-L86 -> 0.1 | N86: 1 | O86: =(E86+G86+I86+K86)*N86 -> 6 | P86: =L86*N86 -> 11.6 | Q86: =M86*N86 -> 0.1
A87: 16 | B87: А500С | C87: 8 | D87: 1.45 | E87: 8 | L87: =D87*E87+F87*G87+H87*I87+J87*K87 -> 11.6 | M87: =Исходные!$B$12-L87 -> 0.1 | N87: 8 | O87: =(E87+G87+I87+K87)*N87 -> 64 | P87: =L87*N87 -> 92.8 | Q87: =M87*N87 -> 0.8
A88: 16 | B88: А500С | C88: 9 | D88: 4.95 | E88: 2 | F88: 1.6 | G88: 1 | L88: =D88*E88+F88*G88+H88*I88+J88*K88 -> 11.5 | M88: =Исходные!$B$12-L88 -> 0.2 | N88: 3 | O88: =(E88+G88+I88+K88)*N88 -> 9 | P88: =L88*N88 -> 34.5 | Q88: =M88*N88 -> 0.6
A89: 16 | B89: А500С | C89: 10 | D89: 1.45 | E89: 7 | F89: 1.25 | G89: 1 | L89: =D89*E89+F89*G89+H89*I89+J89*K89 -> 11.4 | M89: =Исходные!$B$12-L89 -> 0.3 | N89: 1 | O89: =(E89+G89+I89+K89)*N89 -> 8 | P89: =L89*N89 -> 11.4 | Q89: =M89*N89 -> 0.3
A90: 16 | B90: А500С | C90: 11 | D90: 1.85 | E90: 1 | F90: 1.6 | G90: 5 | H90: 1.45 | I90: 1 | L90: =D90*E90+F90*G90+H90*I90+J90*K90 -> 11.3 | M90: =Исходные!$B$12-L90 -> 0.4 | N90: 1 | O90: =(E90+G90+I90+K90)*N90 -> 7 | P90: =L90*N90 -> 11.3 | Q90: =M90*N90 -> 0.4
A91: 16 | B91: А500С | C91: 12 | D91: 8.928 | E91: 1 | F91: 2.356 | G91: 1 | L91: =D91*E91+F91*G91+H91*I91+J91*K91 -> 11.284 | M91: =Исходные!$B$12-L91 -> 0.416 | N91: 7 | O91: =(E91+G91+I91+K91)*N91 -> 14 | P91: =L91*N91 -> 78.988 | Q91: =M91*N91 -> 2.912
A92: 16 | B92: А500С | C92: 13 | D92: 2.25 | E92: 5 | L92: =D92*E92+F92*G92+H92*I92+J92*K92 -> 11.25 | M92: =Исходные!$B$12-L92 -> 0.45 | N92: 13 | O92: =(E92+G92+I92+K92)*N92 -> 65 | P92: =L92*N92 -> 146.25 | Q92: =M92*N92 -> 5.85
A93: 16 | B93: А500С | C93: 14 | D93: 1.25 | E93: 9 | L93: =D93*E93+F93*G93+H93*I93+J93*K93 -> 11.25 | M93: =Исходные!$B$12-L93 -> 0.45 | N93: 7 | O93: =(E93+G93+I93+K93)*N93 -> 63 | P93: =L93*N93 -> 78.75 | Q93: =M93*N93 -> 3.15
A94: 16 | B94: А500С | C94: 15 | D94: 8.928 | E94: 1 | F94: 2.3 | G94: 1 | L94: =D94*E94+F94*G94+H94*I94+J94*K94 -> 11.228 | M94: =Исходные!$B$12-L94 -> 0.472 | N94: 2 | O94: =(E94+G94+I94+K94)*N94 -> 4 | P94: =L94*N94 -> 22.456 | Q94: =M94*N94 -> 0.944
A95: 16 | B95: А500С | C95: 16 | D95: 8.928 | E95: 1 | F95: 2.25 | G95: 1 | L95: =D95*E95+F95*G95+H95*I95+J95*K95 -> 11.178 | M95: =Исходные!$B$12-L95 -> 0.522 | N95: 1 | O95: =(E95+G95+I95+K95)*N95 -> 2 | P95: =L95*N95 -> 11.178 | Q95: =M95*N95 -> 0.522
A96: 16 | B96: А500С | C96: 17 | D96: 3 | E96: 2 | F96: 2.9 | G96: 1 | H96: 2.25 | I96: 1 | L96: =D96*E96+F96*G96+H96*I96+J96*K96 -> 11.15 | M96: =Исходные!$B$12-L96 -> 0.55 | N96: 1 | O96: =(E96+G96+I96+K96)*N96 -> 4 | P96: =L96*N96 -> 11.15 | Q96: =M96*N96 -> 0.55
A97: 16 | B97: А500С | C97: 18 | D97: 3.6 | E97: 2 | F97: 3.3 | G97: 1 | L97: =D97*E97+F97*G97+H97*I97+J97*K97 -> 10.5 | M97: =Исходные!$B$12-L97 -> 1.2 | N97: 1 | O97: =(E97+G97+I97+K97)*N97 -> 3 | P97: =L97*N97 -> 10.5 | Q97: =M97*N97 -> 1.2
A98: 16 | B98: А500С | C98: 19 | D98: 1.25 | E98: 8 | L98: =D98*E98+F98*G98+H98*I98+J98*K98 -> 10 | M98: =Исходные!$B$12-L98 -> 1.7 | N98: 1 | O98: =(E98+G98+I98+K98)*N98 -> 8 | P98: =L98*N98 -> 10 | Q98: =M98*N98 -> 1.7
A99: 14 | B99: А500С | C99: 1 | D99: 11.7 | E99: 1 | L99: =D99*E99+F99*G99+H99*I99+J99*K99 -> 11.7 | M99: =Исходные!$B$12-L99 -> 0 | N99: 6 | O99: =(E99+G99+I99+K99)*N99 -> 6 | P99: =L99*N99 -> 70.2 | Q99: =M99*N99 -> 0
A100: 14 | B100: А500С | C100: 2 | D100: 4 | E100: 2 | F100: 3.7 | G100: 1 | L100: =D100*E100+F100*G100+H100*I100+J100*K100 -> 11.7 | M100: =Исходные!$B$12-L100 -> 0 | N100: 1 | O100: =(E100+G100+I100+K100)*N100 -> 3 | P100: =L100*N100 -> 11.7 | Q100: =M100*N100 -> 0
A101: 14 | B101: А500С | C101: 3 | D101: 1.45 | E101: 8 | L101: =D101*E101+F101*G101+H101*I101+J101*K101 -> 11.6 | M101: =Исходные!$B$12-L101 -> 0.1 | N101: 5 | O101: =(E101+G101+I101+K101)*N101 -> 40 | P101: =L101*N101 -> 58 | Q101: =M101*N101 -> 0.5
...

Sheet Проверки
A1: Проверки, чек-листы и сомнительные места
A3: ПРОВЕРКА НА ДВОЙНОЙ УЧЁТ
A4: Выпуски вертикалей Дм | B4: Каждый вертикальный стержень считан один раз длиной 4,0 м «стык–стык» (выпуск +800/+500 над +3.950 входит в стержень 1 этажа, нижний выпуск — в стержень подвала). ✔
A5: Колонны внутри Дм | B5: Колонны в составе Дм (А/2, А/4, Г/2, Г/3, Г/4) учтены ТОЛЬКО в Дм; отдельно посчитаны остальные 15 колонн. ✔
A6: Ригели и диафрагмы | B6: Продольные стержни ригелей проходят через Дм и считаны в ригелях; хомуты ригелей — только в пролётах в свету между гранями колонн и Дм; горизонтали Дм в зоне ригеля (600 мм) не ставились. ✔
A7: Ригели и С-1 | B7: В узле колонна–ригель хомутов ригеля и колонны нет — там С-1 (посчитаны отдельно). ✔
A8: Доп. зоны сеток vs основная сетка | B8: Доп. стержни АС-50/51 считаны отдельно от основной сетки Ø10/200 (это стержни сверх основной сетки). ✔
A9: Доп. нижние/верхние Ø12 и Ø10 в одной зоне | B9: 12 стержней Ø12 (по выноске) вычтены из числа Ø10 той же зоны (30 = 12 + 18). ✔
A10: Балки и сетка | B10: Сетка плиты проходит над ригелями и балками непрерывно (по проекту); продольные стержни и хомуты балок и ригелей — отдельные строки. ✔
A11: С-1 и хомуты колонн | B11: В зоне узла (630 мм) хомутов колонн нет — там С-1; хомуты колонн Дм считаны только в пределах этажа (зоны 100×12 + 200). ✔
A12: Нахлёсты | B12: Нахлёсты стыковки прутков 11,7 м добавлены отдельными строками только для Ø10/Ø14 длиной >11,7 м; в длинах основных позиций их нет. Для Ø≥20 — ванная сварка, нахлёст не добавлялся. ✔
A13: Вертикальные Ø18 Дм | B13: +8d (144 мм) к длине — один раз на стержень (один стык на этаж). ✔
A14: Доп. стержни «по 4Ø16 L=1600» Дм-3 у +3.950 | B14: Отнесены к 1 этажу (устанавливаются до бетонирования перекрытия +3.950); на 2 этаже их не считать. ⚠
A15: Короткие стержни сетки < 300 мм | B15: Отрезки сетки в полосах 200–300 мм между проёмами (зона балок 4-4) не включены — там работает арматура балок.
A17: УЧТЕНО (чек-лист)
A18: ☑ нижняя арматура | B18: сетка плиты низ X и Y, доп. нижние зоны АС-50, нижние стержни балок
A19: ☑ верхняя | B19: сетка верх X и Y, доп. верхние зоны АС-51 (в т.ч. Ø12), верхние стержни балок, 1Ø20 L=3000
A20: ☑ направление X / Y | B20: каждая сетка — отдельными строками по X и по Y
A21: ☑ дополнительные зоны | B21: 16 зон верх, 5 зон низ — число стержней по штриховке (шаг 200)
A22: ☑ проёмы | B22: проёмы лестницы/лифта О1…О4 вычтены из сетки; обрамление — балки 2-2, 4-4, 5-5
A23: ☑ выпуски | B23: выпуски вертикалей Дм (в длине 4,0 м); выпуски для лестниц/ЛРМ (АС-55 прим.10) — не детализированы в проекте
A24: ☑ нахлёсты | B24: только при длине >11,7 м (Ø10: 400, Ø14: 560 мм); Ø18 Дм — 8d
A25: ☑ анкеровка | B25: балки — до наружной грани ригеля (узел «1», 425 мм); горизонтали Дм — до торцов (П-стержни поз.14)
A26: ☑ хомуты | B26: колонны Дм (поз.10, 11), торцевые элементы Дм (12*, 15/15*), балки (поз.10–13 АС-58) по зонам шага
A27: ☑ шпильки | B27: Дм поз.13 ш.400 шахм.; плита Ø8 ш.800 шахм. (длина принята)
A28: ☑ углы | B28: угловые Г-стержни Ø18 L=1200 (узлы Б, В, Г)
A29: ☑ пересечения | B29: сгущение хомутов 100×3 у пересечений балок (узел «Д»)
... A34: ☒ спецификация/ведомость расхода стали | B34: Не обнаружено в предоставленных чертежах — сравнение невозможно
A36: СОМНИТЕЛЬНЫЕ МЕСТА / ТРЕБУЕТ ПРОВЕРКИ
A37: 1. Симметричные стержни Дм (АС-34…41, сечения 1-1) | B37: Выносками подписана только одна грань (напр. «6Ø28» на 6 из 11 стержней торцевого элемента). Симметричные стержни без выноски УЧТЕНЫ по тому же диаметру. Если проектировщик имел в виду иное — масса меньше на ≈1 621 кг (Ø28 −49 шт, Ø25 −18, Ø22 −18, Ø20 −15, Ø18 −4).
A38: 2. ОБНАРУЖЕНО ПРОТИВОРЕЧИЕ: поз.12* Дм | B38: лист АС-34…41 (сечения) показывает «12* хом.Ø10 А240»; лист АС-42 (ведомость деталей) — «12,(12*) Хомут Ø8 А240 L=1560». Принято Ø10 по сечению. Требуется уточнение.
A39: 3. ОБНАРУЖЕНО ПРОТИВОРЕЧИЕ: масса С-1 | B39: лист АС-30 указывает «вес 4,22 кг»; по геометрии 7Ø10 × 0,57 м = 3,99 м × 0,617 = 2,46 кг. Принято по геометрии. При массе 4,22 кг итог С-1 был бы 1 013 кг вместо 591 кг.
A40: 4. Количество С-1 | B40: «установить попарно шаг 90» в узле высотой 630 (зона 500 мм между верхними и нижними стержнями ригеля) → 6 ярусов × 2 = 12 шт/узел; на чертеже узла условно показано 5 линий (→10 шт). Узлов на +3.950 — 20 (все колонны сетки 5×4, вкл. 5 колонн в Дм; на узлах «5» и «7» выноски С-1 нет, но изображение то же).
A41: 5. Горизонтальные стержни Дм | B41: Длина в проекте не указана — принята = длина стены по наружным граням − 2×25 мм (совпадает с L доп. стержней тех же стен 1950/1250/1450). Ряды — по цепочке «200x16+100» (18 рядов), в зоне ригеля 600 мм не ставятся.
A42: 6. Шпильки Дм поз.13 «ш.400 в шахм. порядке» | B42: Принято: показанные на сечении места × 9 рядов (каждый 2-й горизонтальный ряд). Шпильки внутри торцевых элементов отнесены к поз.13.
A43: 7. Фиксаторы Ф-1 и шпильки плиты | B43: Длины в проекте не указаны: приняты 0,42 м (Ф-1 Ø10) и 0,22 м (шп. Ø8); количество — площадь / 0,64 м² (сетка 800×800). Уточнить у проектировщика/по ППР.
A44: 8. Угловые Ø18 L=1200 (узлы Б, В, Г) | B44: Узлы обозначены на плане выборочно; принято по всем аналогичным местам: Б — 11, Г — 8 (по 2 стержня), В — 1 (4 стержня) = 42 шт.
A45: 9. Полоса 200 мм между проёмами О2/О3 (АС-47) | B45: Сечение не указано — принята балка 4-4 (200×300, 2Ø20+2Ø20).
A46: 10. Балка 4-4 под ригелем В (оси 3–4, Y≈12 965) | B46: Принята по плану АС-47 (сечение 4-4), длина 3400 + анкеровка.
A47: 11. Привязка контура плиты | B47: Края: по оси Г — +450 (до X=20 300), далее +300; по оси 5 — +450; по осям 1 и А — по грани ригеля (225 мм). Низ проёмов О2/О4 и верх эркера Э2 — В+200 (по размеру 425 на АС-47).
A48: 12. Лестница ЛВ-1 | B48: Листов КЖ лестницы в PDF нет (на АС-59 лестница показана только в плане). Подсчёт не выполнен — нужен лист с ЛВ-1 и ведомостью.
... A58: 22. Рама «1, 5» | B58: Лист АС-24 — одна рама на две оси; посчитана ×2.
A60: ФИНАЛЬНЫЙ АУДИТ
A61: Все листы по конструкциям просмотрены? | B61: Да: Дм — АС-19, 28, 32, 34–42; колонны и ригели — АС-19…33; плита — АС-47, 50, 51, 55–58; С-1 — АС-29–31. ЛВ-1 — листов нет.
A62: Стержни «4 подписано, а их 8»? | B62: Да — проверено по каждому сечению Дм, симметричные добавлены (п.1 сомнительных мест).
A63: Оба направления, верх и низ сетки? | B63: Да — 4 группы строк (низ X, низ Y, верх X, верх Y).
A64: Доп. сетки? | B64: Да — 21 зона по АС-50/51 + 4 доп. Ø20 по АС-47.
A65: Нахлёсты только где нужны? | B65: Да — Ø10/Ø14 >11,7 м; Ø≥20 встык; Ø18 Дм — 8d.
A66: Повторяющиеся элементы? | B66: Дм-1…5 по 1 шт.; колонн 1-1 — 15 (3+5+5+2 по буквенным осям); рам — 9 (А, Б, В, Г, 1, 2, 3, 4, 5; лист «1, 5» ×2); узлов С-1 — 20.
A67: Перевод м → кг? | B67: Формулой «Общая длина × кг/м» по таблице ГОСТ 34028 (лист «Исходные»); контроль на листах «1 этаж» и «потребность» (разница с ведомостью = 0).
A69: СРАВНЕНИЕ СО СПЕЦИФИКАЦИЕЙ (п.28)
A70: Мой расчёт, кг | B70: =Ведомость!P398 -> 31788.108
A71: Проект (ведомость расхода стали), кг | B71: в предоставленных листах отсутствует — сравнение не выполнено
A73: РАСШИФРОВКА ХОМУТОВ БАЛОК (по пролётам)
A74: Балка / сечение | B74: Чистый пролёт, мм | зона 100 у опор | пересечений | хомутов, шт
A75: VB1 (1-1) | B75: 6050 | 1000 (10×100) | 1 | 42
A76: VB1 (1-1) | B76: 6550 | 1000 (10×100) | 1 | 46
A77: VB1 (1-1) | B77: 6050 | 1000 (10×100) | 1 | 42
A78: VB2 (1-1) | B78: 6050 | 1000 (10×100) | 1 | 42
A79: VB2 (1-1) | B79: 6550 | 1000 (10×100) | 1 | 46
A80: VB2 (1-1) | B80: 6050 | 1000 (10×100) | 1 | 42
A81: VB4 (1-1) | B81: 6050 | 1000 (10×100) | 1 | 42
A82: VB4 (1-1) | B82: 6550 | 1000 (10×100) | 1 | 46
A83: VB4 (1-1) | B83: 6050 | 1000 (10×100) | 1 | 42
A84: VB3 (1-1) | B84: 6050 | 1000 (10×100) | 1 | 42
A85: VB3 (1-1) | B85: 6550 | 1000 (10×100) | 1 | 46
... A117: Э4 (3-3) | B117: 1475 | 700 (7×100) | 0 | 16
